"from_id","from_name","message","created_time","type","link","id","story","likes_count","comments_count","shares_count"
"106631626049851","Ted Poe","Enjoyed seeing all the TX-02 constituents up in D.C. this week! Lots of young Texans have been coming by the office to learn about our Nation's Capitol.","2017-06-23T15:50:28+0000","photo","https://www.facebook.com/JudgeTedPoe/photos/a.137207746325572.19816.106631626049851/1441496119230055/?type=3","106631626049851_1441497912563209","Ted Poe added 5 new photos.",49,6,0
"106631626049851","Ted Poe","For years, Pakistan has acted as a Benedict Arnold ally of the United States. From harboring Osama bin laden to backing the Taliban, Pakistan has stubbornly refused to go after, in any meaningful way, terrorists that actively seek to harm opposing ideologies. We must make a clean break with Pakistan, but at the very least, we should stop providing them the eligibility to obtain our own sophisticated weaponry in an expedited process granting them a privileged status reserved for our closest allies.","2017-06-22T18:27:46+0000","link","http://poe.house.gov/index.cfm?p=press-releases&id=D4A4598F-CB92-459D-9A60-43E87E5FD2B6","106631626049851_1440734562639544",NA,132,30,24
"106631626049851","Ted Poe","North Korea released Otto Warmbier last week after 17 months of imprisonment and torture. Otto returned home in a coma, never again to speak or see his parents. Yesterday, he died--murdered, actually--from brain damage because of the Korean beatings that he endured.  Little Kim has American blood on his hands. Give him and his outlaw regime the designation it deserves, a terrorist state.","2017-06-21T13:56:24+0000","video","https://www.facebook.com/JudgeTedPoe/videos/1439631289416538/","106631626049851_1439631289416538",NA,200,35,25
"106631626049851","Ted Poe","I’m in Spring Branch this morning -where I grew up! I enjoy hearing from constituents on the issues that matter most to the community. Great questions on flooding and flood prevention, social services, veterans issues, and human trafficking.","2017-06-20T15:08:11+0000","photo","https://www.facebook.com/JudgeTedPoe/photos/a.1438773996168934.1073741918.106631626049851/1438774046168929/?type=3","106631626049851_1438774046168929","Ted Poe added 8 new photos to the album: Spring Branch Community Roundtable — in Houston, Texas.",73,13,0
"106631626049851","Ted Poe","Our goal is to break the cycle of exploitation while restoring the lives of these innocent women and children. Our law enforcement must have the proper tools to prevent dastardly criminals from exploiting others, whether they be the buyer or seller. Modern day slavery has no place in America.","2017-06-19T16:48:31+0000","video","https://www.facebook.com/JudgeTedPoe/videos/1437841519595515/","106631626049851_1437841519595515",NA,146,9,39
"106631626049851","Ted Poe","Happy Father’s Day to the best man I’ve ever met, my dad Virgil Poe. I hope I turn out like him, the man I admire the most. To all the fathers out there, including my son Kurt, Happy Father’s Day!","2017-06-18T14:00:00+0000","photo","https://www.facebook.com/JudgeTedPoe/photos/a.137207746325572.19816.106631626049851/1424132840966383/?type=3","106631626049851_1424132840966383",NA,204,14,2
"106631626049851","Ted Poe","While it was a sad week in DC, it was nice to visit with some TX-2 neighbors at our nation's Capitol.","2017-06-16T20:58:12+0000","photo","https://www.facebook.com/JudgeTedPoe/photos/a.137207746325572.19816.106631626049851/1435012509878416/?type=3","106631626049851_1435017389877928","Ted Poe added 5 new photos.",44,6,0
"106631626049851","Ted Poe","Later today, the President is expected to announce changes to US policies on Cuba. Rolling back our recent progress will be unproductive and will only minimize our influence. Click here to read my thoughts on how to move the U.S. forward with Cuba:  http://thehill.com/blogs/congress-blog/foreign-policy/337868-moving-forward-not-back-the-us-cuba-relationship?rnd=1497480793","2017-06-16T15:17:47+0000","link","http://thehill.com/blogs/congress-blog/foreign-policy/337868-moving-forward-not-back-the-us-cuba-relationship?rnd=1497480793","106631626049851_1434726656573668",NA,121,50,18
"106631626049851","Ted Poe","Last night, Members of the Republican and Democratic congressional baseball teams paused for prayer before the start of the charity congressional baseball game at Nationals Park.  (Great picture by Win McNamee/Getty Images)","2017-06-16T13:51:22+0000","photo","https://www.facebook.com/JudgeTedPoe/photos/a.137207746325572.19816.106631626049851/1434652986581035/?type=3","106631626049851_1434652986581035",NA,96,8,5
"106631626049851","Ted Poe","This morning, James T. Hodgkinson of Illinois opened fire at the Republican team’s practice for the congressional baseball game, a nearly 100 year old bipartisan charity event that raises hundreds of thousands of dollars. This attack was deliberate, and Republican Members of Congress and their staffs were the targets. Five people were wounded: Majority Whip Steve Scalise of Louisiana, Zachary Barth with Rep. Roger Williams (TX-25), Matt Mika, Special Agent David Bailey, and Special Agent Crystal Greiner. If it wasn’t for the Capitol Police Officers who were at the baseball practice as part of Whip Scalise’s security detail, many lives could have been lost today. Those officers are heroes. I commend the Capitol Police Department, Alexandria Police Department, and first responders who helped treat the wounded, and I am grateful for their service. I continue to pray for the swift recovery of those wounded this morning.  No Member of Congress will be deterred from their service to this nation because of this morning’s attack. We need to put the hostile and inflammatory rhetoric aside and debate issues in a civil manner. We all stand united in shock and horror, but we are united to continue our service to this nation that we all love.","2017-06-14T16:38:24+0000","status",NA,"106631626049851_1432867176759616",NA,458,75,91
"106631626049851","Ted Poe","I'm horrified by the act of violence against Majority Whip Steve Scalise and several others this morning. Please keep them all in your prayers.    https://www.washingtonpost.com/local/public-safety/multiple-people-injured-after-shooting-in-alexandria/2017/06/14/0289c768-50f6-11e7-be25-3a519335381c_story.html?hpid=hp_no-name_no-name%3Apage%2Fbreaking-news-bar&tid=a_breakingnews&utm_term=.9c96bddfd099","2017-06-14T12:20:59+0000","link","https://www.washingtonpost.com/local/public-safety/multiple-people-injured-after-shooting-in-alexandria/2017/06/14/0289c768-50f6-11e7-be25-3a519335381c_story.html?hpid=hp_no-name_no-name%3Apage%2Fbreaking-news-bar&tid=a_breakingnews&utm_term=.9c96bddfd099","106631626049851_1432670706779263",NA,82,29,29
"106631626049851","Ted Poe","It was great to visit with the Nebeker, Taylor, and Brownewell families from TX-2 in my DC office this morning.  If you're heading to DC soon and would like to request a tour of the U.S. Capitol, White House, Supreme Court, Library of Congress, or Bureau of Engraving & Printing, please click here: https://poe.house.gov/tour-requests","2017-06-13T20:00:14+0000","photo","https://www.facebook.com/JudgeTedPoe/photos/a.137207746325572.19816.106631626049851/1432102470169420/?type=3","106631626049851_1432106953502305","Ted Poe added 3 new photos.",48,6,5
"106631626049851","Ted Poe","Please join me in welcoming Viviana as the Second District's Veterans' Liasion. As a veteran herself who served in the US Navy and US Navy Reserves and who deployed to Afghanistan, Viviana is committed to ensuring that our military and veteran constituents have access to the federal government and the care that they deserve and earned.   Read more here: http://poe.house.gov/press-releases?ID=8CB37F86-2502-4EB7-8788-6526C545E038","2017-06-12T18:58:02+0000","link","http://poe.house.gov/press-releases?ID=8CB37F86-2502-4EB7-8788-6526C545E038","106631626049851_1431200203592980",NA,159,14,9
"106631626049851","Ted Poe","U.S., West Must Do More to Deny Terrorists Access to Online Social Media  Read my OpEd in The Cipher Brief here: https://www.thecipherbrief.com/article/exclusive/us-west-must-do-more-deny-terrorists-access-online-social-media-1089","2017-06-12T14:43:56+0000","link","https://www.thecipherbrief.com/article/exclusive/us-west-must-do-more-deny-terrorists-access-online-social-media-1089","106631626049851_1431024846943849",NA,18,5,2
"106631626049851","Ted Poe","Great to see Klein ISD 8th grade students here in D.C. What an awesome opportunity for these young Texans to learn about our history and government!","2017-06-08T20:02:03+0000","photo","https://www.facebook.com/JudgeTedPoe/photos/a.137207746325572.19816.106631626049851/1427256453987355/?type=3","106631626049851_1427256453987355",NA,91,12,11
"106631626049851","Ted Poe","Always great to see constituents here in D.C. visiting our nation's Capitol!","2017-06-08T15:36:39+0000","photo","https://www.facebook.com/JudgeTedPoe/photos/a.137207746325572.19816.106631626049851/1427050430674624/?type=3","106631626049851_1427056350674032","Ted Poe added 4 new photos.",49,10,2
"106631626049851","Ted Poe","Yesterday, Congresswoman Ann Wagner and I  introduced H.R. 2803, the Abolish Human Trafficking Act. Our goal is to break the cycle of exploitation while restoring the lives of these innocent women and children. Modern day slavery has no place in America.","2017-06-08T13:54:15+0000","link","http://poe.house.gov/index.cfm?p=press-releases&id=F124C9BC-C758-436B-B97E-E415F2957075","106631626049851_1426963827349951",NA,144,11,28
"106631626049851","Ted Poe","Thanks to all of our North Hollow neighbors, the FAA, Houston Airport System and City of Humble officials that came out to discuss noise mitigation yesterday.","2017-06-07T22:12:04+0000","photo","https://www.facebook.com/JudgeTedPoe/photos/a.137207746325572.19816.106631626049851/1426266904086310/?type=3","106631626049851_1426266904086310",NA,26,9,1
"106631626049851","Ted Poe","Last night the House passed a resolution condemning the terrorist attacks in Manchester. Free countries cannot and must not tolerate these attacks and must not ever accept these attacks as the norm.","2017-06-07T19:21:55+0000","video","https://www.facebook.com/JudgeTedPoe/videos/1426168404096160/","106631626049851_1426168404096160",NA,75,29,10
"106631626049851","Ted Poe","Enjoyed the North Harris County Criminal Justice Breakfast yesterday morning!","2017-06-07T18:48:47+0000","photo","https://www.facebook.com/JudgeTedPoe/photos/a.756234984422842.1073741847.106631626049851/1426131874099813/?type=3","106631626049851_1426136114099389","Ted Poe added 2 new photos.",42,11,2
"106631626049851","Ted Poe","Congratulations to TX-02's students who have received offers of appointment into our nation's U.S. Service Academies. As these students prepare to enter the academies and honorably serve their country, I wish them the absolute best and know that they will continue to make their families, friends, community and Texas proud.  U.S. Air Force Academy: Jiyeon Mbajonas – Klein High School Erica Jeffress - Atascocita High School Brandon Malone - Atascocita High School   U.S. Military Academy: Maxwell Gay - Northland Christian High School Bryce Milton- Klein Oak High School   U.S. Naval Academy: Meghan Gerdes - Klein Oak High School Lindsey Grace Donaldson - Jersey Village High School Isaac Banani- Spring High School  (Spring ISD, Klein ISD, Humble Independent School District, Northland Christian School, Jersey Village High School)","2017-06-01T13:41:12+0000","photo","https://www.facebook.com/JudgeTedPoe/photos/a.137207746325572.19816.106631626049851/1419355401444127/?type=3","106631626049851_1419355401444127",NA,94,6,12
"106631626049851","Ted Poe","The Crime Victims Fund is the lifeblood of victim service providers. In 1984, Congress created a law that established the Crime Victims Fund to support victims of crime. Since then, convicted federal felons who are assessed fees and fines must pay into the Crime Victims Fund. With this money in this fund victim service providers do important work, helping victims heal, cope and persevere after a crime. H.R. 818 will help protect these funds, ensuring that these funds cannot be spent on unrelated programs. Congress must act now to ensure that this fund – paid into by criminals – is used for its intended purpose: to help restore victims.","2017-05-31T20:18:58+0000","video","https://www.facebook.com/JudgeTedPoe/videos/1418745584838442/","106631626049851_1418745584838442",NA,52,9,47
"106631626049851","Ted Poe","""For years, neighbors have contacted me complaining about this government intrusion and harassment and their fear that if they don’t comply, they will face a criminal penalty. The American Community Survey Act is an unnecessary waste and an abuse of government power.""","2017-05-30T15:12:54+0000","link","https://medium.com/@JudgeTedPoe/eyes-of-big-brother-the-american-community-survey-act-e4038334eb3b","106631626049851_1417540114958989",NA,41,22,13
"106631626049851","Ted Poe","Today, May 29, 2017 we celebrate Memorial Day, a day to honor those who have defended and protected the rest of us by giving their lives to this great nation. Please join me in thanking all those who died in the line of duty by watching my Memorial Day message","2017-05-29T14:00:00+0000","video","https://www.facebook.com/JudgeTedPoe/videos/1414030701976597/","106631626049851_1414030701976597",NA,310,22,116
"106631626049851","Ted Poe","Two years ago tomorrow, the Justice for Victims of Trafficking Act was signed into law. Hearing the message of those that interact with trafficking victims- law enforcement, educators, medical professionals, and others- I teamed up with Sen. John Cornyn, Sen. Amy Klobuchar, and Rep. Carolyn Maloney to write a bill using the survivor experience to guide us. JVTA has done a lot to change the mindset regarding trafficking in this country and has already had incredible success. Still, there is still more to be done.","2017-05-28T14:00:00+0000","photo","https://www.facebook.com/JudgeTedPoe/photos/a.137207746325572.19816.106631626049851/1414042231975444/?type=3","106631626049851_1414042231975444",NA,42,1,13
"106631626049851","Ted Poe","Nolan Bruder took advantage of his sister's intoxicated state- sexually assaulting the 16-year-old. California Judge Follett sentenced him to a mere 240 days in prison. Judge Follett got it wrong.","2017-05-25T17:33:27+0000","video","https://www.facebook.com/JudgeTedPoe/videos/1413151972064470/","106631626049851_1413151972064470",NA,88,33,126
"106631626049851","Ted Poe","At 6:30 PM Congresswoman Ann Wagner and I will be hosting a special order in recognition of ""Combatting Trafficking and Child Protection Week"" in the United States House of Representatives. Tune in below!","2017-05-24T22:15:00+0000","link","https://www.c-span.org/video/?428878-101%2Fus-house-meets-legislative-business&live","106631626049851_1412434352136232",NA,28,7,0
"106631626049851","Ted Poe","Honored to have met Lt. James ""Jim"" Downing this morning at the World War II Memorial. At 103 years young he is believed to be the oldest Pearl Harbor veteran.","2017-05-24T17:04:34+0000","photo","https://www.facebook.com/JudgeTedPoe/photos/a.137207746325572.19816.106631626049851/1412226485490352/?type=3","106631626049851_1412226485490352","Ted Poe at National World War I Memorial (Washington, D.C.).",232,13,31
"106631626049851","Ted Poe","Turkish President Erdogan brought his brutal crackdown on human rights to Washington, D.C. For years, Erdogan has attacked Turkey’s democratic institutions, undermined the rule of law, and violated Turkish civil liberties. This type of behavior is unacceptable.","2017-05-23T14:23:06+0000","video","https://www.facebook.com/JudgeTedPoe/videos/1411280042251663/","106631626049851_1411280042251663",NA,159,29,145
"106631626049851","Ted Poe","BREAKING: A large explosion has killed at least 19 and injured 50 more at a concert in northern England. Terrorism is suspected. Prayers and solidarity are with England. #PrayForManchester","2017-05-23T01:02:00+0000","link","https://apnews.com/0f33c32bf8974f17865e77a8d77b6d63/The-Latest:--Police-say-19-killed-in-blast-at-Grande-concert?utm_campaign=SocialFlow&utm_source=Twitter&utm_medium=AP","106631626049851_1410762142303453",NA,23,6,6
"106631626049851","Ted Poe","Speaking to juniors at Klein Collins High School","2017-05-22T14:22:24+0000","video","https://www.facebook.com/JudgeTedPoe/videos/1410360455676955/","106631626049851_1410360455676955","Ted Poe was live.",112,53,9
"106631626049851","Ted Poe","Thank you to the men and women who serve our great nation.","2017-05-20T14:00:00+0000","photo","https://www.facebook.com/JudgeTedPoe/photos/a.137207746325572.19816.106631626049851/1407491512630516/?type=3","106631626049851_1407491512630516",NA,77,2,51
"106631626049851","Ted Poe","This National Police Week we honor the brave men and women who put on the uniform, pin on the badge and place themselves in harm’s way each day to protect our community. In 2016, Texas lost 21 of America's men and women in blue.","2017-05-19T15:02:07+0000","video","https://www.facebook.com/JudgeTedPoe/videos/1407495169296817/","106631626049851_1407495169296817",NA,50,12,16
"106631626049851","Ted Poe",NA,"2017-05-18T16:21:41+0000","photo","https://www.facebook.com/JudgeTedPoe/photos/a.1406651929381141.1073741917.106631626049851/1406655609380773/?type=3","106631626049851_1406655609380773","Ted Poe added 141 new photos to the album: North Houston Police Memorial Ceremony — at Humble Civic Center & Arena Complex.",60,11,1
"106631626049851","Ted Poe","POLICY REMINDER:  Thank you for following Congressman Ted Poe on Facebook. On this page, we will provide regular updates about his activities in Washington and back home in Texas. Please note that comments posted by users do not necessarily reflect the views of Congressman Poe or his office. We reserve the right to delete user comments that include profanity, name-calling, threats, personal attacks or other inappropriate comments or material at our discretion. Inappropriate content includes, but is not limited to, any content that:  - Is libelous or defamatory - Degrades others on the basis of race, color, religion, sex, national origin, disability, military status, age, or any other protected categories - Violates any local, state, or federal law - Contains or advocates illegal or violent acts - Is predatory, hateful, or intended to intimidate or harass - Contains advertising or solicitation of any kind - Misrepresents the commenter’s identity   We reserve the right to block users who violate any of our posting standards or any other policies governing this site. By posting a comment on this site, you agree to allow the Office of Congressman Ted Poe to reprint your comment in all forms of media at any time.   If you believe a commenter has violated our rules, please contact us by emailing facebook_comments@mail.house.gov.   We reserve the right to block any user who violates this policy or any other policies governing this site. By posting on this page, you accept and agree to abide by this policy.","2017-05-18T00:39:20+0000","status",NA,"106631626049851_1406190086093992",NA,118,32,0
"106631626049851","Ted Poe","BREAKING: Justice Dept. to appoint special prosecutor for Russia probe Former FBI Director Robert Mueller will oversee the probe into Russia's alleged involvement in the 2016 presidential election.","2017-05-17T22:11:32+0000","link","http://www.politico.com/story/2017/05/17/justice-dept-to-appoint-special-prosecutor-for-russia-probe-238524","106631626049851_1406121979434136",NA,101,77,9
"106631626049851","Ted Poe","This morning I released the following statement regarding the memo by former FBI Director James Comey:","2017-05-17T14:51:35+0000","photo","https://www.facebook.com/JudgeTedPoe/photos/a.137207746325572.19816.106631626049851/1405781396134861/?type=3","106631626049851_1405781396134861",NA,102,64,17
"106631626049851","Ted Poe","Enjoyed speaking to the 8th grade graduates at Huffman Middle School last night. A great group of young Texans with bright futures ahead!","2017-05-16T20:25:50+0000","photo","https://www.facebook.com/JudgeTedPoe/photos/a.137207746325572.19816.106631626049851/1405057096207291/?type=3","106631626049851_1405057096207291","Ted Poe at Huffman Middle.",64,23,0
"106631626049851","Ted Poe","Enjoyed chatting with Radio Saigon Houston - 900AM and the Vietnamese-American community yesterday!","2017-05-16T18:08:49+0000","photo","https://www.facebook.com/JudgeTedPoe/photos/a.137207746325572.19816.106631626049851/1404986962880971/?type=3","106631626049851_1404986962880971",NA,31,10,0
"106631626049851","Ted Poe","North Houston Police Memorial Ceremony","2017-05-16T14:02:57+0000","video","https://www.facebook.com/JudgeTedPoe/videos/1404815662898101/","106631626049851_1404815662898101","Ted Poe was live.",64,39,22
"106631626049851","Ted Poe","The ramifications of the Syrian crisis will plague the Middle East and the international community for years to come. One of its often overlooked, but dangerous consequences is the increasing strength of Hezbollah, Iran’s Lebanon-based anti-American proxy notorious for its terrorist activity.   Read More below:","2017-05-15T21:55:42+0000","link","https://medium.com/@JudgeTedPoe/a-growing-threat-hezbollah-81b73635a773","106631626049851_1404202242959443",NA,33,27,10
"106631626049851","Ted Poe","Tomorrow I will be hosting the 3rd Annual North Houston Police Memorial Ceremony in special recognition of those Texas law enforcement officers who have lost their lives in the line of duty and in honor our heroes currently serving. Law enforcement agencies from across Harris County will be represented. I look forward to seeing you all there.   Tuesday, May 16th 9:00 AM - 10:00 AM Humble Civic Center  8233 Will Clayton Parkway  Humble, Texas 77338","2017-05-15T15:04:13+0000","photo","https://www.facebook.com/JudgeTedPoe/photos/a.137207746325572.19816.106631626049851/1403910789655255/?type=3","106631626049851_1403910789655255",NA,56,7,7
"106631626049851","Ted Poe","Happy Mothers Day to my mother Dorrace!","2017-05-14T14:00:00+0000","photo","https://www.facebook.com/JudgeTedPoe/photos/a.137207746325572.19816.106631626049851/1398225453557122/?type=3","106631626049851_1398225780223756","Ted Poe added 2 new photos.",214,10,4
"106631626049851","Ted Poe","Had a great time speaking to students from Spring Woods High School this morning!","2017-05-12T19:04:53+0000","photo","https://www.facebook.com/JudgeTedPoe/photos/a.756234984422842.1073741847.106631626049851/1401204243259243/?type=3","106631626049851_1401206819925652","Ted Poe added 3 new photos.",58,14,0
"106631626049851","Ted Poe","Enjoyed talking with neighbors in Humble last night!","2017-05-12T14:04:39+0000","photo","https://www.facebook.com/JudgeTedPoe/photos/a.756234984422842.1073741847.106631626049851/1400997916613209/?type=3","106631626049851_1400997943279873","Ted Poe added 3 new photos.",129,34,2
"106631626049851","Ted Poe","Despite critics’ claims, the GOP health bill doesn’t classify rape or sexual assault as a preexisting condition.   Read more below:","2017-05-07T20:17:13+0000","link","https://www.washingtonpost.com/news/fact-checker/wp/2017/05/06/no-the-gop-health-bill-doesnt-classify-rape-or-sexual-assault-as-a-preexisting-condition/?utm_term=.2aa858c5ca73","106631626049851_1396663043713363",NA,55,61,30
"106631626049851","Ted Poe","CONGRESSMAN POE'S STATEMENT ON THE AMERICAN HEALTH CARE ACT  WASHINGTON, D.C.—Today Congressman Ted Poe (TX-02) issued the following statement on the passage of H.R. 1628, the American Health Care Act (AHCA).   “Seven years ago, President Obama signed Obamacare into law, promising government health care for all, a fraudulent entitlement that he knew could not be delivered. In the years since, the Affordable Care Act has failed and imploded faster than anyone ever imagined. Skyrocketing premiums, lower quality of care and job killing regulations are just a few of the ways Obamacare has burdened individuals and businesses. This law is not sustainable, and doing nothing is not an option, so today we voted to repeal the failing Obamacare system and replace it with one that offers affordable, quality care. This repeal and replace legislation is a step in the right direction with further administrative reforms and separate legislation also needed down the road.  I supported the bill for a number of reasons:  For starters, this bill helps to make premiums affordable for everyone by providing tax credits. Texas has the highest number of uninsured Americans of any state in the nation. Millions of Texans lack health insurance because they either can’t afford to purchase it or they are not covered by an employer. This legislation provides the uninsured with an opportunity to buy health insurance in an affordable way with tax credits if they choose to do so This bill also sets aside $85 billion dollars for the purpose of providing tax credits for Americans over 50 who are not insured by an employer or on Medicaid to help them buy insurance that they may not be able to afford otherwise.     The American Health Care Act empowers individuals to make their own decision on whether or not they want to purchase health insurance. In my opinion, the individual mandate is unconstitutional. This bill removes that. Furthermore, it eliminates the employer mandate, which required employers to purchase health insurance for their workers or pay a penalty and which has forced businesses to not create new jobs, fire employees, or even close their doors.  Contrary to the heated, false rhetoric, this bill protects Americans with pre-existing conditions by ensuring that health insurers cannot deny coverage to people solely because of a pre-existing condition. As a cancer patient myself, I know the importance of this, and I know how important it is for the 27% of Americans with preexisting conditions.  The bill also includes a provision that prevents insurance companies from charging higher premiums to individuals based on the fact that they have a pre-existing condition.  The legislation permits states to apply for a waiver of this prohibition through the Department of Health and Human Services, but only if the state has chosen to offer another coverage option, like risk-sharing pools or reinsurance. No matter what: no person can be charged more money based on a pre-existing condition if they maintain continuous insurance coverage. In fact, the legislation allocates $138 billion for risk-sharing programs which help protect those with preexisting conditions.  It also allows young Americans under age 26 to stay on their parents’ insurance plans.  Under Obamacare, the federal government seized the power to determine the ten essential health benefits that insurance companies were mandated to cover. This bill transfers that power to the states, who can apply for an exemption to these mandates if they have a high-risk insurance pool to help ensure coverage for their citizens. It also provides $15 billion in safeguards to cover coverage costs for mental health care, substance abuse, and/or maternity care.   The bill defunds Planned Parenthood and redirects $500 million to community health centers, which are spread across our district and the nation. These centers provide important women’s health and cancer screenings. The bill also expands tax-free health care savings accounts for those with high-deductible insurance plans. It doubles the amount that individuals can contribute to their accounts.  This bill gives Americans the choice over whether or not they buy health care, and it provides extensive resources and financial incentives for them to be able to do so.  Obamacare has failed; it is time for a new path forward driven by individuals and their doctors, not politicians in Washington. This bill is the first step forward on that path.”","2017-05-04T18:38:34+0000","status",NA,"106631626049851_1393632920683042","Ted Poe updated their status.",301,296,149
"106631626049851","Ted Poe","In 2013 Nick Castle, a 23-year-old Peace Corps volunteer teaching in rural China, fell violently ill, but no one recognized the severity of his symptoms and he passed away. A 2014 Peace Corps Inspector General report found that Nick was the victim of medical negligence and exposed “failures and delays in treatment” that ultimately led to his death. In 2011, Congress took a historic step in passing the Kate Puzey Peace Corps Volunteer Protection Act, but there is more work to be done. This bill will go even further to both keep volunteers healthy and to ensure that those who have experienced sexual assault have the assistance and protection that they need.","2017-05-02T18:19:42+0000","link","http://poe.house.gov/press-releases?ID=BA469B85-7CB6-44FC-BE48-89A997D45F65","106631626049851_1391675844212083",NA,68,46,9
"106631626049851","Ted Poe","After being taken by Chinese authorities two years ago, Sandy Phan-Gillis was detained without evidence, not allowed to see a lawyer for over a year, subjected to torture, held in solitary confinement, and tried in a secret court.  I am relieved and overjoyed that Sandy Phan-Gillis is finally back on American soil. What China did to Sandy Phan-Gillis is unacceptable, and no country should be able to illegally detain and torture an American citizen without consequences. I’m grateful that Sandy is now home and reunited with her husband, daughter, family and friends. Welcome home, Sandy.","2017-05-01T14:44:09+0000","link","http://www.khou.com/news/china-deports-houston-woman-back-to-us/435238522","106631626049851_1390621967650804",NA,131,13,12
"106631626049851","Ted Poe","This week Americans across the country commemorate the Holocaust Days of Remembrance. During the Days of Remembrance, our nation remembers the victims and honors the survivors of the Holocaust. These men and women were unjustly persecuted, many because of their faith. May we never forget.","2017-04-28T20:01:16+0000","photo","https://www.facebook.com/JudgeTedPoe/photos/a.137207746325572.19816.106631626049851/1388230541223280/?type=3","106631626049851_1388230541223280",NA,45,7,3
"106631626049851","Ted Poe","Yesterday we rolled out the Fourth Amendment Caucus providing a new, bipartisan forum for ideas, organization, and strategy as we fight to protect the Constitution and the American people’s privacy.","2017-04-27T16:31:24+0000","photo","https://www.facebook.com/JudgeTedPoe/photos/a.137207746325572.19816.106631626049851/1387160904663577/?type=3","106631626049851_1387160904663577",NA,49,15,2
"106631626049851","Ted Poe","Effective border security requires a comprehensive strategy that includes not only physical barriers but also increased use of technology and more boots on the ground. The United States is fortunate to have amazing capabilities like aerial drones, aerostats and seismic technology to detect crossers. Let’s use them.","2017-04-25T20:11:38+0000","video","https://www.facebook.com/JudgeTedPoe/videos/1385634841482850/","106631626049851_1385634841482850",NA,95,34,10
"106631626049851","Ted Poe","Great to see all the incredible Houstonians making a difference in our community at yesterday's Crime Stoppers of Houston luncheon!","2017-04-20T15:35:04+0000","photo","https://www.facebook.com/JudgeTedPoe/photos/a.137207746325572.19816.106631626049851/1380528155326852/?type=3","106631626049851_1380528155326852",NA,70,16,1
"106631626049851","Ted Poe","Live from Wharton K-8 Dual Language Academy, speaking to students about how our Government works.","2017-04-19T14:28:48+0000","video","https://www.facebook.com/JudgeTedPoe/videos/1379524445427223/","106631626049851_1379524445427223","Ted Poe was live.",133,55,14
"106631626049851","Ted Poe","Enjoyed seeing Sylvester Turner, Mayor of Houston and Houston Police Department Chief Art Acevedo at the Greater Houston Prayer Breakfast this morning.","2017-04-19T13:38:33+0000","photo","https://www.facebook.com/JudgeTedPoe/photos/a.137207746325572.19816.106631626049851/1379478288765172/?type=3","106631626049851_1379484945431173","Ted Poe added 2 new photos.",173,26,4
"106631626049851","Ted Poe","This Administration has sent the message to Assad and other dictators that when they do cross that red line there will now be consequences from the United States.","2017-04-07T12:57:11+0000","link","http://poe.house.gov/press-releases?ID=5ED2E479-3C22-4282-9DEC-0FF0A0FF346F","106631626049851_1367787736600894",NA,169,51,11
"106631626049851","Ted Poe","100 years ago today, the House of Representatives voted in support of the United States' entrance into World War I. Four million Americans, including 200,000 Texans, proudly served during World War I. I am proud to have helped move forward legislation to establish a WWI memorial by the White House at Pershing Park here in D.C.","2017-04-06T18:54:41+0000","video","https://www.facebook.com/JudgeTedPoe/videos/1367001296679538/","106631626049851_1367001296679538",NA,81,17,17
"106631626049851","Ted Poe","Congratulations to all of the Victims' Rights Caucus 2017 Award Winners! These outstanding individuals have dedicated their time and service to helping victims of crime.","2017-04-06T15:34:03+0000","photo","https://www.facebook.com/VictimsRightsCaucus/photos/a.1596640503682695.1073741825.120291647984262/1596640663682679/?type=3","106631626049851_1366772156702452","Ted Poe shared Victims' Rights Caucus's album: 2017 Victims Rights Caucus Awards.",32,5,0
"106631626049851","Ted Poe","2017 Victims Rights Awards","2017-04-05T14:03:40+0000","video","https://www.facebook.com/JudgeTedPoe/videos/1365566200156381/","106631626049851_1365566200156381","Ted Poe was live.",46,30,13
"106631626049851","Ted Poe","Happy Wednesday from Washington, D.C.! Wearing my new favorite shirt today. Wouldn't want anyone to forget where I came from..... #TexasForever","2017-04-05T14:02:14+0000","photo","https://www.facebook.com/JudgeTedPoe/photos/a.137207746325572.19816.106631626049851/1365573303489004/?type=3","106631626049851_1365573303489004",NA,491,35,17
"106631626049851","Ted Poe","North Korea spent 20 years on the State Sponsor of Terrorism list until 2008 when the United States removed the rogue nation in exchange for a promise that it certainly did not keep. Since then, North Korea has conducted illegal missile tests, murdered dissidents abroad, conducted cyber warfare and made threats to wipe out U.S. cities. The House has taken the first step in returning North Korea to the State Sponsor of Terrorism List, and I urge the Senate to act fast to get this bill to the President's desk.","2017-04-04T22:06:59+0000","video","https://www.facebook.com/JudgeTedPoe/videos/1364904643555870/","106631626049851_1364904643555870",NA,99,14,24
"106631626049851","Ted Poe","Texas prays for Chief Greenwood’s family and the Harris County, Texas, constable’s office. Our men and women who wear the badge are the best we have. Chief Greenwood’s life may be gone, but his memory serves as a reminder of all those who give their lives for the thin blue line. The suspect is still at large and Crime Stoppers of Houston is offering a reward up to $50,000 for information leading to an arrest in the case. #BackTheBlue   Houston Police Department Harris County Sheriff's Office","2017-04-04T15:07:06+0000","video","https://www.facebook.com/JudgeTedPoe/videos/1364547846924883/","106631626049851_1364547846924883",NA,388,37,517
"106631626049851","Ted Poe","Are you a Wounded Warrior or know someone that is? My Kingwood office is looking for a wounded warrior or medically retired veteran for a two-year paid fellowship.  To qualify, veterans must have served on active duty post-9/11, have less than 20 years of active service, and must have at least a 30% service-connected disability.   Interested veterans should submit a resume, copy of their last DD214 issued, and letter from the VA indicating a 30 percent or greater rating to housewoundedwarriors@mail.house.gov.  More information and questions can be directed to the Wounded Warrior Program Office at 202-226-1965. Wounded Warrior Project Texas Wounded Warrior Foundation Houston-Metro Wounded Warriors Lone Star Veterans Association","2017-04-03T17:26:42+0000","status",NA,"106631626049851_1363695440343457",NA,92,16,201
"106631626049851","Ted Poe","Many of you have questions about S.J. Res 34, which disapproved an Obama Administration rule that gave the FCC jurisdiction over certain privacy rules for internet service providers (ISP’s). Before then, the FTC, a different government agency, had jurisdiction over privacy rules for the internet and ISP’s. By disapproving this rule, the FTC retains all jurisdiction of privacy rules for the internet and ISP’s, instead of 2 different agencies having 2 different sets of rules. Click here to read more:","2017-03-31T19:24:02+0000","link","https://www.forbes.com/sites/larrydownes/2017/03/30/why-congresss-rejection-of-proposed-fcc-data-rules-will-not-affect-your-privacy-in-the-slightest/#2abccbab8b14","106631626049851_1360439304002404",NA,56,29,34
"106631626049851","Ted Poe","Read the rest of this week's terrorism update by clicking on the link below: Friday (3.31.17)  A bomb apparently targeting a mosque in Pakistan's northwestern city of Parachinar killed at least 22 people on Friday and wounded dozens in an attack claimed by the Pakistani Taliban. The explosion in a remote area bordering Afghanistan came as people gathered for Friday prayers near the women's entrance of a Shia mosque in the central bazaar, the latest in a series of attacks across Sunni-majority Pakistan this year.  Three suspected al Qaeda members were killed overnight in what local officials believed was a U.S. drone strike in southern Yemen. Residents and local officials said on Friday the attack took place in Mozno in al-Wadie district of Abyan province. The three killed included the local leader of the terrorist group, Waddah Muhammed Amsouda, who was meeting the others in a house in the area. Abyan is one of several provinces in central and southern Yemen where Al Qaeda in the Arabian Peninsula (AQAP) and its local affiliate Ansar al-Sharia operate.  Kenya has arrested a suspected ISIS terrorist on the country's ""most wanted"" list who allegedly helped send recruits to Libya and Somalia, police said on Thursday. Police seized Ali Hussein Ali, who is nicknamed ""Trusted One"", and two accomplices in the coastal town of Malindi on Monday. In a statement, the police said Ali had helped smuggle recruits to ISIS in Libya where he has ties with a human trafficking ring, and to the al Shabaab terrorist group in Somalia. He also moved money around East Africa and beyond for ISIS, police said.  Anjem Choudary, a high-profile British Islamist preacher who was sentenced to prison last year for inviting support for ISIS terrorism, was added to the U.S. global counter-terrorism list, the U.S. Treasury said on Thursday. Choudary was one of seven people added to the list, which blocks their assets in the United States and prohibits U.S. citizens from dealing with them.  A former violent criminal who converted to Islam and kept out of trouble for more than a decade, the killer who struck Britain's parliament last week was probably a ""lone wolf"", self-radicalized by material on the internet, investigators say. Police say Khalid Masood, who tried to put his troubled past behind him by turning to religion, had copied the low cost, low tech attacks espoused by ISIS, but investigators have found nothing yet to link him to extremist groups at home or terrorists abroad.  German prosecutors have charged an Afghan citizen with being a member of the Taliban and an accessory to attempted murder by taking part in armed attacks by insurgents against policemen in Afghanistan. The Federal Prosecutor's Office (GBA) said in a statement on Thursday that 21-year-old Hekmat T. received military training by the Taliban after he joined the militant group in mid-2013 and took part in four attacks against policemen.  Germany has deported 10 potential attackers since January as part of a tougher approach toward failed asylum seekers and other foreigners it deems dangerous after one of them killed 12 people at a Berlin market, security sources said on Thursday. Interior Minister Thomas de Maiziere and other top officials have been pushing for quicker deportations of those denied asylum, while working with Morocco, Tunisia and other countries to speed up the repatriation process.  ISIS claimed responsibility on Thursday for two suicide attacks that killed at least 31 people in Damascus on March 15. The group made the claim in its weekly online newspaper al-Nabaa. The newspaper said the two suicide bombers, identified by the group as Abu Musa al Golani and Abu Firas al Shami, had killed and injured over one hundred people in two separate attacks. The first attack was on a courthouse in central Damascus near the Old City and the second struck a popular restaurant in the al-Rabweh area of the capital. As many as eight militants have blown themselves up with a grenade north of the Bangladeshi capital rather than surrender to officers who had cornered them in their hideout, police said on Thursday. Police urged the militants in Nasirpur, northeast of the capital Dhaka, to give themselves up on Wednesday, but instead they detonated the grenade.","2017-03-31T13:18:55+0000","link","http://poe.house.gov/terrorism-update?ID=37B963D2-4EE7-4E0C-BE64-E5FE0ECD5AA5","106631626049851_1360113434034991",NA,25,18,18
"106631626049851","Ted Poe","I enjoyed meeting with constituents from across TX-2 in my Texas office on Monday. We discussed a wide array of issues from immigration and health care to global water needs and nutrition, the President’s proposed budget, and EPA regulations. Here are a few pictures from Monday.","2017-03-29T16:05:19+0000","photo","https://www.facebook.com/JudgeTedPoe/photos/a.1358308930882108.1073741914.106631626049851/1358308994215435/?type=3","106631626049851_1358308994215435","Ted Poe added 4 new photos to the album: Meetings in Texas 02.",70,39,1
"106631626049851","Ted Poe","Read the rest of this week's terrorism update by clicking on the link below:  Friday (3.17.17)  · A suicide car bomb detonated near an army base in the eastern Afghan province of Khost on Friday, killing one soldier and wounding several before the army repelled at attack on the base by four gunmen, the district chief said. The blast, 50 yards from the base, was heard several miles away and damaged several shops, homes and a school. In a statement, the Taliban claimed responsibility for the attack and said it had caused heavy casualties however; the terrorist group often exaggerates casualties caused by its operations.  · Iraqi forces battling ISIS in Mosul advanced into the Old City and around the al Nuri mosque on Friday trying to seal off a main road to prevent terrorists sending in suicide bombers. Troops are meeting fierce resistance as terrorists retreat into the Old City, where street fighting is expected in the narrow alleyways and around the mosque where ISIS declared its caliphate nearly three years ago.  · The Israeli military said it shot down one of numerous anti-aircraft missiles launched on Friday at its air force which was operating in Syria, in a rare such incident that spilled over into neighboring countries. The Syrian army said it had shot down an Israeli jet during the operation. Israel denied this, saying that all its aircraft had returned unscathed.  · A Saudi Arabia-born man was convicted on Thursday of participating in a 2003 attack in Afghanistan that killed two U.S. servicemen and plotting to bomb a U.S. embassy in West Africa, federal prosecutors in Brooklyn said. A jury found Ibrahim Suleiman Adnan Adam Harun, known by the nom de guerre Spin Ghul, guilty of all counts after only two hours of deliberations. The al Qaeda operative faces life in prison at his sentencing.  · A female employee of the International Monetary Fund suffered injuries to her face and arms on Thursday when a letter bomb mailed from Greece and addressed to the world lender's European representative blew up as she opened it, officials said. Paris anti-terrorism prosecutors opened an investigation and although a terrorist Greek group, Conspiracy of Fire Cells, claimed responsibility for a parcel bomb mailed to Germany’s Finance Minister on Wednesday, but there was no immediate claim for the Paris attack.  · The Somali terrorist group, al Shabaab, is letting civilians in drought-hit regions under their control move with relative freedom to find food, the group and a U.N. official said on Thursday, but they are continuing to restrict the access of international aid groups. Somalia, struggling to recover from more than 25 years of civil war and an ongoing battle between its U.N.-backed government and Islamist insurgents, could sink into famine if the April rains fail.  · Warplanes struck a mosque in the rebel-held village of al-Jina, in northwest Syria, killing at least 42 people and wounding dozens, the Syrian Observatory for Human Rights, a Britain-based war monitor, said on Thursday.  · An air strike carried out by U.S. forces on Thursday in Idlib, Syria, killed several al Qaeda militants, U.S. Central Command said in a statement. ""Idlib has been a significant safe haven for al Qaeda in recent years,"" the statement said, making no mention of civilian casualties.  · U.S. Defense Secretary James Mattis met with Saudi Deputy Crown Prince Mohammed bin Salman on Thursday and they discussed U.S.-Saudi military cooperation in the fight against ISIS, the Pentagon said in a statement. Mattis and Prince Mohammed, who is the kingdom's defense minister, also discussed ""confronting Iran's destabilizing regional activities.""","2017-03-17T13:45:05+0000","link","http://poe.house.gov/index.cfm?p=terrorism-update&id=343C572A-5E81-4E37-A010-489E6D2E6238","106631626049851_1347640278615640",NA,32,143,6
"106631626049851","Ted Poe","Today, the entire city of Houston will pay tribute to the life of one of Houston’s heroes, one of our finest, Capt. William Dowling ""Iron Bill"". As we mourn the loss of a great man, the community of Tomball, the greater Houston area and Texas' Second District sends our thoughts and prayers.","2017-03-15T21:03:57+0000","video","https://www.facebook.com/JudgeTedPoe/videos/1346209172092084/","106631626049851_1346209172092084",NA,214,27,63
"106631626049851","Ted Poe","Read the rest of this week's terrorism update by clicking on the link below:   ·Al Shabaab said its fighters have assaulted an airport in the southern town of Bardere, located in Gedo region on Thursday morning, killing a number of African Union Mission in Somalia soldiers. The Al Qaeda-linked terrorist group has announced on its affiliated online media outlets that it killed several soldiers from Ethiopian forces stationed at the city's airport. Local residents said there has been a heavy exchange of gunfire between the attackers and Ethiopian troops serving under AMISOM. AMISOM, however did not comment on the airport, which is housing hundreds of Ethiopian troops.  ·The Shin Bet (Israel Security Agency) announced on Thursday the arrest of a suspected Palestinian Hezbollah operative who was allegedly instructed to carry out terror attacks against Israelis as well as kidnap Israeli civilians. The suspect, Yusef Yasser Suylam, a 23-year-old based in the Palestinian West Bank town of Qalqiliya, was recently arrested in a joint Shin Bet, Israel Police and IDF operation. Following his arrest, the Shin Bet interrogated Suylam and discovered that Hezbollah had recruited him through social media, luring the young man to join their ranks through a Facebook profile the Shi'ite terror organization regularly uses to track potential recruits.  ·A new U.S. strategy to break a stalemate in Afghanistan will require additional American troops, the head of the U.S. Central Command said on Thursday."" I do believe it will involve additional forces to ensure that we can make the advise and assist mission more effective,"" Army General Joseph Votel said during a Senate Armed Services Committee hearing. Vogel also said as many as 12 civilians died in a raid against al Qaeda in Yemen in late January, the head of the U.S. military's Central Command said on Thursday.  ·U.S. Secretary of State Rex Tillerson will host a 68-nation meeting in Washington this month to discuss the next moves by a coalition fighting ISIS, the State Department said on Thursday. The March 22-23 meeting of coalition foreign ministers aimed ""to accelerate international efforts to defeat ISIS in the remaining areas it holds in Iraq and Syria and maximize pressure on its branches, affiliates, and networks,"" the State Department said in a statement.  ·Iraqi forces aim to dislodge ISIS fighters from west Mosul within a month, despite grueling urban combat in densely populated terrain, the head of the elite Counter Terrorism Service said on Thursday. As Iraqi forces advance deeper into west Mosul, they are facing increasingly stiff resistance from ISIS using suicide car bombs and snipers to defend their last major stronghold in Iraq.  ·Human rights lawyer Amal Clooney urged Iraq and the world’s nations on Thursday not to let ISIS “get away with genocide.” Clooney, who represents victims of ISIS rapes and kidnappings, told a U.N. meeting that what’s “shocking” is not just the group’s brutality but the “passive” response by the world’s nations to the campaign to investigate its crimes and bring the perpetrators to justice. She urged Iraqi Prime Minister Haider al-Abadi to send a letter to the U.N. Security Council so it can vote to set up an investigation into crimes by the group in Iraq where ISIS once controlled about 40 percent of the country’s territory.  ·Yemen's local al Qaeda wing appealed for help on Thursday to fend off an offensive by the armed Houthi movement in central Yemen, and accused the United States of coordinating attacks with the Iran-aligned group, according to an online statement. Residents say tribesmen in Ansar al-Sharia, the local wing of Al Qaeda in the Arabian Peninsula (AQAP), and other Islamists known as salafists are the main force holding back the Houthis in Qifa in al-Bayda province, where President Abd-Rabbu Mansour Hadi's internationally-recognized government has little control. Ansar al-Sharia referred in the statement on its Telegram channel to repeated air strikes by the United States in recent days. Washington has acknowledged it has stepped up operations against militants in Yemen in the past couple of weeks.","2017-03-10T14:45:34+0000","link","http://poe.house.gov/index.cfm?p=terrorism-update&id=0BE59CB3-0FB1-4A89-8101-A89FDAAF3112","106631626049851_1341303245916010",NA,40,35,10
"106631626049851","Ted Poe","I have read the American Health Care Act and will continue to evaluate the legislation as it moves through the committee process: it will be voted on by the Ways and Means and Energy and Commerce Committees. I hope that during this process, certain provisions will be added to a final healthcare package, like allowing people to buy insurance across state lines for example. However, I am pleased that this bill follows through on the promise to repeal and replace Obamacare—because Obamacare is a failure and not sustainable. This bill provides a clear path for a smooth transition back to a patient centered system, ensuring that the rug is not pulled out from under anyone. It  protects patients with pre-existing conditions and ensures that young Americans can remain on their parents plans. Most importantly, it provides more affordable choices for the American people and returns control over their healthcare back to them.  ***As the bill moves through the committee process, I would like to hear what YOU think before I take a vote on the House floor. I need this information to better represent you.   You can read the bill HERE: https://housegop.leadpages.co/healthcare/  Please comment right below this post with your thoughts.**","2017-03-08T15:40:03+0000","link","https://housegop.leadpages.co/healthcare/","106631626049851_1339025912810410",NA,90,319,34
"106631626049851","Ted Poe","This morning I proudly stood with one of our neighbors, James Moriarty in honoring his son Jimmy Moriarty (U.S. Army, Green Beret). On November 4, 2016, a team of Green Berets were ambushed by a Jordanian guard upon returning to their base in Jafar, Jordan. More questions than answers remain about the attack and circumstances surrounding their death. I stand with the Moriarity family in their mission to ensure that Jordan tells the truth and delivers justice to the killer.   http://www.washingtonexaminer.com/fathers-of-3-green-berets-killed-in-jordan-demand-answers-from-white-house/article/2616679","2017-03-07T23:11:54+0000","photo","https://www.facebook.com/JudgeTedPoe/photos/a.1338259539553714.1073741913.106631626049851/1338271922885809/?type=3","106631626049851_1338271922885809","Ted Poe added 25 new photos to the album: Families of the Fallen Green Beret Press Conference — at National Press Club Journalism Institute.",43,7,2
"106631626049851","Ted Poe","Read the rest of this week's terrorism update by clicking on the link below:   ·Five children and two women are receiving treatment for exposure to chemical agents near the Iraqi city of Mosul, where ISIS is fighting off an offensive by U.S.-backed Iraqi forces, the International Committee of the Red Cross said on Friday. The ICRC ""condemns in the strongest possible terms the use of chemical weapons during fighting around the Iraqi city of Mosul"", it said in a statement.  ·Rival Kurdish groups clashed in Iraq's northwestern Sinjar region on Friday, two Kurdish security sources said. The deadly fighting erupted when Peshmerga Rojava forces moved towards the border with Syria, encroaching on territory controlled by a local affiliate of the Kurdistan Workers' Party (PKK). The unrest highlights the risk of conflict and turf war between the multiple forces arrayed against ISIS, many of which lean on regional patrons for political support and arms.  ·The Russian Defense Ministry said on Friday that Russian military advisers had planned and overseen the Syrian army's recapture of the city of Palmyra and that Russian warplanes and special forces had played a decisive role. The Syrian army said on Thursday it had retaken the ancient city from ISIS for the second time in a year, with help from allied forces.  ·Bangladeshi police have arrested the head of an Islamist terrorist group accused of inspiring followers to kill foreigners, the chief of the counter-terrorism unit said on Friday. Shaikh Mohammad Abul Kashem, who founded an offshoot of the larger Jamaat-ul-Mujahideen Bangladesh (JMB) group, was picked up on Thursday night in the Senpara Parbata area of the capital, Dhaka. Kashem worked alongside Canadian citizen Tamim Chowdhury and Nurul Islam Marjan, two men police accused of masterminding an attack on an upscale Dhaka cafe in July in which 22 people were killed, most of them foreigners.  ·Residents in Yemen said U.S. soldiers fought two separate gun battles with al Qaeda overnight on Friday, supported by heavy aerial bombardment. If confirmed, it would be the first time Washington has deployed ground troops in the country since a Navy Seal was killed in a similar operation on January 29.  Just a day earlier, the United States said it carried out more than 20 precision strikes in Yemen targeting al Qaeda in the Arabian Peninsula on Thursday, in the first major operations against the group since a January raid by U.S. commandos. The Pentagon said the strikes targeted al Qaeda fighters, heavy weapons systems, equipment, infrastructure and the group's fighting positions. They were carried out in the Yemeni governorates of Abyan, Al Bayda and Shabwah.  ·Mali's main jihadist groups said on Thursday they will merge under Islamist leader Iyad Ag-Ghali whose fighters have claimed multiple attacks on Malian, French and U.N. peacekeeping forces, Mauritania's Nouakchott News Agency (ANI) reported. ANI said Ag-Ghali's Ansar Dine would join with al-Mourabitoun, led by Algerian jihadist and smuggler Mokhtar Belmokhtar, which claimed responsibility for a suicide bomb attack on a military camp in northern Mali that killed up to 60 people and wounded more than 100 in January.  ·Brussels police detained a man with suspected terrorist links who was found to be carrying two gas cylinders in his car after he was pulled over on Thursday for running a red light, officials said. After checks were conducted on the vehicle, prosecutors said that one of the cylinders was empty, and no explosive or mechanism of detonation was found in the car.  ·Kenya said its forces had killed 57 Islamist al Shabaab terrorists in a battle in southern Somalia on Wednesday, but the group denied any of its fighters had died in the clash. Kenyan troops under the African Union command used artillery and helicopter gunships against the Islamists in Afmadow, a town about 60 miles inland from the port of Kismayu, Kenyan military spokesman Col. Joseph Owuoth said in a statement.  ·On Wednesday the Taliban rejected US General John Nicholson’s call for reconciliation after a press release announcing the death of Mullah Abdul Salam, the Taliban’s shadow emir for Kunduz province. US, European, and Afghan officials had been urging the Taliban to reconcile for well over a decade. But the Taliban had proven unwilling to negotiate a peace deal and join the government, even after suffering setbacks. In his response the Taliban spokesman, Zabihulllah Mujahid, said that the Taliban would fight until NATO forces withdraw from Afghanistan and “accept the lawful demands of the valiant Afghan,” which means the return of a Taliban government.","2017-03-03T14:17:53+0000","link","http://poe.house.gov/index.cfm?p=terrorism-update&id=3316FC21-3AF3-4F89-810C-EEBE60A85009","106631626049851_1334140509965617",NA,18,27,9
"106631626049851","Ted Poe","Great to have so many neighbors in the office this week. Here are a few photos from meetings with JDRF, Texas A&M University Medical Student William Estes, and the Texas Credit Union.","2017-03-02T20:46:06+0000","photo","https://www.facebook.com/JudgeTedPoe/photos/a.137207746325572.19816.106631626049851/1333499346696400/?type=3","106631626049851_1333503450029323","Ted Poe added 3 new photos.",46,12,2
"106631626049851","Ted Poe","Yesterday I defended the Victims of Crime Fund and Violence Against Women Act  by testifying in front of the Commerce, Justice and Science Committee.","2017-03-01T19:54:15+0000","video","https://www.facebook.com/JudgeTedPoe/videos/1332574143455587/","106631626049851_1332574143455587",NA,160,23,16
"106631626049851","Ted Poe",NA,"2017-03-01T16:37:39+0000","photo","https://www.facebook.com/JudgeTedPoe/photos/a.137207746325572.19816.106631626049851/1332426906803644/?type=3","106631626049851_1332426906803644","Ted Poe added a new photo.",132,1,18
"106631626049851","Ted Poe","Thank you for your comments regarding this week's district work period(and yes I do read them all!) While I would MUCH rather be in Texas this week meeting with all of you, I am working here in Washington this week where I have been continuing treatment for Leukemia. I have chosen to do so mostly in Washington so that I do not miss votes on the House floor. Treatments are going well and I look forward to being back in Texas very soon! -TP","2017-02-24T20:07:17+0000","status",NA,"106631626049851_1327438723969129",NA,392,169,8
"106631626049851","Ted Poe","Today in 1836, William B. Travis penned his famous Travis letter. Travis was the Commander of the Texian rebels in the former mission, the Alamo. He sent a plea for help as they were surrounded by enemy forces commanded by Mexican dictator Santa Anna.","2017-02-24T18:25:10+0000","video","https://www.facebook.com/JudgeTedPoe/videos/1327305833982418/","106631626049851_1327305833982418",NA,202,27,59
"106631626049851","Ted Poe","I'm up here in Washington, but I heard that a 10-year-old neighbor of ours is going through a tough fight with leukemia. Please join me in sending prayers and well wishes. Stinky Joe's #1 Pit Crew  https://www.yahoo.com/beauty/moms-heartbreaking-photo-of-10-year-old-son-shows-painful-reality-of-cancer-150903458.html","2017-02-23T16:41:16+0000","video","https://www.facebook.com/JudgeTedPoe/videos/1326142444098757/","106631626049851_1326142444098757",NA,259,45,19
"106631626049851","Ted Poe","Today we celebrate the return of my friend and colleague Colonel Sam Johnson! On his second tour of duty in Vietnam, Colonel Johnson was flying with the fighter squadron, when his plane was shot down by ground fire. On that fateful day in April, a foreign land claimed him captive. Despite being held in a Vietnam prisoner of war camp for 7 years he never wavered even while being beaten and tortured. He was a pillar of patriotism and strength. Welcome home!","2017-02-17T15:38:32+0000","link","http://poe.house.gov/floor-remarks?ContentRecord_id=00C37B24-767F-474B-BC27-CF2883D4CCAE","106631626049851_1317328758313459",NA,108,39,13
"106631626049851","Ted Poe","Enjoyed meeting with the Chancellor and Board of Trustees from Lone Star College this week. They are committed to preparing students to enter the workforce.   I also met with constituent JJ Williams from OptaSense, a company based in our district that works on fiber optic sensing that is used for national infrastructure security and monitoring.","2017-02-17T15:15:23+0000","photo","https://www.facebook.com/JudgeTedPoe/photos/a.137207746325572.19816.106631626049851/1318664358179899/?type=3","106631626049851_1318665241513144","Ted Poe added 2 new photos.",38,15,0
"106631626049851","Ted Poe","TODAY'S TERRORISM UPDATE: You can see the daily terrorism updates by clicking on the image below.  ·Seven suspected Boko Haram fighters blew themselves on the outskirts of a northeast Nigerian city on Friday, a local aid agency said, in an attack witnesses said targeted refugees preparing to return to their home villages. The bombing took place outside Maiduguri, the population center at the heart of a government campaign to eradicate the Islamist group, whose more than seven-year insurgency has killed 15,000 people and forced some two million from their homes. The Borno State Emergency Management Agency said eight members of a local militia, the civilian Joint Task Force, were wounded in the attack.  ·Pakistani security forces killed dozens of suspected militants on Friday, a day after ISIS claimed a suicide bombing that killed more than 80 worshippers at a Sufi shrine in the latest of a series of attacks across the country. The bombing at the famed Lal Shahbaz Qalandar shrine in southern Sindh province was Pakistan's deadliest attack in two years, killing at least 83 people and underlining the threat of terrorist groups like the Pakistani Taliban and ISIS.  ·ISIS fighters are developing a network of passageways and tunnels in the narrow alleys of west Mosul that will enable them to hide and fight among the civilian population when Iraqi forces launch an attack that is expected any day now. Residents said the fighters have been opening passages in the walls between houses to allow them to move from block to block undetected, disappear after hit-and-run operations and track government troop movements. They have also opened sniper holes in buildings overlooking the Tigris river bisecting the city into east and west.  ·Turkey's military said on Friday it was close to taking Syria's al-Bab from ISIS, but a war monitor said the jihadists still controlled 90 percent of the town itself and that shelling and air strikes had killed dozens of civilians in recent days. Al-Bab, an ISIS stronghold 20 miles from the Turkish border, has been a prime target since Turkey launched an incursion last August to push the jihadists from its frontier and prevent gains by a Kurdish militia also fighting them. Taking control of the town would deepen Turkish influence in an area of Syria where it has already effectively created a buffer zone and allow Turkish forces to press on towards Raqqa, Islamic State's de facto capital in Syria.  ·The government of the restive far-western Xinjiang marched thousands of armed officers through the region's southern city of Hotan in a shock and awe campaign against what it says is the rising threat of terrorism and ethnic separatism. The large-scale parade in Hotan, a hotspot of ethnic tension in Xinjiang's southern Muslim Uighur heartland, involved thousands of armed police and paramilitary officers and was designed to ""show strength and intimidate"", according to a front-page report in the official Xinjiang Daily on Friday.  ·U.S. and coalition military forces continued to attack ISIS conducting 15 strikes consisting of 19 engagements in Syria and nine strikes consisting of 16 engagements in Iraq.","2017-02-17T14:25:01+0000","link","http://poe.house.gov/index.cfm?p=terrorism-update&id=774C8CBB-86AE-4529-95C0-77C722DB3BE2","106631626049851_1318588681520800",NA,29,25,16
"106631626049851","Ted Poe","Government does not have the authority to unilaterally legalize widespread government hacking. Americans have rights. It is Congress’ responsibility to safeguard the constitutional rights of the people they represent from a power hungry Executive Branch. As such, we are moving to repeal this change that condones hacking the property of the very people we are entrusted to protect.","2017-02-16T22:42:11+0000","link","http://poe.house.gov/index.cfm?p=press-releases&id=11196013-EF08-4A43-B1AB-117264B42BEE","106631626049851_1317758244937177",NA,80,22,15
"106631626049851","Ted Poe","North Korea illegally launched yet another menacing ballistic missile. This was a high-tech, pre-fueled rocket that can be launched quickly. This type of rocket has a range of about 1,800 miles—thus, making it an immediate threat to South Korea and Japan as well as our troops that are stationed there.","2017-02-15T19:42:55+0000","video","https://www.facebook.com/JudgeTedPoe/videos/1316423815070620/","106631626049851_1316423815070620",NA,74,22,28
"106631626049851","Ted Poe","I was one of the first trial judges in Texas state to allow cameras in the courtroom. I did so without any problem and proved the cynics wrong. The American public should be able to view the proceedings on TV much like they do with C-SPAN when Congress is in session.","2017-02-14T20:38:35+0000","link","http://thehill.com/regulation/legislation/319480-lawmakers-debate-allowing-cameras-in-courtrooms","106631626049851_1315567868489548",NA,156,23,14
"106631626049851","Ted Poe",NA,"2017-02-13T22:03:38+0000","photo","https://www.facebook.com/PORTSCaucus/photos/a.424841330894733.91601.412305258815007/1316171115095079/?type=3","106631626049851_1314742901905378","Ted Poe shared Congressional PORTS Caucus's photo.",9,4,0
"106631626049851","Ted Poe","TODAY'S TERRORISM UPDATE: You can see the daily terrorism updates by clicking on the image below.  · At least five people were killed and 19 wounded on Friday, in two suicide bombings that hit an Iraqi army position and a restaurant in eastern Mosul, a medical source said. A man believed to belong to ISIS blew himself up inside the Sayidati al-Jamila (""My Fair Lady"") restaurant at lunchtime, killing at least four people and wounding 15. The second attack was a suicide car-bomb that killed a soldier and wounded four others in the al-Nour district. Both districts were recently retaken from the terrorist group by U.S.-backed Iraqi forces. An explosive belt of the style usually worn by suicide bombers also blew up in a street of al-Zuhour without causing casualties.  ·A powerful Syrian jihadist group has made rapid gains against more moderate factions in northern Hama and southern Idlib provinces in recent days, the Syrian Observatory for Human Rights monitoring group said on Friday. Jund al-Aqsa, which has had links with the al Qaeda’s branch in Syria, this week captured weapons and bases from groups operating under the Free Syrian Army (FSA) banner, and has detained dozens of rebel fighters.  ·ISIS fighters have shifted to desert valleys and inland hills southeast of Tripoli as they seek to exploit Libya's political divisions after defeat in their former stronghold of Sirte, security officials say. The terrorists, believed to number several hundred and described as ""remnants"" of ISIS’ Libya operation, are trying to foment chaos by cutting power and water supplies and to identify receptive local communities, the officials said. They are being monitored through aerial surveillance and on-the-ground intelligence, but Libyan officials said they cannot easily be targeted without advanced air power.  ·Four people have been arrested in and around the southern French city of Montpellier on suspicion of planning an imminent terrorist attack in France, the interior ministry said on Friday. Police and judicial sources said those in custody included a 20-year-old man and his 16-year-old girlfriend, both known to authorities for connections with radical Islam, and said the attack had been due to take place in Paris. Police found TATP explosives and other bomb-making materials in the man's home.  ·Russia intervened to halt a clash between Syrian government forces and Turkey-backed Syrian rebels in northern Syria, sources on both sides said on Friday, the first confrontation between them as both sides fight ISIS in the area. ISIS is under attack from separate campaigns in northern Syria by Russian-backed government forces and Turkey-backed rebels. The clash on Thursday near the IS-held city of al-Bab underlined the risk of the parallel offensives igniting new fighting between the government and its rebel enemies. Russia and Turkey have backed opposing sides in the war but recently started cooperating over Syria, brokering a truce between government forces and rebels and working together to try to revive peace talks.  ·The top U.S. commander in Afghanistan said on Thursday he needs several thousand more international troops in order to break a stalemate in the long war with Taliban insurgents, signaling the matter may soon be put before President Donald Trump. So far, the Trump administration has offered little clarity about the possibility of more forces in Afghanistan, where some 8,400 U.S. troops remain more than 15 years after the Islamist Taliban government was toppled by U.S.-backed Afghan forces. A U.S. soldier was severely wounded in fighting in Afghanistan on Thursday, and  Army General John Nicholson, who leads U.S. and international forces in Afghanistan, acknowledged Taliban gains over the past year, when deployed U.S. forces were reduced even as security deteriorated.  ·Fareed Mumuni, a 22 year-old man from New York City, admitted on Thursday that he had sought to provide support to ISIS and tried to kill an FBI agent with a knife when authorities came to his home to execute a search warrant in 2015. He was one of six young men in New York and New Jersey charged in a probe into what Assistant U.S. Attorney Alexander Solomon called a ""group of like-minded individuals who had pledged allegiance to ISIL.”  ·The head of a new alliance of Syrian Islamist factions, including an al Qaeda affiliate, has promised to escalate attacks against the Syrian army and its Iranian-backed allies with the goal of toppling President Bashar al-Assad. Hashem al-Sheikh, leader of Hayat Tahrir al-Sham, which was formed last month, also said in his first video speech that the new grouping sought to ""liberate"" all of Syria's territory.  ·Katibat Imam al Bukhari, also known as the Imam Bukhari Jamaat, has claimed an ambush on Afghan troops in northern Afghanistan in a statement released through the terrorist group’s Telegram channel. The statement did not specify the Afghan province where the attack occurred. According to the statement, KIB jihadists destroyed three Afghan humvees in improvised explosive device (IED) blast before opening fire on soldiers. Additionally, the group claimed to kill four Afghan troops. Pictures showing the explosions and subsequent ambush were released alongside the statement.  ·ISIS has claimed Wednesday’s suicide assault on a hotel in the northern Somali town of Bosaso in a statement released online. The attack left at least four security guards and at least two gunmen dead. According to local media, militants affiliated with the Islamic State faction operating in the semi-autonomous region of Puntland stormed the Village Hotel in Bosaso. This prompted a fierce shootout between the militants and the hotel’s security guards, with four guards and at least two gunmen dying.","2017-02-10T15:38:03+0000","link","http://poe.house.gov/terrorism-update","106631626049851_1311894832190185",NA,60,24,40
"106631626049851","Ted Poe","I will personally stay on top of social media companies like Telegram who continue to allow terrorists to use and abuse their platform. In December, I sent a letter to Telegram App, urging the company to follow the lead of other social media platforms. I have not received a response and it will not be the last time they hear from me.  Read more below:","2017-02-09T14:29:10+0000","link","http://thehill.com/blogs/pundits-blog/technology/318484-hey-congress-wheres-the-ban-on-isis","106631626049851_1311102745602727",NA,93,13,12
"106631626049851","Ted Poe","Speaking at the 2nd Annual Human Trafficking Symposium","2017-02-06T19:52:39+0000","video","https://www.facebook.com/JudgeTedPoe/videos/1308545279191807/","106631626049851_1308545279191807","Ted Poe was live.",84,44,16
"106631626049851","Ted Poe","TERRORISM UPDATE:  · A French soldier shot and wounded a man armed with a machete and carrying two bags on his back on Friday as he tried to enter the Paris Louvre museum in what the government said appeared to have been a terrorist attack. The man shouted Allahu Akbar (God is greatest) and rushed at police and soldiers before being shot near the museum's shopping mall, police said, adding a second person had also been detained after acting suspiciously. The attacker was alive but seriously wounded, the head of Paris police Michel Cadot told reporters at the scene, adding the bags he had been carrying contained no explosives.  · Warships shelled suspected al Qaeda strongholds in a mountainous region of southern Yemen on Thursday, government officials said. The officials said they believed U.S. forces carried out the operation, though Pentagon spokesman Captain Jeff Davis quickly denied any U.S. involvement. The strikes come less than a week after a covert U.S. Navy SEAL raid, also in Yemen's south, the first ordered by U.S. President Donald Trump as commander in chief.  · The U.N. envoy for Iraq says military operations to liberate Iraq from the Islamic State extremist group will be coming to an end ""in the rather short foreseeable future."" Jan Kubis told the U.N. Security Council Thursday that ""the days of the so-called ISIL are counted."" He said progress and the government's successful campaign to retake the eastern part of Mosul ""should not conceal that fighting has been and will be a massive challenge, in particular inside the old city in western Mosul.""  · U.S. President Donald Trump is poised to impose new sanctions on multiple Iranian entities, seeking to ratchet up pressure on Tehran while crafting a broader strategy to counter what he sees as its destabilizing behavior, people familiar with the matter said on Thursday. The new sanctions, which are being taken under existing executive orders covering terrorism and weapons of mass destruction, may mark the opening shot in a more aggressive policy against Iran that Trump promised during the 2016 presidential campaign.  · Faced with a diminishing number of fighters, ISIS is relying on retrofitted commercial drones to guide suicide car bombers to their targets and to launch small-scale airstrikes on Iraqi forces. The extremist group is spending freely on drone technology as it faces pressure from coalition forces, hacking store-bought machines, applying rigorous testing protocols and mimicking tactics used by U.S. unmanned aircraft. In all, a half-dozen storehouses ISIS used to make and modify drones have been found recently in Mosul, Iraqi military officials said.  · Jamaat-ul-Ahrar, a powerful faction of the Movement of the Taliban in Pakistan (TTP), has released a video detailing a training camp somewhere in Pakistan’s northwest tribal frontier. The video also highlighted the training of suicide bombers and an assault on a Pakistani military base that took place last November.","2017-02-03T14:35:20+0000","link","http://poe.house.gov/terrorism-update?ID=24899E63-0B98-4A51-9B83-5A5B61E44BCC","106631626049851_1305531876159814",NA,43,43,20
"106631626049851","Ted Poe","In 1984, a novel program was started under the Reagan administration called VOCA, Victims of Crime Act; and the idea was pretty simple: Criminals in the Federal courts that are convicted pay into a court cost fund. That money then is used for victims and helps pay for their injuries, for their medical expenses, sometimes the funeral expenses. A great idea: Make criminals pay for the system they have created. But now, the fund is being robbed by bureaucrats and thrown into the abyss of the Federal budget. This money does not belong to the Federal Government. It is not taxpayer money. It is money that belongs to victims. H.R. 818 ensures VOCA funds can only be used for their original intent: helping victims of crime.","2017-02-02T19:41:01+0000","video","https://www.facebook.com/JudgeTedPoe/videos/1304752706237731/","106631626049851_1304752706237731",NA,290,44,158
"106631626049851","Ted Poe","Great meeting with Kaitlyn from Kingwood. Kaitlyn is an Archer fellow from the The University of Texas at Dallas spending the semester studying in Washington, D.C.","2017-02-01T17:53:42+0000","photo","https://www.facebook.com/JudgeTedPoe/photos/a.137207746325572.19816.106631626049851/1303393406373661/?type=3","106631626049851_1303393406373661",NA,104,5,1
"106631626049851","Ted Poe","As a Judge, I learned the last thing criminals want are their faces and crimes exposed to the public. The Shame Act allows Federal judges to publicly publish the names and photographs of convicted traffickers and buyers.  Polaris Shared Hope International National Organization for Victim Assistance Children's Advocacy Centers of Texas, Inc. Texas CASA, Inc. Stop Child Predators Family Focused Treatment Association - FFTA","2017-01-31T22:16:46+0000","video","https://www.facebook.com/JudgeTedPoe/videos/1302350623144606/","106631626049851_1302350623144606",NA,248,19,54
"106631626049851","Ted Poe","Enjoyed meeting with Crosby ISD yesterday!","2017-01-31T16:45:04+0000","photo","https://www.facebook.com/JudgeTedPoe/photos/a.137207746325572.19816.106631626049851/1302052779841057/?type=3","106631626049851_1302052779841057",NA,71,2,2
"106631626049851","Ted Poe","The whole purpose of the bill, if there's a problem with the ADA at this particular business, is to fix the problem! But the trolls don't care about fixing the problem, they care about getting the money, which really doesn't even fix the problem!","2017-01-27T14:37:41+0000","link","http://www.washingtonexaminer.com/handicapped-parking-sign-too-low-see-you-in-court/article/2613117","106631626049851_1296122270434108",NA,31,21,4
"106631626049851","Ted Poe","·Moroccan authorities said on Friday they had arrested seven suspected terrorists linked to ISIS and seized weapons and explosive belts. A statement from the interior ministry said the group had ties with commanders of the Sunni Islamist group in Syria, Iraq and Libya and had set up a hideout in the coastal town of El-Jadida. Morocco, a Western ally against Islamist terrorism, says that since 2002 it has dismantled more than 150 cells linked to jihadist groups fighting in Syria and Iraq.  ·A former Indonesian finance ministry official has been detained on his return home after being deported from Turkey for trying to cross into Syria on suspicion of intending to join ISIS, Indonesian authorities said on Friday. Police identified the man as Triyono Utomo and said he was detained along with his wife and three children after they arrived back in the Indonesian island of Bali.  ·On Thursday, just one day after executing a deadly suicide assault on a popular hotel in Somalia’s capital Mogadishu, al Shabaab announced that its religious courts executed “three spies.” One of the alleged spies was accused of working for the CIA to direct drone strikes on al Shabaab, al Qaeda’s branch in East Africa. Radio al Furqan, an al Shabaab radio station and media outlet, reported that the three spies were killed in the town of Yaaq Barawe in the Bay Region of southern Somalia.  ·Forces from France's Operation Barkhane have arrested three people in connection with a suicide bombing in northern Mali that killed at least 77 people, Mali's Security Minister Salif Traore said on Thursday. Al Qaeda in the Islamic Maghreb said five of its fighters conducted the attack on Jan. 18 on a military camp in the town of Gao that also wounded more than 100 people.  ·An upstate New York man was sentenced on Thursday to 20 years in prison after pleading guilty to conspiring to provide material support to ISIS, in connection with his alleged role in preparing a New Year's Eve attack in 2015 at a local club or bar. Emanuel Lutchman, 26, of Rochester, was sentenced by Chief Judge Frank Geraci of the federal court in that city, following his August 11 guilty plea, the U.S. Department of Justice said. The prison term was the maximum possible, and Lutchman was also sentenced to 50 years of supervised release.  ·A debate is under way in the Trump administration about whether the United States should declare the Muslim Brotherhood a terrorist organization and subject it to U.S. sanctions, according to U.S. officials and people close to President Donald Trump's transition team. A faction led by Michael Flynn, Trump's National Security Advisor, wants to add the Brotherhood to the State Department and U.S. Treasury lists of foreign terrorist organizations, the sources said. Other Trump advisors, as well as some veteran national security, diplomatic, law enforcement and intelligence officials argue the Brotherhood has evolved peacefully in some countries.","2017-01-27T14:33:23+0000","link","http://poe.house.gov/index.cfm?p=terrorism-update","106631626049851_1296119690434366",NA,25,5,6
"106631626049851","Ted Poe","Today I toured Courtney's House, a Human Trafficking shelter in D.C. Founded by Tina Frundt, a trafficking survivor herself, Courtney’s House helps young victims of sex trafficking recover and re-build their lives. Staff survivors help these children find and recover their own voices. Shelters like this help victims to regain their lives, their dignity and, yes, their hope.","2017-01-26T20:31:37+0000","photo","https://www.facebook.com/JudgeTedPoe/photos/a.137207746325572.19816.106631626049851/1295009400545395/?type=3","106631626049851_1295009400545395",NA,263,12,12
"106631626049851","Ted Poe","Our government must offer a proper incentive to uncooperative nations who freely take our money, and turn around and disrespect our laws.  We should not be issuing diplomatic VISA’s to nations that refuse to cooperate with our government. Keeping their criminals here is endangering our own citizens.","2017-01-26T15:48:05+0000","video","https://www.facebook.com/JudgeTedPoe/videos/1294740357238966/","106631626049851_1294740357238966",NA,241,14,68
"106631626049851","Ted Poe","#TBT to my days in the DA office. ⚖️","2017-01-26T14:59:32+0000","photo","https://www.facebook.com/JudgeTedPoe/photos/a.137207746325572.19816.106631626049851/1294698443909824/?type=3","106631626049851_1294698443909824",NA,210,14,3
"106631626049851","Ted Poe","The ADA is a vital law that is meant to make American businesses more accessible to the disabled. But the integrity of this important law is being threatened. This bill will change that by requiring that the business owners have time to fix what is allegedly broken.   Read More:","2017-01-25T19:47:36+0000","link","http://poe.house.gov/2017/1/poe-leads-bipartisan-legislation-to-curb-abusive-ada-lawsuits-and-improve-the-ada","106631626049851_1293851653994503",NA,53,9,10
"106631626049851","Ted Poe","Israel is our greatest friend and should never question where we stand. The Trump White House seems to understand that. Good riddance to those who did not understand it.","2017-01-24T18:28:02+0000","video","https://www.facebook.com/JudgeTedPoe/videos/1292466967466305/","106631626049851_1292466967466305",NA,263,23,48
"106631626049851","Ted Poe","Congress must take action to support states that refuse to participate in the refugee resettlement program because of serious security concerns. The Obama Administration’s open door policy has totally disregarded the wishes of state governors who have legitimate security concerns about letting unvetted refugees in their states. Although we expect vetting to increase in the new Administration, states should still have an opt out if the security of the program is not guaranteed. The reality is that ISIS has vowed to attack America, and we already know that several recent terror attacks in Europe were carried out by individuals who came in disguised as a Syrian refugee.","2017-01-24T18:07:36+0000","link","http://poe.house.gov/index.cfm?p=press-releases&id=720676F9-5747-4C90-8AD4-6E4F26DC4483","106631626049851_1292454490800886",NA,220,22,29
"106631626049851","Ted Poe","Great meeting with students from my alma mater Abilene Christian University who are up in D.C. for the 58th Inauguration!","2017-01-19T22:06:10+0000","photo","https://www.facebook.com/JudgeTedPoe/photos/a.1287596677953334.1073741912.106631626049851/1287598044619864/?type=3","106631626049851_1287598044619864","Ted Poe added 9 new photos to the album: Abilene Christian University Students — at Rayburn House Office Building.",241,10,14
"106631626049851","Ted Poe",NA,"2017-01-19T21:52:34+0000","photo","https://www.facebook.com/JudgeTedPoe/photos/a.140481439331536.26063.106631626049851/1287590244620644/?type=3","106631626049851_1287590911287244","Ted Poe updated their profile picture.",558,19,3
"106631626049851","Ted Poe","I enjoyed meeting with Sir Nigel Kim Darroch today and discussing what role Congress can play to strengthen the U.S. - UK  Relationship.","2017-01-18T22:12:13+0000","photo","https://www.facebook.com/JudgeTedPoe/photos/a.137207746325572.19816.106631626049851/1286644798048522/?type=3","106631626049851_1286644798048522",NA,91,8,2
"106631626049851","Ted Poe","Great meeting today with new Georgian Ambassador David Bakradze! I look forward to working together.","2017-01-18T21:43:27+0000","photo","https://www.facebook.com/JudgeTedPoe/photos/a.137207746325572.19816.106631626049851/1286623331384002/?type=3","106631626049851_1286623331384002",NA,106,10,2
"106631626049851","Ted Poe","A must read in today's New York Times from two women who tragically lost family members in the Paris and Brussels attacks. They are exactly right, Twitter can and should do much more to combat ISIS propaganda. Terrorists should not be able to use an American platform to their advantage, period. Thank you for highlighting my committee's efforts on this issue. We will continue to stand with you and push this issue in Washington.   https://www.nytimes.com/2017/01/13/opinion/twitter-must-do-more-to-block-isis.html?_r=0","2017-01-13T14:47:19+0000","link","https://www.nytimes.com/2017/01/13/opinion/twitter-must-do-more-to-block-isis.html?_r=0","106631626049851_1282089608504041",NA,50,10,8
"106631626049851","Ted Poe","Burning the #BlueLight in my office tonight in honor of National #LawEnforcementAppreciationDay #BacktheBlue #SupportBlue","2017-01-09T23:19:33+0000","photo","https://www.facebook.com/JudgeTedPoe/photos/a.137207746325572.19816.106631626049851/1279068068806195/?type=3","106631626049851_1279068068806195",NA,232,13,14
"106631626049851","Ted Poe","The continued failure to protect the border threatens both the security of our people and the sovereignty of our nation. The SMART Border Act incorporates several common sense reforms that will ramp up support from the federal government and charge Congress, not unelected bureaucrats, with determining if and when operational control is achieved.","2017-01-06T20:14:41+0000","video","https://www.facebook.com/JudgeTedPoe/videos/1276526475727021/","106631626049851_1276526475727021",NA,83,8,14
"106631626049851","Ted Poe","TERRORISM UPDATE:  ·ISIS fighters attacked an Iraqi army outpost and a police station near the city of Tikrit on Friday, killing at least four soldiers and wounding 12 others, military and police sources said. The terrorists used a car bomb and two suicide attackers in their assault shortly after midnight on the army outpost in the town of al-Dour on Tikrit's outskirts, killing two officers and two soldiers, the sources said. Gunmen separately attacked the police station a short distance away and set fire to the building before fleeing the area. There were no casualties from that attack.  ·Bangladeshi police shot dead two Islamist terrorists on Friday in a gunfight in Dhaka, including a prime suspect in the killing of 20 hostages, mostly foreigners, in a cafe in the capital last year. Nurul Islam Marjan, a commander of a splinter group of the Jamaat-ul-Mujahideen Bangladesh (JMB), was killed along with another suspected terrorist, Saddam Hossain.  ·Elite Iraqi troops bridged a river under the cover of darkness to seize a district of Mosul in an unprecedented night raid early on Friday, part of a new phase in the battle to capture the city from ISIS after weeks of slowed momentum. Since last week, Iraqi forces have launched a renewed push to seize ground in the nearly three month-old offensive to capture the city, after progress stalled last month because of a need to slow the advance to protect civilians.  ·US-backed militias in Syria have captured an ancient citadel from ISIS in a strategically significant advance against the jihadist group in its stronghold of Raqqa province, a spokesman said on Friday. The Jabar citadel on the banks of Lake Assad was taken by the Syrian Democratic Forces alliance on Thursday, militia spokesman Talal Silo said. It is located near a dam on the Euphrates River that the US-backed alliance also aims to capture in the current phase of its campaign.  ·The Department of Defense announced yesterday that multiple airstrikes killed an estimated 20 or more al Qaeda “militants” in northern Syria at the beginning of the month. The results of the bombings are still being “assessed,” but US forces “struck two al Qaeda vehicles that had departed a large al Qaeda headquarters near Sarmada,” which is in the northern Idlib province, on January 1st. Then, on January 3rd, US forces “struck the headquarters compound itself, including multiple vehicles and structures.” Although the Defense Department doesn’t say it, the airstrikes were likely among the most significant carried out against al Qaeda facilities in Syria to date.  ·The State Department announced on Thursday that Osama bin Laden’s son, Hamza, has been added to the US government’s list of designated terrorists. State cites Hamza’s appearances in al Qaeda’s propaganda since Aug. 2015 as evidence of his important role in the organization. The junior bin Laden has called for terror attacks throughout the West, including inside the US, and he also encouraged “Saudi Arabian-based tribes to unite with” Al Qaeda in the Arabian Peninsula (AQAP) “to wage war against the Kingdom of Saudi Arabia.” Al Qaeda has released several messages from Hamza since mid-2015, but they have all been audio speeches. The terror organization has not published photos or video of Hamza as an adult, likely for security reasons.  ·Two car bombs in Baghdad claimed by ISIS killed at least 14 people on Thursday, police and medics said, part of a surge in violence across the capital. The first blast shook Baghdad's eastern al-Obeidi area during the morning rush, killing six and wounding 15. The second explosion hit the central district of Bab al-Moadham near a security checkpoint, killing eight.  ·The US has killed four mid-level ISIS commanders involved in military, suicide, chemical, and financial operations in airstrikes in both Iraq and Syria since the beginning of December 2016, the military announced over the past week.","2017-01-06T14:31:19+0000","link","http://poe.house.gov/index.cfm?p=terrorism-update","106631626049851_1276290242417311",NA,24,8,12
"106631626049851","Ted Poe","""Being sworn in is always an honor and a privilege, but this year is even more special for me. I am happy to also announce today that I am in remission from Leukemia. My fight is not yet over, but the progress that has been made in the last six months has been nothing short of miraculous, thanks to the Good Lord, the experts at MD Anderson Cancer Center, and the support and prayers of my family, friends, colleagues, staff and all of you. Since remission does not mean “cancer free”, I will continue to receive treatment both in Washington and Houston.  After a challenging six months, I am grateful to be able to be here in Washington doing what I love to do: fight for Texas""","2017-01-05T15:38:22+0000","link","http://poe.house.gov/press-releases?ID=443ADE64-03E2-461A-BA56-FFB1489E9402","106631626049851_1275484255831243",NA,1126,166,171
"106631626049851","Ted Poe","Today, I introduced H.R. 241, the Timely Repatriation Act of 2017, to restrict diplomatic visas to countries that deny or unreasonably delay the repatriation of a national ordered removed from the U.N.  The United States can no longer afford to give convicted foreign criminals a get-out-of-jail-free card. The safety of our own citizens is at stake. The issue is that we cannot permanently detain criminals and their countries of origin refuse to take them back. It is time we make them.  Read the entire release here: http://poe.house.gov/2017/1/poe-introduces-the-timely-repatriation-act-of-2017","2017-01-05T14:36:24+0000","photo","https://www.facebook.com/JudgeTedPoe/photos/a.137207746325572.19816.106631626049851/1275444719168530/?type=3","106631626049851_1275444719168530",NA,137,13,25
"106631626049851","Ted Poe","For years, Washington bureaucrats have repeatedly preached that the border is secure. The reality is that the majority of the southern border territory is controlled by someone other than the United States. Border patrol and local law enforcement do the best they can with the resources they currently have, but they need more help from the federal government.","2017-01-03T23:11:15+0000","link","http://poe.house.gov/2017/1/congressman-poe-introduces-the-smart-border-act","106631626049851_1274017475977921",NA,181,16,31
"106631626049851","Ted Poe","It’s great to be back in Washington for the start of the 115th Congress! Enjoyed seeing the Adams Family from Kingwood this morning.  Click below to watch the Swearing-In Ceremony and Floor Proceedings.","2017-01-03T17:16:40+0000","link","https://www.c-span.org/video/?420804-1%2Fus-house-meets-elect-speaker-swear-members&live","106631626049851_1273804329332569",NA,121,15,6
