"from_id","from_name","message","created_time","type","link","id","story","likes_count","comments_count","shares_count"
"109135405838588","Congressman Wm. Lacy Clay","A foreign adversary launched an attack on our democracy.  That is a threat which every American, regardless of party, should be alarmed about.  We must  take urgent, bipartisan action to stop this from happening again.","2017-06-21T17:48:46+0000","link","http://www.stltoday.com/news/national/govt-and-politics/congress-hears-sinister-tale-of-russia-election-meddling/article_e01d3f29-44a0-520d-8596-aa40d4077fef.html?utm_medium=social&utm_source=facebook&utm_campaign=user-share","109135405838588_1372890176129765",NA,29,2,1
"109135405838588","Congressman Wm. Lacy Clay","President Donald Trump is violating the foreign Emoluments Clause of the Constitution by profiting from foreign governments without the consent of Congress.  I joined with 195 of my colleagues in a lawsuit to force disclosure and a complete review of these constitutional violations.  Foreign governments have granted preliminary approval of trademarks, paid to stay at Trump hotels, and are leasing space at Trump properties.  President Trump continues to prioritize his business interests – and the interests of the foreign governments who give him money – over the interests of the American people.   We cannot trust Trump to put the American people first when he’s getting cash and benefits from the rest of the world.  Right now, the American people are in the dark. Americans deserve to know if President Trump is making policy decisions for his own financial benefit. American jobs and national security are at risk.  There is a complete lack of transparency by the Administration or any form of oversight by the Majority in Congress. House Democrats have sent numerous letters to President Trump that have gone unanswered concerning payments he received from foreign governments.  Congress has no choice but to ask our courts to step in to uphold our Constitution.","2017-06-20T17:06:59+0000","photo","https://www.facebook.com/CongressmanClayMO1/photos/a.120881531330642.30767.109135405838588/1371833562902093/?type=3","109135405838588_1371833562902093",NA,95,13,9
"109135405838588","Congressman Wm. Lacy Clay","Turning the clock back on civil rights enforcement won't make America great...but it will cause real pain for women, African Americans, Latinos, the disabled and new Americas.  They deserve better and the Constitution requires us to provide equal justice and protection for all...not just for some.","2017-06-19T17:44:33+0000","link","http://www.stltoday.com/opinion/editorial/editorial-trump-administration-systematically-dismantling-civil-rights-programs/article_eb012914-9791-55fd-9ba8-dd798b7bb736.html?utm_medium=social&utm_source=facebook&utm_campaign=user-share","109135405838588_1370849113000538",NA,29,11,38
"109135405838588","Congressman Wm. Lacy Clay",NA,"2017-06-16T23:21:40+0000","photo","https://www.facebook.com/amnestymissouri/photos/a.611151492289603.1073741832.604023006335785/1534869959917747/?type=3","109135405838588_1368211943264255","Congressman Wm. Lacy Clay shared Amnesty International - Missouri's photo.",63,4,0
"109135405838588","Congressman Wm. Lacy Clay",NA,"2017-06-15T19:00:23+0000","link","http://wapo.st/2rxfvRZ?tid=ss_fb&utm_term=.60599bf84e8a","109135405838588_1366983620053754","Congressman Wm. Lacy Clay shared a link.",21,2,2
"109135405838588","Congressman Wm. Lacy Clay","""As one Republican aide put it to Axios on Monday, “We aren’t stupid.” Better to pass a terrible bill in the cover of darkness just as the House did with its version, the American Health Care Act, in the hopes that critics do not have much time to raise a stink.""","2017-06-13T20:52:52+0000","link","https://www.nytimes.com/2017/06/13/opinion/senate-hides-trumpcare-health-care-bill.html?smid=fb-share","109135405838588_1365000826918700",NA,13,7,11
"109135405838588","Congressman Wm. Lacy Clay",NA,"2017-06-08T17:50:52+0000","link","http://www.stltoday.com/news/national/govt-and-politics/comey-lays-out-the-case-that-president-trump-obstructed-justice/article_58da86ca-f79c-54c9-83b0-3dfcf4eefdc7.html?utm_medium=social&utm_source=facebook&utm_campaign=user-share","109135405838588_1359406710811445","Congressman Wm. Lacy Clay shared a link.",18,1,0
"109135405838588","Congressman Wm. Lacy Clay","In the words of former Nixon staffer and Watergate investigation star witness John Dean: ""Today we saw the tip of the iceberg.""   The whole truth is coming closer.. Special Counsel Mueller will reveal the rest.  Two obvious conclusions from Director Comey's testimony... Trump lied, and he attempted to obstruct justice.","2017-06-08T17:25:28+0000","link","http://politi.co/2rQ3TLr","109135405838588_1359385547480228",NA,42,5,6
"109135405838588","Congressman Wm. Lacy Clay","The truth leads to one conclusion...obstruction of justice.","2017-06-07T21:47:27+0000","link","http://wapo.st/2r6FsqY?tid=ss_fb&utm_term=.3aec07608b31","109135405838588_1358595104225939",NA,49,4,4
"109135405838588","Congressman Wm. Lacy Clay","Director Comey not only took notes on his conversations with President Trump, he has FBI witnesses to back him up.  Stayed tuned...the truth is coming closer.","2017-06-07T17:43:28+0000","link","https://www.vox.com/policy-and-politics/2017/6/7/15751336/fbi-trump-russia-comey-trump-flynn?utm_campaign=vox&utm_content=entry&utm_medium=social&utm_source=facebook","109135405838588_1358434220908694",NA,152,52,34
"109135405838588","Congressman Wm. Lacy Clay","Remembering and forever grateful for the bravery and courage of these brave men who began the liberation of Europe from Nazi Germany on D-Day, June 6, 1944. 73-years ago today. Thank you for saving the world.","2017-06-06T21:50:46+0000","photo","https://www.facebook.com/CongressmanClayMO1/photos/a.120881531330642.30767.109135405838588/1357416517677131/?type=3","109135405838588_1357416517677131",NA,21,0,5
"109135405838588","Congressman Wm. Lacy Clay","ST. LOUIS POST-DISPATCH EDITORIAL 6.6.17 ""A tone-deaf, Twitter-obsessed president embarrasses his country.","2017-06-06T16:45:56+0000","link","http://www.stltoday.com/news/opinion/editorial/editorial-a-tone-deaf-twitter-obsessed-president-embarrasses-his-country/article_369b8e93-9be7-5238-9a53-0b630993d1a0.html?utm_medium=social&utm_source=facebook&utm_campaign=user-share","109135405838588_1357161074369342",NA,60,2,6
"109135405838588","Congressman Wm. Lacy Clay","Opportunity is knocking...over 100 great employers seeking to fill over 1,000 job openings right now!  MONDAY, 9:30AM CDT at Harris-Stowe State University's Emerson Performance Center.  Your new job is waiting to meet you at my Career Fair.  For more info, please call (314) 367-1970","2017-06-02T18:50:10+0000","video","https://www.facebook.com/CongressmanClayMO1/videos/1344030025682447/","109135405838588_1352730108145772","Congressman Wm. Lacy Clay shared their video.",9,0,0
"109135405838588","Congressman Wm. Lacy Clay","How many interviews are you going to line up at my Career Fair, next Monday, 9:30a.m. Harris-Stowe State University.  Over 100 companies seeking to fill over 1,000 job openings...and they want to meet you!  All free.  Get there early and bring your resume.  For more information, please call (314) 367-1970.","2017-05-31T18:41:11+0000","video","https://www.facebook.com/CongressmanClayMO1/videos/1344030025682447/","109135405838588_1350950498323733","Congressman Wm. Lacy Clay shared their video.",4,1,0
"109135405838588","Congressman Wm. Lacy Clay","Wow...just one week until my Career Fair...St. Louis' biggest and best free jobs event!  Over 100 top companies have over 1,000 jobs to fill and they want to meet you! Join me Monday, June 5th at Harris-Stowe State University.  Doors open at 9:30AM, get there early, bring your resumes and dress for success.  For more information, please call (314) 367-1970","2017-05-30T17:51:04+0000","video","https://www.facebook.com/CongressmanClayMO1/videos/1344030025682447/","109135405838588_1350111998407583","Congressman Wm. Lacy Clay shared their video.",16,0,0
"109135405838588","Congressman Wm. Lacy Clay","Boeing, Express Scripts, Charter Spectrum, Centene...just a few of the 100+ great companies who are trying to fill over 1,000 job openings at all levels...only at my Career Fair, St. Louis' biggest and best free jobs event.  Monday, June 5th, 9:30AM at Harris-Stowe State University.  Bring your resumes and get there early.  For more information, please call (314) 367-1970.","2017-05-25T17:35:14+0000","video","https://www.facebook.com/CongressmanClayMO1/videos/1344030025682447/","109135405838588_1345845485500901","Congressman Wm. Lacy Clay shared their video.",15,1,0
"109135405838588","Congressman Wm. Lacy Clay","Trump's budget would devastate vital human services provided by nonprofits to low and moderate income citizens, especially seniors.  We won't let that happen.","2017-05-25T17:00:10+0000","link","http://www.tinyurl.com/mg8fjlq","109135405838588_1345825202169596",NA,13,3,8
"109135405838588","Congressman Wm. Lacy Clay","Congratulations to Santia Maderios, of McCluer High School, the 1st place winner of my 17th annual Congressional Art Competition.  Looking forward to hosting her in DC as we unveil her winning entry at the U.S. Capitol complex.  Talented young people have a 1st Amendment right to express themselves.  Their art is true to them, and they deserve to be celebrated.","2017-05-24T20:16:31+0000","link","http://www.stltoday.com/news/local/govt-and-politics/clay-announces-new-winner-of-annual-art-contest/article_551a6dd9-066f-52c2-a697-0eb8be36424d.html?utm_medium=social&utm_source=facebook&utm_campaign=user-share","109135405838588_1345075172244599",NA,55,0,2
"109135405838588","Congressman Wm. Lacy Clay","Over 100 top employers seeking to fill over 1,000 jobs, and it's all free. Only at my Career Fair, St. Louis' biggest and best free jobs event. Join me Monday, June 5th at Harris-Stowe State University, 9:30AM..and bring your resumes. For more information, please call (314) 367-1970 or go to www.lacyclay.house.gov","2017-05-23T17:59:10+0000","video","https://www.facebook.com/CongressmanClayMO1/videos/1344030025682447/","109135405838588_1344030025682447",NA,33,2,57
"109135405838588","Congressman Wm. Lacy Clay","Note to President Trump...cutting funding for life-saving cures, Medicaid, Medicare, nutrition and violence prevention will not ""make America great again""...but it will punish seniors, the disabled, low-income Americans and at-risk children.  Your budget is a disaster for the American people and it is dead on arrival in Congress.","2017-05-23T16:46:22+0000","link","http://politi.co/2qQ8bSo","109135405838588_1343938825691567",NA,59,13,19
"109135405838588","Congressman Wm. Lacy Clay","Nixon would have been proud of this...unbelievable abuse of power...obstruction of justice.","2017-05-23T00:06:21+0000","link","http://wapo.st/2ruKr9n?tid=ss_fb&utm_term=.9f8088acefe1","109135405838588_1343370162415100",NA,33,22,11
"109135405838588","Congressman Wm. Lacy Clay","Great news for minority voters across the country and a victory for everyone's voting rights.","2017-05-22T22:23:11+0000","link","http://nbcnews.to/2rLKdqY","109135405838588_1343297885755661",NA,88,2,1
"109135405838588","Congressman Wm. Lacy Clay","The President of the United States told Russian officials in the Oval Office that he fired FBI Director James Comey because he was a ""nut job"" who was putting a lot of pressure on him.  Can you spell obstruction of justice?  Unbelievable.","2017-05-19T19:22:15+0000","link","https://www.nytimes.com/2017/05/19/us/politics/trump-russia-comey.html?smid=fb-share","109135405838588_1340428062709310",NA,17,5,7
"109135405838588","Congressman Wm. Lacy Clay","The right man to get to the whole truth.  No one is above the law, not even the President.  This investigation is about affirming the integrity of our democracy.","2017-05-17T22:31:08+0000","link","http://thehill.com/policy/national-security/333947-former-fbi-director-robert-mueller-to-lead-russia-investigation#.WRzOt9S3_zg.facebook","109135405838588_1338816166203833",NA,61,6,1
"109135405838588","Congressman Wm. Lacy Clay","No better man to get to the whole truth about Trump/Russia and he will follow the facts wherever they lead him. Applause for Deputy AG Rosenstein for showing real courage.","2017-05-17T22:28:08+0000","link","http://politi.co/2qxzHUX","109135405838588_1338814999537283",NA,92,3,9
"109135405838588","Congressman Wm. Lacy Clay","Last night, all 34 Democratic Members of the House Committee on Oversight and Government Reform and the House Committee on the Judiciary sent a detailed letter to their respective Republican Chairmen outlining their demand for an immediate investigation into the actions of President Donald Trump, Attorney General Jeff Sessions, and top White House aides:   “We are writing to request that the Oversight Committee and the Judiciary Committee launch an immediate joint investigation into whether President Donald Trump and his top officials are engaged in an ongoing conspiracy to obstruct the criminal, counter-intelligence, and oversight investigations currently being conducted by the Federal Bureau of Investigation, the Department of Justice, and Congress into members of his presidential campaign and their contacts with Russian officials.”   The letter explains:   “Given the gravity of the events that have occurred over the past several weeks, there is simply no reasonable question that the Oversight Committee and Judiciary Committee should already be conducting a robust investigation of these issues that includes public hearings, document requests, and interviews and depositions.  It is unacceptable to continue ignoring these scandals.”   With respect to the Oversight Committee’s lack of action to date, the letter states:   “Although Chairman Chaffetz recently sent a letter to the Department of Justice Inspector General, we believe that response is anemic—especially for the Oversight Committee, which claims to be the premiere investigative body in the House of Representatives—and particularly in comparison to the multiple ‘emergency’ hearings he called and the unilateral subpoenas he issued as part of the investigation into former Secretary of State Hillary Clinton.”   With respect to the Judiciary Committee’s lack of action to date, the letter states:   “On several occasions—through at least four letters to Chairman Goodlatte, and in debate on three separate resolutions of inquiry debated in the Judiciary Committee—we have called for the Majority to take action ‘to ensure the integrity and independence of both the Department of Justice and the Federal Bureau of Investigation’.”   The Members conclude:   “We are concerned that the continued failure of House Republicans to take action in the face of this onslaught of allegations will cause significant damage to the faith that the American people have in the credibility and integrity of our Committees and the House of Representatives.  We have a solemn obligation under the Constitution to act as a check on the Executive Branch and to hold President Trump accountable.  It is time to do our job.”   The letter requests an immediate public hearing with Director Comey and copies of all of the FBI Director’s memos relating to the President, as well as all associated agency and White House records, including any audio tapes, and notes, if they exist.     The letter also requests that the Oversight Committee schedule an immediate vote on a motion to subpoena the White House to produce documents it has been withholding in response to the bipartisan request from Ranking Member Cummings and Chairman Chaffetz on March 22, 2017.  All Democratic Members of the Oversight Committee sent a letter to Chairman Chaffetz on April 27, 2017, insisting that he press the White House to produce these documents, but the Chairman refused to even hold a meeting.   Click here to read the full letter.      List of Members Signing Letter   Elijah E. Cummings                            John Conyers, Jr. Ranking Member                                Ranking Member Committee on Oversight and              Committee on the Judiciary Government Reform  Carolyn Maloney Eleanor Holmes Norton                      Jerrold Nadler Wm. Lacy Clay                            Zoe Lofgren Stephen F. Lynch                               Sheila Jackson Lee Jim Cooper                                         Steve Cohen Gerald E. Connolly                             Henry Johnson Robin L. Kelly                                    Luis Gutierrez Brenda L. Lawrence                           Karen Bass Bonnie Watson Coleman                    Cedric Richmond Stacey E. Plaskett                               Hakeem Jeffries Val Butler Demings                            David Cicilline Raja Krishnamoorthi                         Eric Swalwell Jamie Raskin                                     Ted Lieu Peter Welch                                         Pramila Jayapal Matt Cartwright                                  Bradley Schneider Mark DeSaulnier                                 Theodore Deutch John Sarbanes","2017-05-17T19:17:36+0000","status",NA,"109135405838588_1338706109548172",NA,88,7,11
"109135405838588","Congressman Wm. Lacy Clay","The Oversight Committee, where I serve as a Senior Member, has invited former FBI Director James Comey to testify next Wednesday, and we have also demanded all tapes, records, transcripts and all other evidence regarding President Trump's conversations and communications with former Director Comey.  We will get to the truth.  The integrity of our democracy is at stake.","2017-05-17T18:40:46+0000","link","https://www.nytimes.com/2017/05/17/opinion/trump-comey-memo-obstruction-justice.html?smid=fb-share","109135405838588_1338673132884803",NA,129,27,12
"109135405838588","Congressman Wm. Lacy Clay","Comey took notes...Trump tried to obstruct justice.  Time for a special prosecutor, perhaps more. ""The memo was part of a paper trail Mr. Comey created documenting what he perceived as the president’s improper efforts to influence a continuing investigation. An F.B.I. agent’s contemporaneous notes are widely held up in court as credible evidence of conversations.""","2017-05-16T22:12:46+0000","link","https://www.nytimes.com/2017/05/16/us/politics/james-comey-trump-flynn-russia-investigation.html?smid=fb-share","109135405838588_1337983246287125",NA,38,9,4
"109135405838588","Congressman Wm. Lacy Clay","President Trump has a tortured relationship with the truth, not just with the American people, but with his own White House staff.  That's a real danger to our national security.","2017-05-16T19:24:45+0000","link","http://politi.co/2pQNGmJ","109135405838588_1337894252962691",NA,59,11,3
"109135405838588","Congressman Wm. Lacy Clay","From ""THE NEW YORKER"" 5.10.17...""Until the White House comes up with a less ludicrous rationalization for its actions, we can only assume that Trump fired Comey because the Russia investigation is closing in on him and his associates, and he knew that he didn’t have much sway over the F.B.I. director. That is the simplest theory that fits the facts. And it is a cause for great alarm.""","2017-05-10T17:02:13+0000","link","http://www.newyorker.com/news/john-cassidy/donald-trump-has-attacked-american-democracy","109135405838588_1332313053520811",NA,90,21,9
"109135405838588","Congressman Wm. Lacy Clay","Donald Trump is not above the law.  Richard Nixon learned that hard lesson.  History repeating itself?","2017-05-10T16:50:50+0000","link","https://www.nytimes.com/2017/05/10/us/politics/comey-russia-investigation-fbi.html?smid=fb-share","109135405838588_1332306316854818",NA,56,14,13
"109135405838588","Congressman Wm. Lacy Clay","Calling all job seekers...my Career Fair, St. Louis' biggest and best free jobs event is back on Monday, June 5th at Harris-Stowe State University.  Over 100 top companies, all of them are hiring, and they want to meet you.  For more information, call (314) 367-1970.","2017-05-09T19:20:53+0000","photo","https://www.facebook.com/SLATEMCC/photos/a.344363972280723.94242.177034442347011/1490660707651038/?type=3","109135405838588_1331532403598876","Congressman Wm. Lacy Clay shared SLATE Missouri Job Center's photo.",11,0,0
"109135405838588","Congressman Wm. Lacy Clay","For 18-days, even after being warned repeatedly that his National Security Advisor, Mike Flynn, was vulnerable to blackmail by the Russians, Donald Trump allowed Flynn to remain on the job and to have access to our most sensitive national security secrets and to take part in conversations with the very same foreign adversaries who may have compromised him.  Outrageous national security failure and an indefensible tolerance of corruption in the White House.","2017-05-09T19:09:18+0000","photo","https://www.facebook.com/CongressmanClayMO1/photos/a.120881531330642.30767.109135405838588/1331521180266665/?type=3","109135405838588_1331521180266665",NA,32,5,2
"109135405838588","Congressman Wm. Lacy Clay","The dangerous reality of TrumpCare, which House Republicans approved today without even reading the bill or knowing what it will cost is simply this…24 million Americans will lose their healthcare coverage; guaranteed coverage for preexisting conditions will be eliminated; essential patient benefits will be lost; Medicaid will be devastated; and Medicare will be robbed of billions of dollars.  It’s no wonder why they were in a huge rush to push this poisonous prescription down the throats of the American people.  Make no mistake, TrumpCare will cost lives.  And every Republican who voted for it today will own this shameful betrayal of the American people forever.  History will judge them. So will the voters.”   TrumpCare’s Devastating Impact on Healthcare  in St. Louis and across the United States  • 24 million Americans will lose their health coverage – including 14 million in 2018 alone; • 38,000 citizens in Missouri’s 1st CD could be stripped of their healthcare coverage. • Guaranteed coverage for those patients with preexisting conditions is gone. • Essential patient benefits will be lost. • TrumpCare is opposed by the AARP, the American Medical Association, the American Cancer Society, the American Diabetes Association, the American Nurses Association and virtually every other group that represents healthcare providers and healthcare advocates. • Under the GOP bill, 19 percent of the nonelderly population will be uninsured in 2026, compared to 10 percent in 2026 under current law. • The bill would have the effect of slashing Medicaid by $880 billion over the next 10 years. • Under the GOP bill, a 64-year-old with an income of $26,500 in the individual market will pay $12,900 more in their premiums each year. • The bill gives $600 billion in tax cuts to the wealthiest Americans and large corporations – including $2.8 billion to the 400 richest families in America alone.","2017-05-04T18:23:50+0000","status",NA,"109135405838588_1326957610723022",NA,104,72,128
"109135405838588","Congressman Wm. Lacy Clay","House Republicans are pushing for a vote on TrumpCare 2.0 tomorrow.  They are banking on a phony amendment to offer $8 billion to fund state-based, high-risk pools for the 131 million Americans who suffer from pre-existing conditions.  The states would need at least $200 billion to cover them.  TrumpCare 2.0 will cost lives.  Call your Member of Congress today and demand that they vote NO.","2017-05-03T19:01:17+0000","photo","https://www.facebook.com/CongressmanClayMO1/photos/a.120881531330642.30767.109135405838588/1326087110810072/?type=3","109135405838588_1326087110810072",NA,33,8,39
"109135405838588","Congressman Wm. Lacy Clay","“No parent should ever have to decide if they can afford to save their child’s life. It just shouldn’t happen. Not here.”","2017-05-02T17:44:02+0000","link","http://thehill.com/blogs/floor-action/house/331546-lawmaker-highlights-emotional-kimmel-monologue-on-house-floor#.WQjFUlNBQWI.facebook","109135405838588_1325076454244471",NA,48,1,1
"109135405838588","Congressman Wm. Lacy Clay","100 days of broken promises, obstructing the truth about Trump/Russia, harming the environment, and trying to strip healthcare coverage away from 24 million Americans.  That's not making America great...but it is doing great harm.  We will resist.","2017-04-28T17:11:06+0000","link","http://www.stltoday.com/news/opinion/columns/editorial-trump-has-amazingly-little-to-show-for-his-first/article_789908cd-d41b-52cf-a236-c3e2cbdeda6a.html?utm_medium=social&utm_source=facebook&utm_campaign=user-share","109135405838588_1320240208061429",NA,47,8,2
"109135405838588","Congressman Wm. Lacy Clay","Honored to nominate 13 exceptional young St. Louisans to attend our nation's military Service Academies.  They are academically gifted, community-oriented and ready to serve their country.  So proud of them.","2017-04-27T16:46:41+0000","link","http://www.stlamerican.com/news/local_news/clay-nominates-students-to-military-service-academies/article_6c075fb4-26d7-11e7-97ef-2f06954d8276.html?utm_medium=social&utm_source=facebook&utm_campaign=user-share","109135405838588_1318931558192294",NA,38,0,1
"109135405838588","Congressman Wm. Lacy Clay","Proud to stand on the U.S. House floor today in defense of my talented young constituent from St. Louis, David Pulphus.  His 1st Amendment rights are worth fighting for.  Especially grateful to so many of my colleagues from around the country who joined me to defend free speech, here in the people's House.","2017-04-26T21:26:12+0000","video","https://www.facebook.com/CSPAN/videos/10155527659585579/","109135405838588_1318126404939476","Congressman Wm. Lacy Clay shared C-SPAN's video.",25,15,0
"109135405838588","Congressman Wm. Lacy Clay","60% of the American people want to keep ObamaCare and have Congress work to make it better...we should do that. But House Republicans just offered an Amendment to allow TrumpCare 2.0 to strip away protections for patients with preexisting conditions.  Real pain for millions of people...lives lost too. Please stand with me to stop this when they try to bring TrumpCare up for a vote again.","2017-04-26T16:44:25+0000","link","https://politicalwire.com/2017/04/26/want-keep-fix-obamacare/","109135405838588_1317911628294287",NA,32,8,5
"109135405838588","Congressman Wm. Lacy Clay","Real leaders don't build walls...they build bridges.","2017-04-25T22:17:39+0000","link","http://politi.co/2pex4q8","109135405838588_1317115081707275",NA,124,10,6
"109135405838588","Congressman Wm. Lacy Clay","By a huge margin, the American people want and deserve the whole truth about Trump/Russia. That can only be produced by an independent investigation.  But Republicans in Congress are still obstructing that.  What are they hiding?","2017-04-24T20:38:01+0000","link","http://thehill.com/policy/international/russia/330258-poll-73-percent-want-independent-russia-probe#.WP5hVdGmKK8.facebook","109135405838588_1315952318490218",NA,66,3,12
"109135405838588","Congressman Wm. Lacy Clay",NA,"2017-04-18T22:13:56+0000","link","http://talkingpointsmemo.com/livewire/lacy-clay-david-palphus-untitled-1-appeal-court","109135405838588_1309384912480292","Congressman Wm. Lacy Clay shared a link.",22,12,4
"109135405838588","Congressman Wm. Lacy Clay","Here is a joint statement from my talented young constituent, David Pulphus, and myself...in response to the preliminary denial of an injunction regarding his award-winning painting:  “Our nation was founded on the very principle of freedom of speech, and there are few places where that core freedom warrants greater respect than the U.S. Capitol.  That is why we are confident that the U.S. Court of Appeals will eventually vindicate not only our legal rights, but those of the American people.  We believe our Constitution simply cannot tolerate a situation where artwork can be removed from the Capitol for the first time ever as a result of a series of ideologically and politically driven complaints.”","2017-04-18T19:59:01+0000","link","http://www.stltoday.com/news/local/crime-and-courts/clay-will-appeal-judge-s-rejection-of-student-s-painting/article_76e0c599-3f14-52dc-a96c-efdf3c79e64b.html?utm_medium=social&utm_source=facebook&utm_campaign=user-share","109135405838588_1309289729156477",NA,23,24,4
"109135405838588","Congressman Wm. Lacy Clay","A budget is a statement of our national priorities...and one of my highest priorities has always been supporting child and maternal health.  It's shameful that President Trump does not share that commitment.","2017-04-17T17:46:12+0000","link","http://www.stltoday.com/news/opinion/mailbag/clay-wagner-show-support-for-global-health-programs/article_54b922e0-a3d9-547a-83d4-c900838f20a1.html?utm_medium=social&utm_source=facebook&utm_campaign=user-share","109135405838588_1307945429290907",NA,14,2,0
"109135405838588","Congressman Wm. Lacy Clay","I helped create the Consumer Financial Protection Bureau as part of the landmark Dodd-Frank legislation which punished the worst abusive practices on Wall Street and within the financial services sector.  To date, the CFPB has returned over $29 billion to 12 million American consumers.  But House Republicans want to gut this agency.  The choice is clear...either you came to Washington to protect consumers, or you are here to protect someone else. Please help me protect the CFPB.","2017-04-05T17:48:04+0000","link","http://www.stltoday.com/news/opinion/why-we-must-defend-consumer-protection-regulations/article_09938c1b-2474-502f-856f-ed7e4bf7a5e3.html?utm_medium=social&utm_source=facebook&utm_campaign=user-share","109135405838588_1293949400690510",NA,33,8,6
"109135405838588","Congressman Wm. Lacy Clay","This Trump-Russia mess smells worse every day.  Turns out that even after President Obama expelled 35 Russian diplomats and imposed new sanctions on Putin & friends for assaulting our democratic process....this Blackwater guy, who happens to be the brother of Secretary of Education Betsy DeVoss, set up back channel communications between Trump and Putin.  Outrageous.  We need an independent investigation led by a special prosecutor now.","2017-04-03T21:24:33+0000","link","http://wapo.st/2ouHGUz?tid=ss_fb-bottom","109135405838588_1291728707579246",NA,31,9,27
"109135405838588","Congressman Wm. Lacy Clay","A clear link between Chairman Nunes, WH teaming up for a cover-up.  He needs to recuse himself and we need an independent investigation.","2017-03-30T17:23:10+0000","link","https://www.nytimes.com/2017/03/30/us/politics/devin-nunes-intelligence-reports.html?smid=fb-share","109135405838588_1286540914764692",NA,29,4,1
"109135405838588","Congressman Wm. Lacy Clay","Like most Washington cover-ups, this one will ultimately fall apart.  We need an independent investigation without delay.","2017-03-28T18:42:22+0000","link","http://politi.co/2o7qoN5","109135405838588_1284700864948697",NA,38,5,1
"109135405838588","Congressman Wm. Lacy Clay","The cover-up grows...it's obvious that the only option now is an independent investigation.  This is not about who won the election, this is about defending our democracy.","2017-03-28T16:33:54+0000","link","http://wapo.st/2mMpoOa?tid=ss_fb","109135405838588_1284602348291882",NA,46,6,8
"109135405838588","Congressman Wm. Lacy Clay","No other option...we need an independent investigation now...not another cover up.","2017-03-27T23:34:40+0000","link","http://politi.co/2nZIYGt","109135405838588_1283831501702300",NA,61,7,7
"109135405838588","Congressman Wm. Lacy Clay","Thanks to everyone who stood strong with me against TrumpCare.","2017-03-24T21:14:33+0000","link","http://www.stltoday.com/news/national/govt-and-politics/trump-gop-leaders-pull-health-care-bill-in-humiliating-loss/article_1b1a6b20-7d5e-56a4-b95f-efb513bd63b7.html?utm_medium=social&utm_source=facebook&utm_campaign=user-share","109135405838588_1280715215347262",NA,183,37,3
"109135405838588","Congressman Wm. Lacy Clay","This is no longer about political parties...it's about defending our democracy.  No choice now.  Congress must authorize an independent investigation immediately.","2017-03-23T01:05:14+0000","link","http://cnn.it/2mucy72","109135405838588_1278878485530935",NA,60,11,6
"109135405838588","Congressman Wm. Lacy Clay","Thanks to my great friend, former Vice President Joe Biden for rallying with us today to mark the 7th anniversary of the Affordable Care Act that is helping millions of Americans.  I fought hard to pass this bill, and tomorrow, I will fight hard to defend it against the despicable attempt by House Republicans to repeal it.  Over 200,000 Missourians could lose their healthcare coverage if the Affordable Care Act is repealed.  Call you Member of Congress today and tell them to vote NO.","2017-03-22T17:45:45+0000","photo","https://www.facebook.com/CongressmanClayMO1/photos/a.120881531330642.30767.109135405838588/1278578855560898/?type=3","109135405838588_1278578855560898",NA,40,4,3
"109135405838588","Congressman Wm. Lacy Clay","Over 38,000 St. Louisans could lose their healthcare coverage if House Republicans repeal the Affordable Care Act.  They are among 24 million Americans who would be hurt by this despicable bill.  The vote is tomorrow, Call your Member of Congress in Missouri and tell them to vote NO.  The ACA saves lives.  Protect Our Care","2017-03-22T17:36:42+0000","photo","https://www.facebook.com/CongressmanClayMO1/photos/a.120881531330642.30767.109135405838588/1278571578894959/?type=3","109135405838588_1278571578894959",NA,26,3,5
"109135405838588","Congressman Wm. Lacy Clay","The testimony of FBI Director Comey makes clear that we have no choice but to appoint a special counsel to conduct an independent investigation into Russian attempts to infiltrate and influence the 2016 presidential election, including whether associates of the President coordinated with them in any way.  The defense of our democracy requires nothing less.","2017-03-21T17:12:57+0000","link","http://www.stltoday.com/news/opinion/columns/the-platform/editorial-yes-the-fbi-is-investigating-russian-election-hacks-no/article_5fab3b71-6091-5506-a120-9af816639b22.html?utm_medium=social&utm_source=facebook&utm_campaign=user-share","109135405838588_1277531255665658",NA,44,3,3
"109135405838588","Congressman Wm. Lacy Clay","Honored to speak on the House floor today in memory of an American musical legend, a St. Louis original, and a former neighbor and friend of the Clay family for six decades...the father of Rock n' Roll, Chuck Berry, who passed away last Saturday at the age of 90.  His musical genius is a jewel in the crown of St. Louis' rich musical heritage and his legacy and unique sound will continue to inspire artists and fans everywhere as long as we have Rock n' Roll.","2017-03-21T16:47:40+0000","video","https://www.facebook.com/CongressmanClayMO1/videos/1277508855667898/","109135405838588_1277508855667898",NA,25,0,2
"109135405838588","Congressman Wm. Lacy Clay","It's time for my 17th Annual Congressional Art Competition!  This is your chance to win a free trip to Washington, DC where your winning artwork will be unveiled as part of a public exhibit at the U.S. Capitol complex.  All high school artists who live in Missouri's 1st Congressional District are eligible.  Deadline for entries is May 3rd.  Please call (314) 669-9393 for more info.  Or email us at mo1stdistrict@gmail.com","2017-03-17T19:23:59+0000","photo","https://www.facebook.com/CongressmanClayMO1/photos/a.120881531330642.30767.109135405838588/1274000762685374/?type=3","109135405838588_1274000762685374",NA,7,1,1
"109135405838588","Congressman Wm. Lacy Clay","A Muslim travel ban by any other name is still a Muslim travel ban.  It's wrong, it's offensive, it's un-American, and it emboldens extremists who wish to do us harm.  Suspending the refugee program makes no sense either.   We have a moral duty to welcome them and keep them safe. And the fact is, they make America stronger.","2017-03-15T23:11:51+0000","link","http://wapo.st/2nlGRMY?tid=ss_fb","109135405838588_1272416506177133",NA,44,4,2
"109135405838588","Congressman Wm. Lacy Clay","Amazing new exhibit at the Missouri History Museum in St. Louis,,,time to tell the untold history of the fight for freedom.  Free.","2017-03-15T16:37:53+0000","link","http://www.stltoday.com/entertainment/arts-and-theatre/culture-club/missouri-history-museum-exhibition-puts-st-louis-on-civil-rights/article_cbca467e-cb75-5865-bc84-c960658587ab.html?utm_medium=social&utm_source=facebook&utm_campaign=user-share","109135405838588_1272173379534779",NA,30,3,4
"109135405838588","Congressman Wm. Lacy Clay","Trumpcare is a train wreck.  After all of the Republicans’ hollow promises, the devastating reality of their cruel plan has been revealed.  It’s no wonder why they pushed this reckless and irresponsible mess forward in the middle of the night and are in such a huge rush to force this poisonous prescription down the throats of the American people.    Their bill would deprive 24 million Americans of their healthcare coverage while handing billionaires a deficit-busting tax break. And it will also significantly weaken Medicare and Medicaid.   Trumpcare will make America sicker, not stronger; and I will work tirelessly to defeat it.  Key Findings of the CBO Report  24 million Americans will lose their health coverage – including 14 million in 2018 alone.  301,000 individuals across Missouri who have gained coverage via the ACA could lose their coverage.  38,000 citizens in Missouri’s 1st CD could be stripped of their healthcare coverage.  225,878 individuals in Missouri who received financial assistance to purchase ACA Marketplace coverage in 2016, averaging $315 per individual, are at risk of having coverage become unaffordable under the Republican plan.  Women in the state who can now purchase insurance for the same price as men are at risk of being charged more for insurance if the Republican Congress eliminates the ACA’s ban on gender rating.  Under the GOP bill, 19 percent of the nonelderly population will be uninsured in 2026, compared to 10 percent in 2026 under current law…almost doubling the number of uninsured Americans.  The bill would have the effect of slashing Medicaid by $880 billion over the next 10 years.  Under the GOP bill, a 64-year-old with an income of $26,500 in the individual market will pay $12,900 more in their premiums each year.  By defunding Planned Parenthood for one year, the bill would have the result of many women losing access to care, including contraceptives and other family planning services.    The bill gives $600 billion in tax cuts to the wealthiest Americans and large corporations – including $2.8 billion to the 400 richest families in America alone.","2017-03-14T16:54:22+0000","status",NA,"109135405838588_1271354356283348",NA,49,14,5
"109135405838588","Congressman Wm. Lacy Clay","Proud to stand up for full equality for LGBT citizens.  We won't take one step back!","2017-03-10T19:26:09+0000","photo","https://www.facebook.com/HRCSTL/photos/a.789935777692644.1073741826.187885914564303/1431832560169626/?type=3","109135405838588_1267453316673452","Congressman Wm. Lacy Clay shared HRC St. Louis's post.",15,0,0
"109135405838588","Congressman Wm. Lacy Clay",NA,"2017-03-10T19:19:24+0000","video","https://www.facebook.com/HouseDemocrats/videos/10154992255168548/","109135405838588_1267448563340594","Congressman Wm. Lacy Clay shared House Democrats's live video.",21,4,0
"109135405838588","Congressman Wm. Lacy Clay","America's best constitutional scholars to help me fight for David Pulphus' 1st Amendment rights in federal court.","2017-03-08T23:57:49+0000","link","http://www.stltoday.com/news/local/govt-and-politics/noted-lawyer-tribe-to-join-clay-s-lawsuit-on-controversial/article_811d9d12-6e61-5947-9481-cf2f20827345.html?utm_medium=social&utm_source=facebook&utm_campaign=user-share","109135405838588_1265647290187388",NA,26,3,3
"109135405838588","Congressman Wm. Lacy Clay","President Trump’s revised Muslim travel ban is cruel, ineffective, and counterproductive to our national security.  It will do nothing to keep America safe but it will empower the extremists who wish to do us harm.    We must continue to welcome and defend refugees and immigrants without discriminating against them on the basis of their religion or country of origin.  And we will demand equal protection under the law for all, as required by the Constitution.  Since the 9-11 attacks, there has not been a single case where a refugee admitted to the United States committed a terrorist attack.  And this revised Muslim travel ban does not even cover the nations that produced the 9-11 terrorists. Those are the facts, and the refugee vetting process, which takes almost two years, is already very strict.   It works.  People of faith across this country are united in opposing this terrible, totally un-American action that violates our core values, contributes nothing to our national security, and emboldens extremism.","2017-03-06T20:03:16+0000","status",NA,"109135405838588_1263606203724830",NA,46,3,5
"109135405838588","Congressman Wm. Lacy Clay","The time for excuses and evasions is over. Too many unanswered questions, too many lies.  We must have an independent, bipartisan investigation that will follow the facts wherever they lead.","2017-03-03T02:02:53+0000","link","http://politi.co/2mj7SQh","109135405838588_1260331914052259",NA,47,5,7
"109135405838588","Congressman Wm. Lacy Clay","Protecting polluters and making it harder to protect clean air and safe water will not make America great...it will put everyone at risk.  Wrong, reckless, irresponsible.,","2017-03-01T20:08:41+0000","link","https://wpo.st/Lu_e2","109135405838588_1259341570817960",NA,25,2,14
"109135405838588","Congressman Wm. Lacy Clay","Americans want Congress to strengthen consumer protection not gut it...I helped to create the Consumer Financial Protection Bureau and I intend to fight to keep it.","2017-02-27T18:11:37+0000","link","http://www.stltoday.com/news/opinion/columns/the-platform/editorial-lawmakers-want-to-gut-a-consumer-watchdog-americans-want/article_3ce15f03-8828-5514-becd-232801fd7bb5.html?utm_medium=social&utm_source=facebook&utm_campaign=user-share","109135405838588_1257530000999117",NA,39,5,6
"109135405838588","Congressman Wm. Lacy Clay","No more excuses or attempts to obstruct...time for a bipartisan, independent investigation.","2017-02-24T22:48:25+0000","link","http://nbcnews.to/2mtWNbM","109135405838588_1255179064567544",NA,59,14,11
"109135405838588","Congressman Wm. Lacy Clay","You can't censor or suppress the free press, that's not what America is about.  This is an outrageous assault on the 1st Amendment. Democrats and Republicans who respect the Constitution need to stand together to oppose this.  The media is not the ""enemy of the people.""  They are the eyes and ears of an informed citizenry.","2017-02-24T22:11:09+0000","link","http://politi.co/2mgeFLh","109135405838588_1255159404569510",NA,71,8,16
"109135405838588","Congressman Wm. Lacy Clay","Standing with my constituents and our wonderful St. Louis interfaith leadership to reject hate, condemn Antisemitism and repair the damage at the historic Chesed Shel Emeth cemetery in University City, MO.","2017-02-24T00:00:36+0000","video","https://www.facebook.com/stlecumenism/videos/1249844541777830/","109135405838588_1254300144655436","Congressman Wm. Lacy Clay shared Ecumenical and Interreligious Affairs's video.",18,6,0
"109135405838588","Congressman Wm. Lacy Clay","Because the 1st Amendment is worth fighting for.","2017-02-23T19:25:17+0000","link","http://www.stlamerican.com/entertainment/living_it/clay-files-suit-over-ferguson-painting/article_a047f00a-f986-11e6-b17b-6b1ff668353d.html?utm_medium=social&utm_source=facebook&utm_campaign=user-share","109135405838588_1254106518008132",NA,58,9,6
"109135405838588","Congressman Wm. Lacy Clay","Bipartisan, independent...time to put country ahead of party.","2017-02-17T21:40:02+0000","link","https://morningconsult.com/2017/02/17/first-house-republican-joins-effort-create-commission-russia-hacks/","109135405838588_1248906571861460",NA,98,11,13
"109135405838588","Congressman Wm. Lacy Clay","""Congress must grow a spine and compel testimony under oath. Country comes before party.""  - St. Louis Post-Dispatch editorial 2.15.17","2017-02-15T19:33:20+0000","link","http://www.stltoday.com/news/opinion/columns/the-platform/editorial-congressional-republicans-must-put-country-before-party-on-trump/article_a9d05d83-98ef-54be-97b7-b7a57aa4843a.html?utm_medium=social&utm_source=facebook&utm_campaign=user-share","109135405838588_1246424538776330",NA,66,7,13
"109135405838588","Congressman Wm. Lacy Clay","Why did the President allow this threat to remain at the heart of our national security team for 19-days?.  What prevented him from acting? This is not about politics anymore, it's about defending our democracy.  We need to come together to launch an independent, bipartisan investigation now...today, no more excuses.","2017-02-14T20:06:57+0000","link","https://www.nytimes.com/2017/02/14/us/politics/flynn-russia-trump-resignation.html?smid=fb-share","109135405838588_1245453782206739",NA,56,18,7
"109135405838588","Congressman Wm. Lacy Clay","Speaker Ryan and House Republicans are refusing to investigate this obvious threat to our national security.  Let them know that we need to know the truth, the whole truth...right now....wherever that leads.","2017-02-14T18:57:43+0000","link","https://www.nytimes.com/2017/02/14/us/politics/congress-nsc-flynn.html?smid=fb-share","109135405838588_1245408098877974",NA,50,3,16
"109135405838588","Congressman Wm. Lacy Clay","Voting Rights are worth fighting for.","2017-02-14T00:31:29+0000","link","https://wpo.st/MpLb2","109135405838588_1244726915612759",NA,27,7,8
"109135405838588","Congressman Wm. Lacy Clay","Ruling was unanimous and bipartisan.","2017-02-09T23:33:07+0000","link","http://thehill.com/policy/transportation/318327-appeals-court-rejects-trump-on-travel-ban#.WJz7_riFVeI.facebook","109135405838588_1240739092678208",NA,108,10,5
"109135405838588","Congressman Wm. Lacy Clay","Shameful assault on the environment and trampling on the rights of Native Americans for dirty oil that Americans don't need.","2017-02-07T21:02:08+0000","link","http://thehill.com/policy/energy-environment/318341-trump-admin-to-approve-dakota-access-oil-pipeline#.WJo1FcPpnBw.facebook","109135405838588_1238640486221402",NA,14,9,6
"109135405838588","Congressman Wm. Lacy Clay",NA,"2017-01-31T18:46:54+0000","link","http://www.stlamerican.com/news/local_news/clay-says-trump-executive-order-is-illegal-unconstitutional-and-un/article_b05d9560-e7c2-11e6-bbaf-578389351b75.html?utm_medium=social&utm_source=facebook&utm_campaign=user-share","109135405838588_1231848073567310","Congressman Wm. Lacy Clay shared a link.",93,23,6
"109135405838588","Congressman Wm. Lacy Clay","President Trump’s Muslim travel ban and complete ban on admitting refugees is not only illegal, it’s un-American, mean-spirited, and will harm national security.  We will defend and welcome refugees, we will resist discrimination based on religion and national origin, and we will demand equal treatment under the law for all.  Since the 9-11 attacks, there has not been a single instance where a refugee admitted to the United States committed a terrorist attack.  Those are the facts, and the vetting process, which takes almost two years, is already very strict.   It works.  Besides violating the Constitution, this Executive Order will weaken the United States across the world by giving aid, comfort and increased motivation to jihadist extremists who wish to do us harm.  We can’t have a President who acts without thinking about how his actions harm innocent people and violate who we are as Americans.  People of faith across this country are united in opposing this terrible, totally un-American action that violates the law and our core values.  Our faith compels us to be kind to the stranger, and to comfort the oppressed.  And as the leader of my church, Pope Francis, said just yesterday: “You cannot reject refugees and call yourself a Christian.","2017-01-31T01:15:27+0000","status",NA,"109135405838588_1231186253633492",NA,134,29,7
"109135405838588","Congressman Wm. Lacy Clay","Our faith traditions compel us to be kind to the stranger.","2017-01-30T18:59:18+0000","link","http://usuncut.com/news/pope-francis-cannot-reject-refugees-call-christian/","109135405838588_1230988610319923",NA,29,8,6
"109135405838588","Congressman Wm. Lacy Clay","Wonderful words of faith, compassion and humanity from St. Louis Archbishop Robert Carlson - ""Be kind to the stranger.""","2017-01-26T18:58:06+0000","link","http://www.stlamerican.com/news/columnists/guest_columnists/archbishop-carlson-s-pastoral-message-on-immigration-and-reconciliation/article_d54fc92a-df38-11e6-bc04-fb070d22220d.html?utm_medium=social&utm_source=facebook&utm_campaign=user-share","109135405838588_1227588793993238",NA,7,4,0
"109135405838588","Congressman Wm. Lacy Clay",NA,"2017-01-25T21:48:38+0000","link","http://www.stltoday.com/news/local/metro/halting-refugee-resettlement-program-a-terrible-idea-says-washu-professor/article_93d4dc4b-e953-59f7-95c1-dcae64faea93.html?utm_medium=social&utm_source=facebook&utm_campaign=user-share","109135405838588_1226657424086375","Congressman Wm. Lacy Clay shared a link.",4,1,0
"109135405838588","Congressman Wm. Lacy Clay",NA,"2017-01-24T20:59:29+0000","link","https://sierra.secure.force.com/actions/National?actionId=AR0066424&id=70131000001Lp1FAAS&utm_medium=recruit&utm_campaign=addthis&utm_source=facebook#.WIe_1c0aMME.facebook","109135405838588_1225462100872574","Congressman Wm. Lacy Clay shared a link.",17,6,2
"109135405838588","Congressman Wm. Lacy Clay","From the Washington Post editorial page...because the 1st Amendment is worth fighting for.","2017-01-20T01:04:06+0000","link","http://wpo.st/jKwS2","109135405838588_1220605258024925",NA,27,32,2
"109135405838588","Congressman Wm. Lacy Clay","The Affordable Care Act is worth fighting for.  The Republican plan to repeal it with no replacement will cost lives, explode the deficit and make America sick again.","2017-01-17T21:38:12+0000","link","http://politi.co/2iJNyVL","109135405838588_1218609214891196",NA,21,26,0
"109135405838588","Congressman Wm. Lacy Clay","You can be sure that I will appeal this unprecedented and unconstitutional suppression of the 1st Amendment guarantee of freedom of expression.","2017-01-17T21:02:40+0000","link","http://www.stltoday.com/news/local/govt-and-politics/controversial-capitol-painting-by-former-st-louis-student-taken-down/article_5be72f3a-5a97-5eb0-9620-853fae415e7b.html?utm_medium=social&utm_source=facebook&utm_campaign=user-share","109135405838588_1218582774893840",NA,33,36,2
"109135405838588","Congressman Wm. Lacy Clay",NA,"2017-01-13T18:25:06+0000","link","http://www.theroot.com/the-art-speaks-for-itself-1791134330?utm_medium=sharefromsite&utm_source=The_Root_facebook","109135405838588_1214731108612340","Congressman Wm. Lacy Clay shared a link.",35,185,6
"109135405838588","Congressman Wm. Lacy Clay","From the beginning, this has really been about just two simple things...standing up for my 18-year old constituent, and defending the 1st Amendment.  This painting, like the 400+ other entries, was accepted and approved by the Congressional Art Competition and it has been peacefully displayed in a public forum for more than six months.  I am not going to accept vigilante censorship...I hope you won't either.  The 1st Amendment means what it says.","2017-01-12T20:28:09+0000","video","https://www.facebook.com/CongressmanClayMO1/videos/1213949225357195/","109135405838588_1213949225357195",NA,96,163,31
"109135405838588","Congressman Wm. Lacy Clay","Stop vigilante censorship, let's defend the 1st Amendment.","2017-01-12T18:48:07+0000","link","http://www.stlamerican.com/entertainment/living_it/art-is-in-the-eye-of-the-beholder-but-the/article_f037dd52-d742-11e6-83f6-cb00d8907c8f.html?utm_medium=social&utm_source=facebook&utm_campaign=user-share","109135405838588_1213907945361323",NA,49,122,14
"109135405838588","Congressman Wm. Lacy Clay","The Republicans don't have a plan to repeal and replace Obamacare, all they have is a tweet.  I agree with the American Medical Association, we can't turn our backs on the 20M Americans who have coverage under the AC A and the 185 million who are now better protected under private health insurance because of this historic law.","2017-01-04T17:35:52+0000","link","http://thehill.com/policy/healthcare/312576-doctors-group-warns-against-loss-of-coverage-from-obamacare-repeal#.WG0xyIGKYb4.facebook","109135405838588_1206915392727245",NA,44,502,8
"109135405838588","Congressman Wm. Lacy Clay","Truly humbled to take the Oath of Office for another term as your Congressman.  Thank you for trusting me to be your voice in the U.S. House.  We are a strong people and our nation will endure the difficult days ahead...as long as we stand up and keep fighting for what we believe in.  I hope you will stand with me.","2017-01-04T01:40:47+0000","photo","https://www.facebook.com/CongressmanClayMO1/photos/a.120881531330642.30767.109135405838588/1206321019453349/?type=3","109135405838588_1206321019453349",NA,46,318,3
