"from_id","from_name","message","created_time","type","link","id","story","likes_count","comments_count","shares_count"
"144408762280226","Congressman Tom Marino","I am deeply saddened by the shooting this morning during the Republican team's practice for the Congressional Baseball game. My family and I are praying for those who were injured and grateful to law enforcement who ran into harms way.","2017-06-14T15:33:47+0000","status",NA,"144408762280226_1338774399510317",NA,163,48,11
"144408762280226","Congressman Tom Marino","Though our nation, and our politics, has become increasingly divided over the years, there are some issues that still unite both sides of the aisle. Caring for Americans living with kidney disease and kidney failure has been one of those unifying issues. I urge my colleagues in the House to join us in safeguarding the health of Americans with kidney disease, just as Congress promised to do so many years ago.","2017-06-13T17:06:04+0000","link","http://thehill.com/blogs/congress-blog/healthcare/337316-expanding-access-supporting-research-and-sustaining-medicare","144408762280226_1337917876262636",NA,39,29,8
"144408762280226","Congressman Tom Marino","It is important to me that we give all of our law enforcement professionals the proper tools and resources to protect themselves. I am happy justice was served for Eric Williams.","2017-06-07T22:40:21+0000","link","https://www.congress.gov/bill/114th-congress/senate-bill/238?q=%7B%22search%22%3A%5B%22S.+238%22%5D%7D&r=2","144408762280226_1332315210156236",NA,39,9,3
"144408762280226","Congressman Tom Marino","Kidney disease has touched the lives of millions of Americans, including myself, and this bill is a step in the right direction to better understand the disease and find a cure.","2017-06-05T15:14:45+0000","link","https://marino.house.gov/media-center/press-releases/reps-marino-lewis-reintroduce-kidney-disease-bi","144408762280226_1330137453707345",NA,64,31,15
"144408762280226","Congressman Tom Marino","It was a great Memorial Day weekend.","2017-05-30T00:36:46+0000","photo","https://www.facebook.com/CongressmanMarino/photos/a.678156815572082.1073741827.144408762280226/1323988254322265/?type=3","144408762280226_1323988447655579","Congressman Tom Marino added 2 new photos.",140,22,2
"144408762280226","Congressman Tom Marino","I am pleased to join my colleague in introducing H.Con.Res. 58 to recognize May as Cystic Fibrosis Awareness Month. My daughter Chloe lives with Cystic Fibrosis and I have done everything I can to make sure she receives the best care possible so she can live a long and prosperous life. I hope that by bringing awareness to Cystic Fibrosis we can find a cure for not only this disease but all other rare diseases.","2017-05-20T15:55:11+0000","link","https://marino.house.gov/media-center/press-releases/reps-marino-mcgovern-introduce-bipartisan-resolution-recognizing-cystic","144408762280226_1315057331882024",NA,91,35,18
"144408762280226","Congressman Tom Marino","I always enjoy visiting and speaking with students in the district. Thank you Williamsport High School for the great discussion.","2017-05-18T23:21:19+0000","photo","https://www.facebook.com/CongressmanMarino/photos/a.678156815572082.1073741827.144408762280226/1313315958722828/?type=3","144408762280226_1313316888722735","Congressman Tom Marino added 2 new photos.",102,30,4
"144408762280226","Congressman Tom Marino","For six years, Obamacare has failed the American people. I have been a vocal leader in efforts to repeal this failed health care law.  The AHCA is a vast improvement over Obamacare and it will give the American people the freedom to choose their own health care. As a three time cancer survivor, and the father of someone living with Cystic Fibrosis, I am proud to vote for a bill that continues to protect the most vulnerable Americans.","2017-05-05T17:24:15+0000","link","https://marino.house.gov/media-center/press-releases/rep-marino-statement-passage-american-health-care-act","144408762280226_1301722373215520",NA,196,377,65
"144408762280226","Congressman Tom Marino","“Due to a critical illness in my family, I have, with regret and the utmost respect, informed the White House that I must withdraw my name from consideration for Director of the Office of National Drug Control Policy. I thank the President for the enormous honor of considering me for this lead role in the effort to address one of the most pressing issues facing our nation and my state today: the opioid epidemic. I will remain in Congress and continue to support President Trump in whatever way I can.”","2017-05-04T03:50:11+0000","link","https://marino.house.gov/media-center/press-releases/rep-marino-releases-statement-possible-drug-czar-appointment","144408762280226_1299924896728601",NA,79,175,39
"144408762280226","Congressman Tom Marino","We are hosting a joint Service Academy Informational Session at Clarks Summit Elementary School.   The event is set to take place on Wednesday, April 19th from 6:30 p.m. to 8:30 p.m. and is open to all interested students and their families.","2017-04-07T12:42:41+0000","link","https://marino.house.gov/media-center/press-releases/nepa-representatives-host-service-academy-informational-session","144408762280226_1271376212916803",NA,14,33,6
"144408762280226","Congressman Tom Marino","Congrats to Jennifer Wahl, a social studies teacher at Loyalsock Township High School, who was named one of only 12 finalists for Pennsylvania Teacher of the Year.","2017-04-05T15:21:39+0000","link","http://www.sungazette.com/news/top-news/2017/04/world-traveler-in-the-running-for-statewide-prestige/","144408762280226_1269268956460862",NA,71,17,5
"144408762280226","Congressman Tom Marino","Our Postal Service workers are some of the hardest working people that I know.  I am proud to be there to support them every step of the way.","2017-03-29T16:10:29+0000","link","http://theabingtonjournal.com/news/27302/clarks-summit-postal-carrier-anthony-fiore-recognized-as-million-mile-man","144408762280226_1262510113803413",NA,44,20,4
"144408762280226","Congressman Tom Marino","Frank is always on duty in our office. Happy National Puppy Day!","2017-03-23T18:17:44+0000","photo","https://www.facebook.com/CongressmanMarino/photos/a.160751540645948.54125.144408762280226/1257239180997173/?type=3","144408762280226_1257239180997173",NA,169,87,4
"144408762280226","Congressman Tom Marino","I was awarded the Spirit of Enterprise Award by the US Chamber of Commerce.  I am proud to support legislation that helps our businesses create good paying jobs.","2017-03-22T15:33:04+0000","photo","https://www.facebook.com/CongressmanMarino/photos/a.160751540645948.54125.144408762280226/1256286194425805/?type=3","144408762280226_1256286194425805",NA,67,49,5
"144408762280226","Congressman Tom Marino","Good luck to teacher Ryan Monoski from the Montgomery Area School District on his classes participating in the 14th Annual-Capitol Hill Challenge. This year, approximately 14,000 students will compete in all 50 states, in every congressional district. The Capitol Hill Challenge is a national middle and high school competition that uses the SIFMA Foundation's award-winning, curriculum-based Stock Market Game(tm) to aid students' understanding of the global economy, become college and career ready, and improve their knowledge of math, economics, and business.","2017-03-21T13:33:15+0000","photo","https://www.facebook.com/CongressmanMarino/photos/a.160751540645948.54125.144408762280226/1255284761192615/?type=3","144408762280226_1255284761192615",NA,55,16,19
"144408762280226","Congressman Tom Marino","Our military men and women deserve to know that we have their backs. We have the greatest military in the world, with the best trained men and women.  It is vital that we continue to provide them with the necessary resources to ensure their continued success.","2017-03-10T14:20:03+0000","link","https://marino.house.gov/media-center/press-releases/marino-praises-defense-appropriations-act-passage","144408762280226_1245663962154695",NA,74,57,9
"144408762280226","Congressman Tom Marino","I always enjoy meeting with business and industry leaders in my district. I met recently with representatives from the Innovative Manufacturers’ Center, Northeastern PA Industrial Resource Center and local manufacturers.  Reducing overreaching government regulation and providing a level playing field is crucial to these businesses. I am proud to have these vibrant industries in Northeastern and Central Pennsylvania!","2017-03-07T18:12:19+0000","photo","https://www.facebook.com/CongressmanMarino/photos/a.160751540645948.54125.144408762280226/1242828922438199/?type=3","144408762280226_1242828922438199",NA,38,49,11
"144408762280226","Congressman Tom Marino","I was happy to stop by the Central Pennsylvania Food Bank in Williamsport. The Central Pennsylvania Food Bank does a tremendous job of helping to feed our neighbors who are most in need!","2017-03-04T13:12:57+0000","photo","https://www.facebook.com/CongressmanMarino/photos/a.160751540645948.54125.144408762280226/1240318029355955/?type=3","144408762280226_1240318029355955",NA,89,35,6
"144408762280226","Congressman Tom Marino","I look forward to working with the president on more legislation that replaces Obamacare with a more cost effective and patient centered plan, ensures that those entering our country are doing so the right way, provides our middle class families much needed tax relief and works to bring jobs back to our country.","2017-03-01T13:45:10+0000","link","https://edit-marino.house.gov/media-center/press-releases/marino-reacts-president-donald-j-trump-s-joint-session-congress-speech","144408762280226_1238006002920491",NA,161,79,9
"144408762280226","Congressman Tom Marino","Many of us have a friend or family member with a rare disease. Please join me in continuing to support research and development for all rare diseases.","2017-03-01T03:07:41+0000","photo","https://www.facebook.com/CongressmanMarino/photos/a.160751540645948.54125.144408762280226/1237698826284542/?type=3","144408762280226_1237698826284542",NA,13,14,5
"144408762280226","Congressman Tom Marino","I got many good questions from constituents last night in Williamsport.","2017-02-24T15:17:22+0000","photo","https://www.facebook.com/CongressmanMarino/photos/a.160751540645948.54125.144408762280226/1233419786712446/?type=3","144408762280226_1233419786712446",NA,110,110,8
"144408762280226","Congressman Tom Marino","I stopped by the White House to see President Trump.","2017-02-17T18:10:20+0000","photo","https://www.facebook.com/CongressmanMarino/photos/a.160751540645948.54125.144408762280226/1227578780629880/?type=3","144408762280226_1227578780629880",NA,213,98,21
"144408762280226","Congressman Tom Marino","Today, I stopped by the PAWS for Love event hosted by the ASPCA.","2017-02-14T20:35:32+0000","photo","https://www.facebook.com/CongressmanMarino/photos/a.160751540645948.54125.144408762280226/1224645330923225/?type=3","144408762280226_1224645330923225",NA,154,35,11
"144408762280226","Congressman Tom Marino","I met with some of our local bankers in Williamsport to discuss how we can help our small businesses continue to grow and succeed.","2017-02-13T18:22:31+0000","photo","https://www.facebook.com/CongressmanMarino/photos/a.160751540645948.54125.144408762280226/1223777651009993/?type=3","144408762280226_1223777651009993",NA,81,35,12
"144408762280226","Congressman Tom Marino","Punxsutawney Phil let us down. Six more weeks of winter. #NotMyGroundhog","2017-02-02T14:37:03+0000","photo","https://www.facebook.com/CongressmanMarino/photos/a.160751540645948.54125.144408762280226/1213604922027266/?type=3","144408762280226_1213604922027266",NA,47,48,13
"144408762280226","Congressman Tom Marino","President Trump hit a home run with his SCOTUS pick.  Neil Gorsuch represents a return to the constitutional principles our government was founded on - principles our leaders in Washington seemed to have forgotten in recent years.","2017-02-01T21:47:32+0000","link","https://marino.house.gov/media-center/press-releases/rep-marino-praises-nomination-judge-neil-gorsuch-scotus","144408762280226_1212849088769516",NA,178,44,8
"144408762280226","Congressman Tom Marino","(Literally) cleaning up Washington as quickly as I can!","2017-01-25T14:37:37+0000","photo","https://www.facebook.com/CongressmanMarino/photos/a.160751540645948.54125.144408762280226/1206192926101799/?type=3","144408762280226_1206192926101799",NA,403,103,32
"144408762280226","Congressman Tom Marino","All life is precious and should be fiercely protected. That is why I support H.R. 7, #prolife legislation that ensures no taxpayer will be forced to fund abortion.   This legislation makes the Hyde Amendment permanent - a policy that has saved over 2 million lives across America and more than 119,000 in Pennsylvania alone.","2017-01-24T16:54:38+0000","link","https://lozierinstitute.org/hydeat40/","144408762280226_1205206356200456",NA,196,85,22
"144408762280226","Congressman Tom Marino","It's inauguration week in Washington. Too often, we get caught up in the politics of it all, but in reality, this is not a political matter. The peaceful transition of power is a truly remarkable event that many nations never have the good fortune to see. It should be cherished and respected.   I encourage everyone to take a moment and think about the truly exceptional occasion that is the inauguration and the democratic process it represents. America remains the greatest nation in the world and I am excited for the future before us.","2017-01-19T20:30:01+0000","photo","https://www.facebook.com/CongressmanMarino/photos/a.160751540645948.54125.144408762280226/1199825700071855/?type=3","144408762280226_1199825700071855",NA,128,43,24
"144408762280226","Congressman Tom Marino","Today, on #MLKDay, we honor the life and legacy of Martin Luther King Jr.   ""I have decided to stick with love. Hate is too great a burden to bear.""","2017-01-16T23:33:14+0000","photo","https://www.facebook.com/CongressmanMarino/photos/a.160751540645948.54125.144408762280226/1198193273568431/?type=3","144408762280226_1198193273568431",NA,47,17,9
"144408762280226","Congressman Tom Marino","Obamacare is failing, plain and simple. Families are suffering under the immense weight of increasing premiums and a lack of quality in care. Republicans ran on repealing this legislation and it is a promise we intend to keep.   We will not, however, repeal #Obamacare without offering an avenue for truly affordable, patient-centered healthcare. Today’s vote lays the framework for fulfilling our obligation to the American people in offering real relief from this burdensome legislation.","2017-01-13T21:32:55+0000","link","https://marino.house.gov/media-center/press-releases/rep-marino-votes-first-step-repeal-obamacare","144408762280226_1195618453825913",NA,144,81,15
"144408762280226","Congressman Tom Marino","The American people sent a clear message in November - they are sick and tired of business as usual in Washington.That is why  I introduced 3 bills this week to make sure we get rid of the status quo.   These pieces of legislation will create term limits for members of Congress, institute single subject legislation and provide assurance that good bills passed out of committee make it to the House floor for a vote. We must return our government to one truly for the people, by the people.","2017-01-12T20:00:45+0000","link","http://www.sungazette.com/news/top-news/2017/01/tom-marino-reintroduces-term-limits-other-bills/","144408762280226_1194751160579309",NA,181,37,20
"144408762280226","Congressman Tom Marino","I write this today with a heavy heart filled with grief and a gratitude words cannot describe. Today is Law Enforcement Appreciation Day and yet again we have news of another senseless murder of one our dedicated officers, this time in Orlando, FL.   Our men and women in blue make a decision every day to put their safety and security behind that of our own. They deserve our utmost respect and appreciation. I will continue to back our law enforcement officers and fight the rise in aggression towards them. Thank you for all that you do. #BacktheBlue #LawEnforcementAppreciationDay","2017-01-09T19:56:57+0000","link","http://www.cnn.com/2017/01/09/us/orlando-shooting-officer-killed/index.html","144408762280226_1192371220817303",NA,40,9,12
"144408762280226","Congressman Tom Marino","It's official. Donald J. Trump will be the 45th President of the United States.  It was an honor to be part of the Joint Session of Congress as they certified the electoral votes today. I would like to thank Vice President Biden for keeping decorum and shutting down any attempts to halt the democratic process.  Congratulations President-elect Trump! #MAGA","2017-01-06T19:35:30+0000","photo","https://www.facebook.com/CongressmanMarino/photos/a.160751540645948.54125.144408762280226/1190223861032039/?type=3","144408762280226_1190223861032039",NA,336,41,50
"144408762280226","Congressman Tom Marino","Burdensome regulation is one of the greatest hindrances to growing jobs and the economy. Specifically, regulations rushed in at the last-minute without proper oversight can cause significant damage to business.   Today, the House passed the Midnight Rules Relief Act to ensure no lame duck president circumvents the will of the people or their representatives in Congress through midnight rule making. House Judiciary Committee","2017-01-04T22:10:47+0000","link","https://marino.house.gov/media-center/press-releases/rep-marino-praises-swift-passage-bill-halt-harmful-last-minute","144408762280226_1188808421173583",NA,187,23,40
"144408762280226","Congressman Tom Marino","Started off the 115th Congress by reintroducing the REVIEW Act which halts any ‘high-impact’ regulation from burdening American businesses while undergoing the appropriate public or judicial scrutiny any heavy cost rule should have. Washington simply cannot continue to bankroll reckless, billion dollar regulations on the backs of hardworking Americans.","2017-01-03T20:56:35+0000","link","https://marino.house.gov/media-center/press-releases/rep-marino-reintroduces-bill-stop-high-impact-regulations","144408762280226_1187980287923063",NA,32,7,8
