"from_id","from_name","message","created_time","type","link","id","story","likes_count","comments_count","shares_count"
"61731840657","Eleanor Holmes Norton","Last evening, I had the privilege of speaking at HIAS's moving remembrance of a historical event that must not be forgotten and must never again be repeated. Nearly 80 years ago on June 6, 1939, officials of our government turned away some 900 European Jews aboard the MS St. Louis who sought admission to the United States in the midst of the Holocaust.    We continue to flatter ourselves as we say our country has a history of welcoming immigrants. As a matter of fact, the only immigrants our country has welcomed are African American slaves. Yet, we have now assimilated millions of immigrants and embraced our better selves as a proud nation of immigrants.  The District of Columbia and our other sanctuary cities are doing the opposite of what our country did in 1939. We are welcoming and protecting immigrants who come to from all over the world.  We have not forgotten. Never again.  Photo credit: Lloyd Wolf for HIAS","2017-06-07T21:18:42+0000","photo","https://www.facebook.com/CongresswomanNorton/photos/a.471853260657.254642.61731840657/10154711568575658/?type=3","61731840657_10154711575120658","Eleanor Holmes Norton added 2 new photos.",168,15,17
"61731840657","Eleanor Holmes Norton","The Last Word from Turkey Should Be an Apology:  Yesterday’s unanimous bipartisan vote in the House condemning Turkish officials who attacked peaceful protesters here was a fitting way to begin holding the Turkish government accountable.  I was proud to cosponsor the legislation and manage debate time on the House floor for Democrats.  Metropolitan Police Department Chief Peter Newsham has confirmed that the attacks against the protesters were unprovoked.  There are also videos of the peaceful protesters being assaulted by Turkish officials.  The protesters and our government deserve an appropriate response from the Turkish government.  Instead, we have received a far-fetched shifting of blame.  We must continue to insist on the necessary response from the Turkish government, particularly considering that the most recent conduct of Turkish officials has become an unacceptable pattern.  A similar incident occurred a half dozen years ago at the United Nations, with the same head of state, and security thugs attacking peaceful protesters.  Last year, there was an attack by Turkish security on journalists outside of the Brookings Institution here.  If we do not find a way to get the attention of the Turkish government, the evidence is that they will persist.  We know who the Turkish security personnel are.  They could not have gotten into the United States accompanying a head of state without identification.  Moreover, two of them were arrested, and we would know their names from the arrest records.  I have written Secretary of State Rex Tillerson to ask him to bar the reentry of these personnel; to hold them if they are still here; to request information on whether they are entitled to immunity; and, if they are, to have this immunity waved.  We must not let Turkey and its security personnel hide behind diplomatic immunity after three unprovoked violent responses to peaceful protesters.  These security personnel should be charged and prosecuted under our laws.  We would have expected precisely the same if some of our security had behaved in this fashion in Turkey.  There will be no justice for our citizens exercising their First Amendment rights who were stomped, kicked, and seriously injured, until they and our country are vindicated with an appropriate response from the Turkish government.","2017-06-07T20:16:10+0000","status",NA,"61731840657_10154711467715658",NA,81,2,5
"61731840657","Eleanor Holmes Norton","Join me on Tuesday, May 30, for a ""Norton in Your Neighborhood"" conversation in conjunction with Busboys and Poets. We'll be discussing congressional issues of interest to Takoma and Ward 4 residents. Come make your voice heard!","2017-05-24T14:52:15+0000","event","https://www.facebook.com/events/1046322448802878/","61731840657_10154672934970658","Eleanor Holmes Norton shared their event.",44,3,0
"61731840657","Eleanor Holmes Norton","As Senate Democrats prepare to filibuster Judge Neil Gorsuch’s nomination to the U.S. Supreme Court, our Congressional Black Caucus testimony opposing Gorsuch provides ample reason—and not because the Republican-led Senate Judiciary Committee denied the CBC’s request to testify in person.  As chair of the CBC Judicial Nominations Working Group, I wrote our testimony after doing a thorough search of Gorsuch’s entire record.  However, because the CBC represents 17 million African Americans, I focused on Gorsuch’s record on discrimination, race, and related areas.  Gorsuch has a telling legal past—first as Principal Deputy to the Associate Attorney General at the Department of Justice (DOJ), with jurisdiction over the Civil Rights Division.  The DOJ Inspector General found politicized hiring to stifle civil rights enforcement under Gorsuch’s watch at the Civil Rights Division.  A Georgia voter ID law, which was precleared by the DOJ, was later overturned by a court, which compared the voter ID law to a Jim Crow-era poll tax.  Around the same time, Gorsuch wrote an op-ed piece advising “liberals to kick their addiction to the courtroom” and rely on “the ballot box.”  These views could alarm minorities of every background, whose rights have depended on the courts.  Gorsuch has gone on to give broadly worded anti-discrimination statutes a cramped interpretation.  Judge Gorsuch’s record as a judge on the 10th Circuit, his anti-civil rights record at the DOJ, and his distaste for litigation to vindicate equal rights together show that he has not earned the support of African Americans or the U.S. Senate.","2017-04-06T13:51:46+0000","status",NA,"61731840657_10154540642035658",NA,52,24,22
"61731840657","Eleanor Holmes Norton","Come to our Women’s History Month panel discussion tomorrow at Trinity Washington University! It's open to the public.  Our panel will feature Donna Crane, Vice President of Policy, NARAL Pro-Choice America; Anna Chu, Vice President for Income Security and Education, National Women's Law Center; and Airen Washington, a former Trinity Washington University Student Body President.","2017-03-29T19:58:47+0000","link","http://www.trinitydc.edu/student-affairs/events/?event_id=207","61731840657_10154520588570658","Eleanor Holmes Norton shared Trinity Washington University's post.",28,10,0
"61731840657","Eleanor Holmes Norton","The Hidden Impact of Defeated Trumpcare Bill: Employer-Based Coverage  Never before, in more than two centuries of American history, has Congress taken back benefits and replaced them with a package that, in turn, reduced benefits in use by the American people.  Now, even Republicans want to revisit the debacle of last week, when they were forced to withdraw their Trumpcare bill.  The effect of Trumpcare on the District of Columbia would have been particularly harmful, considering that the Affordable Care Act (ACA) has brought our city to virtual universal coverage (only 3.5% not covered).  Beyond that, the untold story about Trumpcare is its negative effect on employer-based healthcare insurance coverage.  Most Americans, including D.C. residents, get their coverage through their employers.  With the individual mandate no longer required under Trumpcare, the non-partisan Congressional Budget Office (CBO) said fewer employees would have chosen to be covered.  Ominously, CBO estimated that 7 million fewer employees who currently get insurance through their employer would have chosen coverage, and ultimately fewer employers would have offered coverage to their workers.  Any major bill, like Obamacare, needs regular tailoring, such as lowering deductibles and the cost of premiums.  Working with Democrats, as even President Trump has suggested, is the only way forward now.","2017-03-29T16:02:17+0000","status",NA,"61731840657_10154520166345658",NA,42,5,9
"61731840657","Eleanor Holmes Norton","This afternoon, we were glad to see House Republicans delay the vote on the disastrous #TrumpCare bill.  On the House floor, I detailed just a few of the worst of the worst poison pills in #TrumpCare.  The Affordable Care Act has given D.C. near universal health insurance coverage.  Democrats have long been ready to work with Republicans on inevitable and necessary fixes to the ACA.  But instead of fixing the ACA’s flaws, #Trumpcare would gut the ACA and double the number of uninsured D.C. residents.  Millions of the poorest Americans would lose life-saving Medicaid assistance, while taxes for the wealthiest Americans would be slashed.  Cruelest of all is #Trumpcare’s unconscionable work requirements for Medicaid—whose recipients often claim benefits after lost income from being sick.  If Republicans get away with passing this monstrous bill, I will be fighting over in the Senate to make sure it does not get to President Trump’s desk.","2017-03-23T20:06:00+0000","video","https://www.facebook.com/CongresswomanNorton/videos/10154505588645658/","61731840657_10154505588645658",NA,188,11,35
"61731840657","Eleanor Holmes Norton",NA,"2017-03-21T19:10:54+0000","link","https://medium.com/@RepHuffman/new-episode-civil-rights-and-d-c-statehood-with-rep-eleanor-holmes-norton-d6602ea4d846#.y59twnarn","61731840657_10154499771220658","Eleanor Holmes Norton shared Congressman Jared Huffman's post.",31,3,0
"61731840657","Eleanor Holmes Norton","Join me tomorrow evening for a ""Norton in Your Neighborhood"" conversation in conjunction with ANC 8A. We'll be discussing congressional issues of interest to the community. Come make your voice heard!","2017-03-06T22:10:40+0000","event","https://www.facebook.com/events/235690116838812/","61731840657_10154457174740658","Eleanor Holmes Norton shared their event.",23,6,0
"61731840657","Eleanor Holmes Norton","Come to a “Norton in Your Neighborhood” community conversation in conjunction with ANC 8A.","2017-03-06T21:35:12+0000","event","https://www.facebook.com/events/235690116838812/","61731840657_235690116838812","Eleanor Holmes Norton added an event.",20,1,0
"61731840657","Eleanor Holmes Norton","I am hosting a press conference with Senator Tom Carper (D-DE), Mayor Muriel Bowser, and Council Chairman Phil Mendelson for a dual-purpose #DCStatehood event today at 2:00 p.m. in 406 Dirksen Senate Office Building (Senate Committee on Environment and Public Works). The event is open to the public, so DC residents are invited to attend!  Today I will introduce my bill to make DC the 51st state, with a record number of original cosponsors in the House, and Senator Carper will introduce the statehood bill in the Senate. Mayor Bowser and Chairman Mendelson will deliver the DC Council’s formal petition for statehood to the Congress, at the direction of the statehood referendum passed overwhelmingly by DC voters.","2017-03-01T16:57:54+0000","status",NA,"61731840657_10154443339255658",NA,112,7,20
"61731840657","Eleanor Holmes Norton","""50 Years of Civil Rights Since Supreme Court Justice Thurgood Marshall,” a discussion of civil rights, voting rights, Thurgood Marshall, and the Supreme Court.","2017-02-27T17:32:29+0000","video","https://www.facebook.com/CongresswomanNorton/videos/10154438776750658/","61731840657_10154438776750658","Eleanor Holmes Norton was live.",64,9,48
"61731840657","Eleanor Holmes Norton","Starting now: ""50 Years of Civil Rights Since Supreme Court Justice Thurgood Marshall,” a discussion of civil rights, voting rights, Thurgood Marshall, and the Supreme Court.","2017-02-27T17:17:15+0000","video","https://www.facebook.com/CongresswomanNorton/videos/10154438749740658/","61731840657_10154438749740658","Eleanor Holmes Norton was live.",44,7,5
"61731840657","Eleanor Holmes Norton","We're live on Periscope! Tune in live to our #ACA town hall below #ProtectOurCare","2017-02-23T23:29:13+0000","link","https://twitter.com/eleanornorton/status/834907579356631040","61731840657_10154430364155658",NA,29,1,5
"61731840657","Eleanor Holmes Norton","Tonight's Town Hall is all about hearing your personal stories about how the #ACA has helped you, your family, or someone important in your life. Join us tonight, bring your story, and let Congress know D.C. residents won't stand for a repeal of the Affordable Care Act.","2017-02-23T17:19:33+0000","event","https://www.facebook.com/events/1403902426320668/","61731840657_10154429617220658","Eleanor Holmes Norton shared their event.",11,2,0
"61731840657","Eleanor Holmes Norton","Be sure to RSVP for our #ACA Town Hall tomorrow evening! We need #ACA stories from all DC residents, regardless of your source of health insurance. #ProtectOurCare","2017-02-22T16:23:16+0000","event","https://www.facebook.com/events/1403902426320668/","61731840657_10154427462630658","Eleanor Holmes Norton shared their event.",46,1,0
"61731840657","Eleanor Holmes Norton","Join us for a town hall to protect the Affordable Care Act (ACA) from Republican congressional attacks. We need to hear from D.C. residents who have benefitted from the ACA, including those with employer-provided insurance, seniors, women, and Medicaid enrollees. Thanks to the Affordable Care Act, more than 96 percent of D.C. residents now have health insurance, and only three states have lower rates of uninsured residents than the District.  Below is a list of comprehensive consequences of repealing the ACA for D.C. residents:  The 106,000 D.C. residents who have pre-existing health conditions would be at risk of having their coverage rescinded, being denied coverage, or being charged significantly more for coverage.  Women who can now purchase insurance for the same price as men would be at risk of being charged more for insurance.  Before the ACA, women paid up to 32% more than men for their health insurance.  281,235 D.C. residents who now have private health insurance that covers preventive services without any co-pays, coinsurance, or deductibles stand to lose this access if the ACA provisions requiring health insurers to cover important preventive services without cost-sharing are eliminated.  46,684 D.C. seniors who have received preventive care services without cost thanks to ACA provisions requiring coverage of annual wellness visits and eliminating cost-sharing for many recommended preventive services covered by Medicare Part B, such as cancer screenings, would be at risk of losing access to these services.  Individuals who are 26 and under would no longer be able to stay on their parents’ health care plans.  D.C. would be at risk of losing $464 million in federal Medicaid dollars if the Medicaid expansion was eliminated.","2017-02-21T19:16:02+0000","event","https://www.facebook.com/events/1403902426320668/","61731840657_1403902426320668","Eleanor Holmes Norton added an event.",108,1,0
"61731840657","Eleanor Holmes Norton","As 2017 marks the 50th anniversary of Thurgood Marshall’s appointment to the U.S. Supreme Court, Congresswoman Eleanor Holmes Norton (D-DC) will host a Black History Month conversation, entitled “50 Years of Civil Rights Since Supreme Court Justice Thurgood Marshall,” to discuss civil rights, voting rights, Thurgood Marshall, and the Supreme Court.  Norton will moderate a panel of guests featuring Danielle Holley-Walker, Dean of Howard University Law School; Todd A. Cox, Director of Policy at the NAACP Legal Defense and Education Fund; and Angela Rye, CEO of IMPACT Strategies and former Executive Director of the Congressional Black Caucus.","2017-02-15T17:25:41+0000","event","https://www.facebook.com/events/292083664539976/","61731840657_292083664539976","Eleanor Holmes Norton added an event.",133,3,0
"61731840657","Eleanor Holmes Norton","My amendment to keep a congressional committee out of D.C. affairs generated many tweets, phone calls, and visits to the Congress by residents. The discussion in committee about the amendment produced a more rational and appropriate approach to oversight of the District.  Our committee chairman, Jason Chaffetz, surprised me with a suggestion that D.C. retrocede back into Maryland.  The recent referendum made it clear—85% of voters supported D.C. becoming the 51st state.","2017-02-03T21:53:26+0000","video","https://www.facebook.com/CongresswomanNorton/videos/10154377226420658/","61731840657_10154377226420658",NA,263,33,40
"61731840657","Eleanor Holmes Norton","Thank you, D.C. resident David Cook for dropping by to see me in my office today with your two children, Esther and Phineas.  I appreciated the thoughtful discussion about an important issue.  I once again offer an invitation for your entire home school to visit me here in the Capitol, as you did when you brought your troop of local Mormon boy scouts to my office several years ago.","2017-01-27T23:08:59+0000","photo","https://www.facebook.com/CongresswomanNorton/photos/a.471853260657.254642.61731840657/10154359649555658/?type=3","61731840657_10154359649555658",NA,86,9,3
"61731840657","Eleanor Holmes Norton","As the District struggles for statehood and full voting rights, we will not let any other right go unclaimed. The right to vote on the House floor in the Committee of the Whole is a down payment for full voting rights to the more than 680,000 American citizens residing in the District of Columbia, who pay the highest federal income taxes per capita in the United States and have fought and died in every American war, yet have no vote on the floor of the House of Representatives. Although we did not win this fight, our fight in the 115th Congress for equal citizenship rights for D.C. residents  has only just begun.","2017-01-04T20:24:32+0000","link","https://www.washingtonpost.com/local/virginia-politics/republican-congress-denies-dc-representative-a-vote-again/2017/01/03/a8e32760-d1c8-11e6-945a-76f69a399dd5_story.html?utm_term=.c703251def52","61731840657_10154294313325658",NA,689,106,671
"61731840657","Eleanor Holmes Norton","Happy New Year’s, D.C.!  The New Year is a good time for collective D.C. resolutions that set new plans and goals for D.C. statehood.  There is no more worthy goal than building on the progress we made last year for D.C. statehood—the city’s effort that prepared for statehood by meeting all the prerequisites with a statehood vote and the largest number of cosponsors ever for our D.C. statehood bill.  Although we had a pro-statehood, Democratic president, our 2016 efforts came from officials and residents in the city and the Congress, not from our president. And they came despite a Republican-controlled House and Senate.  We need the president as an advocate using his or her bully pulpit, but there is no escaping the work that remains in D.C., in the nation, and in the Congress if statehood is to be achieved.  Working with the tools we can control is our best alternative for 2017.  Fortunately, the disappointing 2016 election has little to do with the statehood challenges we still have to meet.  Barring a revolutionary change in the makeup of Congress, we still would have faced striving, at minimum, for budget autonomy and setting new records for the number of cosponsors for D.C. statehood, no matter who was president.  Both are goals, but neither of these is a plan.  Now is the time to spell out new achievable statehood goals for 2017, just as we did for 2016.  Reaching a consensus and buy-in on tangible plan for achieving these goals would build on the statehood progress D.C. made in 2016.","2017-01-01T15:58:23+0000","status",NA,"61731840657_10154286134620658",NA,123,11,3
