"from_id","from_name","message","created_time","type","link","id","story","likes_count","comments_count","shares_count"
"8045519803","Patrick McHenry","Yesterday, the House passed the Strengthening Career and Technical Education for the 21st Century Act. This bill strengthens Career and Technical Education (CTE) programs across the country so workers can get the education and skills they need to compete for in-demand jobs. The bill also encourages local business leaders to work with their state and local governments to develop the right CTE programs so students are provided with the skills they need to compete for jobs that already exist in western North Carolina communities.   Learn more about this bill here: https://edworkforce.house.gov/cte/","2017-06-23T13:00:00+0000","link","https://edworkforce.house.gov/cte/","8045519803_10155357415494804",NA,11,10,4
"8045519803","Patrick McHenry","Earlier today I had the opportunity to meet some incredible students from the Tenth District. First I met with a team of students from Belmont’s South Point High School who finished fourth nationally in the SIFMA Foundation Stock Market Game Capitol Hill Challenge. The group of rising seniors has spent the past few days in Washington being recognized for this great accomplishment.   Later, I joined with our Senators Richard Burr and Thom Tillis to recognize Bennett David of Asheville who was awarded a Congressional Award Gold Medal. Bennett earned this award thanks to his dedication to community service, personal development and physical fitness. Congratulations to all these western North Carolina students for their hard work!","2017-06-21T20:47:56+0000","photo","https://www.facebook.com/CongressmanMcHenry/photos/a.364903074803.192496.8045519803/10155351795939804/?type=3","8045519803_10155351801614804","Patrick McHenry added 2 new photos.",22,3,3
"8045519803","Patrick McHenry","Wonderful to see VP Pence, many of my colleagues, Congressional staff, and Capitol Police officers at yesterday's blood drive in support of Majority Whip Steve Scalise, Special Agent Griner, and all the victims of last week's attack.   http://www.rollcall.com/video/Blood%20Drive%20After%20Shooting%20Draws%20Members%20of%20Congress,%20Capitol%20Police","2017-06-21T16:18:18+0000","link","http://www.rollcall.com/video/Blood%20Drive%20After%20Shooting%20Draws%20Members%20of%20Congress,%20Capitol%20Police","8045519803_10155350903219804",NA,35,5,1
"8045519803","Patrick McHenry","Congratulations to Hickory's Brock Long who earlier today was confirmed as the next Director of FEMA. Brock has tremendous experience in the field of emergency management and I trust he will represent western North Carolina and the 10th District well in his new role. Learn more: http://www.hickoryrecord.com/news/hickory-resident-confirmed-as-fema-director/article_ebb6eba8-55d0-11e7-97f4-8b49329a2b47.html","2017-06-20T21:17:18+0000","link","http://www.hickoryrecord.com/news/hickory-resident-confirmed-as-fema-director/article_ebb6eba8-55d0-11e7-97f4-8b49329a2b47.html","8045519803_10155348185054804",NA,59,6,10
"8045519803","Patrick McHenry","Giulia and I are praying for the families and friends of the seven U.S. Navy sailors serving aboard the USS Fitzgerald who lost their lives in this weekend’s collision.  Please join us in honoring the lives of these sailors who paid the ultimate sacrifice serving our country and defending our freedom. http://www.foxnews.com/world/2017/06/19/us-navy-identifies-deceased-sailors-found-inside-uss-fitzgerald.html","2017-06-19T18:13:41+0000","link","http://www.foxnews.com/world/2017/06/19/us-navy-identifies-deceased-sailors-found-inside-uss-fitzgerald.html","8045519803_10155344640389804",NA,23,4,4
"8045519803","Patrick McHenry","I was not at today's practice. Giulia and I are praying for my good friend Whip Scalise, staff, and the Capitol Police officers inured this morning.  God bless the Capitol Police. Their quick, heroic actions saved many lives today. Thankful for their dedicated service keeping us safe each day.","2017-06-14T14:41:49+0000","status",NA,"8045519803_10155327591644804",NA,148,29,7
"8045519803","Patrick McHenry","The BDS movement is a shameful effort targeting our sacred ally Israel. I’m proud to have introduced bipartisan legislation to fight back against the BDS movement and its hateful goals. The Combating BDS Act of 2017 empowers state and local governments to combat this economic warfare against our ally. Learn more about this important bill: https://mchenry.house.gov/news/documentsingle.aspx?DocumentID=398594","2017-06-13T20:43:33+0000","link","https://mchenry.house.gov/news/documentsingle.aspx?DocumentID=398594","8045519803_10155324886644804",NA,31,21,21
"8045519803","Patrick McHenry","Impressive display of heroism from my friend, Gaston County Commission Chairman Chad Brown. Last Thursday, while attending his son’s baseball game in Stanley, he stepped in to help a woman who was being held at knife point, an action that police say may have saved her life.  I am thankful for Chairman Brown and all the good people of the Tenth District willing to step in and help a neighbor in need.  http://www.wccbcharlotte.com/2017/06/09/good-samaritan-stops-man-holding-woman-knife-point/","2017-06-13T13:00:30+0000","link","http://www.wccbcharlotte.com/2017/06/09/good-samaritan-stops-man-holding-woman-knife-point/","8045519803_10155323672169804",NA,61,3,4
"8045519803","Patrick McHenry","I would like to thank all of the students who submitted artwork for the 2017 Congressional Art Competition. The Tenth District is home to many talented artists and it was very difficult for our judges to select only one winner. Please scroll through our album to check out the beautiful work of the Tenth District art students who participated and made this year’s competition a success.","2017-06-12T21:30:24+0000","photo","https://www.facebook.com/CongressmanMcHenry/photos/a.10155321813054804.1073742317.8045519803/10155321813109804/?type=3","8045519803_10155321813109804","Patrick McHenry added 24 new photos to the album: 2017 Congressional Art Competition.",8,2,2
"8045519803","Patrick McHenry","Congratulations to my good friend and colleague Trey Gowdy who last week was selected as the next Chairman of the House Oversight and Government Reform Committee. Trey is an intelligent, reform-minded conservative with the utmost integrity. These qualities have served him well representing the people of South Carolina’s Fourth District and will continue to serve him well as Chairman. To see my full statement click on the link below: https://mchenry.house.gov/news/documentsingle.aspx?DocumentID=398586","2017-06-12T13:58:42+0000","link","https://mchenry.house.gov/news/documentsingle.aspx?DocumentID=398586","8045519803_10155320611934804",NA,75,51,15
"8045519803","Patrick McHenry","The Republican-led House is the most productive in the modern era, passing 158 bills since the 115th Congress began January 3rd. These bills include the American Health Care Act and the Financial CHOICE Act, which undo some of the biggest failures of the Obama administration. President Trump has also been working hard to help the hardworking families all across America by signing 37 bills in to law, placing him ahead of the previous four administrations.   I am proud to be working alongside President Trump and my colleagues in the House and the Senate who are so dedicated to improving the lives of the American people.  http://bit.ly/2rVbto1  (Official White House Photo by Shealah Craighead)","2017-06-10T17:00:00+0000","photo","https://www.facebook.com/CongressmanMcHenry/photos/a.364903074803.192496.8045519803/10155311341419804/?type=3","8045519803_10155311341419804",NA,199,185,50
"8045519803","Patrick McHenry","Washington must do more to embrace innovation, but how is that accomplished? In Politico’s “11 Bright ideas for Washington” I share my idea: embracing a “permanent beta” mind-set. “Permanent beta” is the idea of constant adaption, evolution, and improvement and is already being used by well-known companies and similar ideas have taken hold in countries like the United Kingdom. Read more about my idea here: http://www.politico.com/agenda/story/2017/06/08/washington-tech-innovation-roundtable-000452","2017-06-09T13:00:00+0000","link","http://www.politico.com/agenda/story/2017/06/08/washington-tech-innovation-roundtable-000452","8045519803_10155307629804804",NA,9,10,1
"8045519803","Patrick McHenry","Over the past seven years, Dodd-Frank has made life harder and more expensive for American families and small businesses. Today, the House of Representatives began the work of undoing the damage done by this failed law as we passed the Financial CHOICE Act.   This bill removes onerous Washington mandates that have made it too expensive for American families to access basic financial products. The CHOICE Act embraces innovation and encourages the use of new forms of capital formation that will help small businesses grow and create jobs to stimulate economic growth in America’s rural and urban communities.   For my full statement on the passage of the Financial CHOICE Act click on the link below: https://mchenry.house.gov/news/documentsingle.aspx?DocumentID=398588","2017-06-08T21:11:17+0000","link","https://mchenry.house.gov/news/documentsingle.aspx?DocumentID=398588","8045519803_10155307939009804",NA,21,64,4
"8045519803","Patrick McHenry","Earlier today, I delivered a speech on the House floor in support of the Financial CHOICE Act. The CHOICE Act would help the small businesses and families of the Tenth District by undoing the crushing mandates of Dodd-Frank. It reduces regulations and encourage innovations to help businesses grow, create jobs, and stimulate economic growth. You can watch the speech here:","2017-06-07T21:32:18+0000","video","https://www.facebook.com/CongressmanMcHenry/videos/10155304438234804/","8045519803_10155304438234804",NA,49,44,14
"8045519803","Patrick McHenry","This week the House will vote on the Financial CHOICE Act replacing the failed Dodd-Frank Act.  This would end taxpayer funded bailouts and the era of “too big to fail.” The Financial CHOICE Act will also eliminate regulations that are stifling access to credit and capital, which will lead to more choices for consumers and small businesses and economic growth for the American people.To find out more about the Financial Choice Act click on the link below: https://financialservices.house.gov/choice/","2017-06-07T13:12:06+0000","link","https://financialservices.house.gov/choice/","8045519803_10155302992819804",NA,15,30,1
"8045519803","Patrick McHenry","Today marks the 73rd anniversary of D-Day, a day when 160,000 brave U.S. soldiers stormed the beaches of Normandy and began the liberation of Europe. We remember these heroes and the sacrifices they made to protect our freedom.","2017-06-06T13:54:37+0000","photo","https://www.facebook.com/CongressmanMcHenry/photos/a.364903074803.192496.8045519803/10155299950754804/?type=3","8045519803_10155299950754804",NA,38,6,14
"8045519803","Patrick McHenry","In this week’s Tenth District weekly update learn about a very busy week meeting with organizations, businesses, and schools all over western North Carolina. I also had the opportunity to celebrate some of the young people that make the Tenth District great. Read the full update below:  https://mchenry.house.gov/news/email/show.aspx?ID=5H4A5XLRQ5FAN2THNNWA4C6DMQ","2017-06-05T18:00:00+0000","link","https://mchenry.house.gov/news/email/show.aspx?ID=5H4A5XLRQ5FAN2THNNWA4C6DMQ","8045519803_10155296527744804",NA,12,19,6
"8045519803","Patrick McHenry","Congratulations to Denver’s Megan Gavel and Iron Station’s Zachery Lorch for being the Tenth District’s class of 2021 service academy appointees. Megan will be attending the US Naval Academy and Zachery will be attending the US Air Force Academy. I am proud that the Tenth District will be represented by these two outstanding individuals and I commend them for their dedicated service to our country.  https://mchenry.house.gov/news/documentsingle.aspx?DocumentID=398560","2017-06-05T14:25:00+0000","link","https://mchenry.house.gov/news/documentsingle.aspx?DocumentID=398560","8045519803_10155285890059804",NA,18,2,3
"8045519803","Patrick McHenry","Horrified to see another terrorist attack on innocent people, this time in London. Giulia and I extend our heartfelt condolences to the families and friends of those killed and we continue to pray for those injured. We as Americans will stand with our friends in the UK against this evil.   http://www.charlotteobserver.com/latest-news/article154247959.html","2017-06-04T15:26:47+0000","link","http://www.charlotteobserver.com/latest-news/article154247959.html","8045519803_10155292964814804",NA,15,8,2
"8045519803","Patrick McHenry","I was honored to deliver the Commencement address at Hickory Christian Academy. It was truly a special time celebrating with the Class of 2017 as they enter the next chapter of their lives.","2017-06-03T19:14:14+0000","photo","https://www.facebook.com/CongressmanMcHenry/photos/a.10155289944354804.1073742316.8045519803/10155289944469804/?type=3","8045519803_10155289944469804","Patrick McHenry added 4 new photos to the album: Hickory Christian Academy Graduation - 6/2/17 — at Hickory Christian Academy.",17,1,1
"8045519803","Patrick McHenry","I enjoyed meeting the students, teachers and staff at Glen Arden Elementary School.","2017-06-03T19:07:48+0000","photo","https://www.facebook.com/CongressmanMcHenry/photos/a.10155289930634804.1073742315.8045519803/10155289930884804/?type=3","8045519803_10155289930884804","Patrick McHenry added 3 new photos to the album: Glen Arden Elementary School in Buncombe County - 6/2/17 — at Glen Arden Elementary.",7,4,3
"8045519803","Patrick McHenry","It was interesting to hear about the research and innovation, ranging from tankless water heaters to vehicles, driven by the team at Blossman Gas.","2017-06-03T19:02:25+0000","photo","https://www.facebook.com/CongressmanMcHenry/photos/a.10155289905349804.1073742313.8045519803/10155289905504804/?type=3","8045519803_10155289905504804","Patrick McHenry added 4 new photos to the album: Touring Blossman Gas in Asheville - 6/2/17 — at Blossman Gas.",13,6,0
"8045519803","Patrick McHenry","I enjoyed my time with the Council of Independent Business Owners giving an update from Washington.","2017-06-03T18:54:07+0000","photo","https://www.facebook.com/CongressmanMcHenry/photos/a.10155289887689804.1073742312.8045519803/10155289887829804/?type=3","8045519803_10155289887829804","Patrick McHenry added 3 new photos to the album: Keynoting the CIBO Breakfast at UNC Asheville - 6/2/17 — at Sherrill Center & Kimmel Arena.",5,4,1
"8045519803","Patrick McHenry","Discussing healthcare and other issues of importance with local pharmacists in Rutherford County.","2017-06-02T22:18:51+0000","photo","https://www.facebook.com/CongressmanMcHenry/photos/a.10155286282259804.1073742311.8045519803/10155286282389804/?type=3","8045519803_10155286282389804","Patrick McHenry added 2 new photos to the album: Meeting with Rutherford Independent Pharmacies - 6/1/17 — at Twisted Pear - Forest City, NC.",2,7,0
"8045519803","Patrick McHenry",NA,"2017-06-02T22:14:52+0000","photo","https://www.facebook.com/CongressmanMcHenry/photos/a.10155286266769804.1073742310.8045519803/10155286266794804/?type=3","8045519803_10155286266794804","Patrick McHenry added a new photo to the album: Meeting with Cleveland County CORE Group - 6/1/17 — in Shelby, North Carolina.",8,5,0
"8045519803","Patrick McHenry","Enjoyed a great visit with the recently expanded Huesker facility in Shelby.  It's always great to see a company investing and creating jobs in North Carolina and the 10th District.","2017-06-02T22:10:54+0000","photo","https://www.facebook.com/CongressmanMcHenry/photos/a.10155286256594804.1073742309.8045519803/10155286256914804/?type=3","8045519803_10155286256914804","Patrick McHenry added 5 new photos to the album: Touring Huesker in Shelby - 6/1/17 — at Huesker Geocomposites.",5,6,0
"8045519803","Patrick McHenry","Presenting a check from the US Department of Agriculture's Rural Development Division for grant funds to assist Bessemer City in the construction of new water and sewer facilities.  Mayor Becky Smith and the City Council were on hand to accept the check.","2017-06-02T22:05:23+0000","photo","https://www.facebook.com/CongressmanMcHenry/photos/a.10155286235489804.1073742308.8045519803/10155286235634804/?type=3","8045519803_10155286235634804","Patrick McHenry added 4 new photos to the album: Bessemer City USDA Rural Development Check Presentation - 6/1/17 — in Bessemer City, North Carolina.",8,5,0
"8045519803","Patrick McHenry","Meeting with Pine gate Renewables, a solar energy company that plans and builds small utility-scale solar farms that generate clean renewable power for the communities in which they are located.  North Carolina is currently the #2 state in solar energy capacity.","2017-06-02T22:00:49+0000","photo","https://www.facebook.com/CongressmanMcHenry/photos/a.10155286213689804.1073742307.8045519803/10155286213764804/?type=3","8045519803_10155286213764804","Patrick McHenry added 3 new photos to the album: Pine Gate Renewables - 5/31/17 — at Plaza Midwood.",12,12,0
"8045519803","Patrick McHenry","Touring Kingsmen Software, which started with a small group of entrepreneurs and has grown to create jobs for dozens in the programming and financial technology industry. They provide software solutions to make banking transactions more efficient and secure.","2017-06-02T21:52:53+0000","photo","https://www.facebook.com/CongressmanMcHenry/photos/a.10155286206604804.1073742306.8045519803/10155286206779804/?type=3","8045519803_10155286206779804","Patrick McHenry added 4 new photos to the album: Kingsmen Software Group - 5/31/17 — in Charlotte, North Carolina.",4,6,0
"8045519803","Patrick McHenry","Speaking to regional innovation leaders at the Charlotte Chamber of Commerce for a lunch Q&A.","2017-06-02T21:48:13+0000","photo","https://www.facebook.com/CongressmanMcHenry/photos/a.10155286198169804.1073742305.8045519803/10155286198289804/?type=3","8045519803_10155286198289804","Patrick McHenry added 9 new photos to the album: Charlotte Chamber of Commerce Fintech Lunch & Learn - 5/31/17.",8,6,1
"8045519803","Patrick McHenry","It was an honor to have a reception at my Hickory Office for Megan Gavel, a recent graduate of Lincoln Charter School and one of the 10th District's two U.S. Service Academy appointees for 2017.  Megan was offered appointment to the United States Naval Academy.  She is seen here with her parents and members of my Military Advisory Committee.","2017-06-02T15:31:51+0000","photo","https://www.facebook.com/CongressmanMcHenry/photos/a.10155285061839804.1073742304.8045519803/10155285062864804/?type=3","8045519803_10155285062864804","Patrick McHenry added 3 new photos to the album: Service Academy Reception - 5/30/17 — in Hickory, North Carolina.",13,4,0
"8045519803","Patrick McHenry","It was a pleasure to meet with Shelby Yang, a junior from Bunker Hill High School who  was this year's winner of the 10th District Congressional Art Contest.  By winning the competition Shelby’s artwork will be on display at the U.S. Capitol for the next year. I enjoyed meeting Shelby and her parents, Lee and Charlie, at a reception at my Hickory District Office held in her honor. Congratulations again and thanks to all the Tenth District students who participated in this year’s competition.","2017-06-02T15:20:58+0000","photo","https://www.facebook.com/CongressmanMcHenry/photos/a.10155285042104804.1073742303.8045519803/10155285042394804/?type=3","8045519803_10155285042394804","Patrick McHenry added 2 new photos to the album: Congressional Art Contest Winner Shelby Yang - 5/30/17 — in Hickory, North Carolina.",6,0,4
"8045519803","Patrick McHenry","Getting a firsthand look at the Belmont FD's new rescue boat and an explanation of its water rescue and recovery capabilities.","2017-06-02T15:14:16+0000","video","https://www.facebook.com/CongressmanMcHenry/videos/10155284974529804/","8045519803_10155284974529804",NA,43,14,0
"8045519803","Patrick McHenry","The Congressman and Cecilia got a real treat as Assistant Chief Austin from the Belmont Fire Department took them for a ride on Lake Wylie in the department's new rescue boat and demonstrated some of its sonar capabilities.","2017-06-02T14:59:54+0000","photo","https://www.facebook.com/CongressmanMcHenry/photos/a.10155284964769804.1073742302.8045519803/10155284965389804/?type=3","8045519803_10155284965389804","Patrick McHenry added 3 new photos to the album: Belmont Fire Department Rescue Boat - 5/30/17 — in Belmont, North Carolina.",9,4,4
"8045519803","Patrick McHenry","Getting a tour of Belmont's newest park, Kevin Loftin Riverfront Park from Mayor Chairlie Martin.  The park was named in honor of the late former Mayor Loftin who did so much to make the city what it is today.  It is a wonderful addition.","2017-06-02T14:55:24+0000","photo","https://www.facebook.com/CongressmanMcHenry/photos/a.10155284955534804.1073742301.8045519803/10155284956449804/?type=3","8045519803_10155284956449804","Patrick McHenry added 3 new photos to the album: Kevin Loftin Riverfront Park - 5/30/17.",18,10,4
"8045519803","Patrick McHenry","Visiting with leaders of the non-profit Belmont Trolley project and getting a look at the historic ""Car 30,"" a vintage street car that is being restored and will soon be transporting riders along the streets of Belmont again.","2017-06-02T14:51:50+0000","photo","https://www.facebook.com/CongressmanMcHenry/photos/a.10155284946974804.1073742300.8045519803/10155284948004804/?type=3","8045519803_10155284948004804","Patrick McHenry added 6 new photos to the album: Belmont Trolley Project - 5/30/17 — in Belmont, North Carolina.",12,8,0
"8045519803","Patrick McHenry","The Congressman and his daughter, Cecilia, had a great time learning about the tremendous children's enrichment programs offered at the Lincoln County Public Library at the Shanklin Branch Library in Denver.  Library Director Jennifer Sackett and her staff do a great job of serving the citizens of Lincoln County.","2017-06-02T14:40:27+0000","photo","https://www.facebook.com/CongressmanMcHenry/photos/a.10155284915959804.1073742299.8045519803/10155284916839804/?type=3","8045519803_10155284916839804","Patrick McHenry added 5 new photos to the album: Lincoln County Public Library - 5/30/17 — at Florence Soule Shanklin Memorial Library.",47,15,7
"8045519803","Patrick McHenry","Congratulations to Claremont’s Shelby Yang for winning the Tenth District’s Congressional Art Competition! Shelby—a junior from Bunker Hill High School—won with her artwork ‘Luminous Soul.’ By winning the competition Shelby’s artwork will be on display at the U.S. Capitol for the next year.   On Tuesday I had the opportunity to meet Shelby and her parents, Lee and Charlie, at a reception at my Hickory District Office held in her honor. Congratulations again to Shelby and thanks to all the Tenth District students who participated in this year’s competition.  https://mchenry.house.gov/news/documentsingle.aspx?DocumentID=398556","2017-06-01T19:29:13+0000","link","https://mchenry.house.gov/news/documentsingle.aspx?DocumentID=398556","8045519803_10155282457799804",NA,6,3,2
"8045519803","Patrick McHenry","Enjoyed my visit to the Charlotte Chamber yesterday. We had an informative roundtable with local entrepreneurs, startups, and incubators focused on how we can utilize fintech and other innovative forms of capital formation to help small businesses grow and create jobs. Read more about yesterday's roundtable in the Charlotte Business Journal-->  http://www.bizjournals.com/charlotte/news/2017/05/31/nc-congressman-on-fintech-capital-and-health-care.html","2017-06-01T16:06:15+0000","link","http://www.bizjournals.com/charlotte/news/2017/05/31/nc-congressman-on-fintech-capital-and-health-care.html","8045519803_10155282001954804",NA,20,13,5
"8045519803","Patrick McHenry","Since 2013 when Obamacare became the law of the land, we've seen healthcare costs skyrocket nationwide. This has been especially true in North Carolina where--according to a new HHS study--premiums have increased 176% since 2013.   Coupled with the fact the vast majority of North Carolina counties have only one choice for insurance on the exchanges, this recent study highlights why we must repeal and replace Obamacare with real health care reform that reduces costs and increases consumer choice. Read more from HHS-->   https://www.hhs.gov/about/news/2017/05/23/hhs-report-average-health-insurance-premiums-doubled-2013.html","2017-05-31T13:45:01+0000","link","https://www.hhs.gov/about/news/2017/05/23/hhs-report-average-health-insurance-premiums-doubled-2013.html","8045519803_10155278174369804",NA,21,100,17
"8045519803","Patrick McHenry","The United States is blessed with countless heroes who have sacrificed their lives to protect our freedoms. On this Memorial Day and everyday, we remember these heroes and thank them for all they have done.","2017-05-29T13:51:00+0000","photo","https://www.facebook.com/CongressmanMcHenry/photos/a.364903074803.192496.8045519803/10155268951314804/?type=3","8045519803_10155268951314804",NA,38,8,2
"8045519803","Patrick McHenry","Our nation's veterans have given so much to our country. They have served and sacrificed to protect their fellow Americans and we are forever indebted to them. We must ensure veterans receive the care they've earned and this week, House Republicans passed seven bipartisan bills to ensure that happens. You can find a full list of those bills here via the House Committee on Veterans' Affairs:  https://veterans.house.gov/news/documentsingle.aspx?DocumentID=1760","2017-05-28T17:38:00+0000","link","https://veterans.house.gov/news/documentsingle.aspx?DocumentID=1760","8045519803_10155268900154804",NA,45,15,15
"8045519803","Patrick McHenry","Human trafficking is a disgusting crime which unfortunately has only become more common in the United States. In 2016 alone, we saw a 35% increase in the number of cases.   This week, House Republicans worked to fight back against this scourge by passing bipartisan bills to confront human trafficking and child abuse and exploitation. The video below highlights some of those bills and the second link provides a full list.    https://www.youtube.com/watch?v=cuw2QCBaRV8&utm_source=HouseGOP+Staff+List&utm_campaign=b21d689b2f-EMAIL_CAMPAIGN_2017_04_24&utm_medium=email&utm_term=0_f9e806e009-b21d689b2f-132525269  https://judiciary.house.gov/press-release/goodlatte-applauds-house-passage-judiciary-committee-bills-protect-children/","2017-05-27T16:16:00+0000","video","https://www.youtube.com/watch?v=cuw2QCBaRV8&utm_source=HouseGOP+Staff+List&utm_campaign=b21d689b2f-EMAIL_CAMPAIGN_2017_04_24&utm_medium=email&utm_term=0_f9e806e009-b21d689b2f-132525269","8045519803_10155262978389804",NA,20,13,1
"8045519803","Patrick McHenry","A few weeks ago, Cecelia and I enjoyed the amazing experience of greeting western North Carolina World War II and Korean War veterans visiting Washington with Blue Ridge Honor Flight. This great story from The Gaston Gazette is about one of those veterans from the Tenth District who made the trip-->   http://www.gastongazette.com/news/20170519/korean-war-veteran-honored-in-style","2017-05-26T14:25:00+0000","link","http://www.gastongazette.com/news/20170519/korean-war-veteran-honored-in-style","8045519803_10155260810644804",NA,23,8,2
"8045519803","Patrick McHenry","Like so many others, I was horrified to see the scenes from Manchester last night. This senseless attack on children and teenagers is shocking and appalling. Giulia and I extend our thoughts and prayers to all the victims, their families, and the first responders who limited the loss of life. We will stand with the British people as we jointly confront these heinous acts.   http://www.charlotteobserver.com/news/nation-world/world/article152077477.html","2017-05-23T12:58:38+0000","link","http://www.charlotteobserver.com/news/nation-world/world/article152077477.html","8045519803_10155253368464804",NA,22,28,1
"8045519803","Patrick McHenry","In this week's Tenth District weekly update, I remember fallen Shelby Police Officer Tim Brackeen and all those officers who have given their lives in the line of duty. I also discuss House Republicans' efforts to support our law enforcement officers and Armed Forces Day 2017. Read the full update below:  https://mchenry.house.gov/news/email/show.aspx?ID=5H4A5XLRQ5FAMFPHCO2ES5VXL4","2017-05-22T19:53:18+0000","link","https://mchenry.house.gov/news/email/show.aspx?ID=5H4A5XLRQ5FAMFPHCO2ES5VXL4","8045519803_10155251511979804",NA,21,19,2
"8045519803","Patrick McHenry","Last September, the Tenth District lost a dedicated member of our law enforcement community when Shelby Police officer Tim Brackeen was killed in the line of duty. Today, in recognition of Police Week and National Peace Officer's Memorial Day, I spoke on the House floor to remember Officer Brackeen and say thank you to all the law enforcement officers who keep us safe each day.","2017-05-17T16:14:21+0000","video","https://www.facebook.com/CongressmanMcHenry/videos/10155235421399804/","8045519803_10155235421399804",NA,26,8,1
"8045519803","Patrick McHenry","In this week's Tenth District update, I remember the late Rudy Wright and his love for Hickory, recognize National Police Week and Peace Officer's Memorial Day, and correct some of the misinformation about the House passed bill to repeal and replace Obamacare. See the full update at the first link below and sign up to receive these updates directly to your inbox at the second link-->  https://mchenry.house.gov/news/email/show.aspx?ID=5H4A5XLRQ5FAMMHKH7MO6I2DCE  https://mchenry.house.gov/forms/form/?id=1505","2017-05-16T13:17:00+0000","link","https://mchenry.house.gov/news/email/show.aspx?ID=5H4A5XLRQ5FAMMHKH7MO6I2DCE","8045519803_10155229871839804",NA,10,16,0
"8045519803","Patrick McHenry","Today is National Peace Officer's Memorial Day when we as a nation remember all our police officers who have lost their lives in the line of duty. This year's Peace Officer's Memorial Day is especially somber here in the Tenth District as its the first since Shelby Police Officer Tim Brackeen was killed last fall. At the time, I spoke on the House floor to remember Officer Brackeen, his sacrifice, and his years of service to our community. You can watch that speech here-->  https://www.youtube.com/watch?v=_5z20NnC9rA&feature=youtu.be","2017-05-15T15:10:11+0000","video","https://www.youtube.com/watch?v=_5z20NnC9rA&feature=youtu.be","8045519803_10155229626419804",NA,25,15,7
"8045519803","Patrick McHenry","Wishing all the wonderful mothers throughout western North Carolina and the Tenth District a very happy and restful Mother's Day!","2017-05-14T15:14:00+0000","photo","https://www.facebook.com/CongressmanMcHenry/photos/a.364903074803.192496.8045519803/10155220826674804/?type=3","8045519803_10155220826674804",NA,21,32,0
"8045519803","Patrick McHenry","A morning I will not forget. It was an honor to greet Asheville area World War II and Korean War veterans who had traveled to Washington as part of Blue Ridge Honor Flight. It was an amazing experience meeting them and personally thanking them for their service to our nation.","2017-05-13T16:42:26+0000","photo","https://www.facebook.com/CongressmanMcHenry/photos/a.10152102172564804.1073741892.8045519803/10155223648039804/?type=3","8045519803_10155223650334804","Patrick McHenry added 25 new photos.",36,23,1
"8045519803","Patrick McHenry","Giulia and I are shocked and saddened to learn of Hickory Mayor Rudy Wright's sudden passing. Mayor Wright was synonymous with Hickory, displaying his love for the city during the entirety of his nearly two decades of service as mayor.   His tenure was marked by significant economic transformation in our area, throughout which Mayor Wright always remained the city's biggest advocate and booster. Our thoughts and prayers are with his wife Donna and the entire Wright family as they mourn this loss.  http://www.wsoctv.com/news/local/longtime-hickory-mayor-found-dead-police-say/521713471","2017-05-11T23:36:51+0000","link","http://www.wsoctv.com/news/local/longtime-hickory-mayor-found-dead-police-say/521713471","8045519803_10155218786374804",NA,30,12,5
"8045519803","Patrick McHenry","I highly recommend this important article from National Review on the many misconceptions surrounding the American Health Care Act and its protections for those with pre-existing conditions-->   http://www.nationalreview.com/article/447430/ahca-pre-existing-conditions-big-lie-democrats-are-telling","2017-05-09T22:10:00+0000","link","http://www.nationalreview.com/article/447430/ahca-pre-existing-conditions-big-lie-democrats-are-telling","8045519803_10155212020939804",NA,33,111,25
"8045519803","Patrick McHenry","Last week was a productive one in Washington. In the most recent Tenth District email update, I explain my votes in support of the American Health Care Act, the government funding resolution, and the Working Families Flexibility Act. Be sure to subscribe to receive this email update directly to your inbox each Sunday-->  http://mchenry.house.gov/news/email/show.aspx?ID=5H4A5XLRQ5FANPPV2F44BAVBIQ  https://mchenry.house.gov/forms/form/?id=1505","2017-05-09T17:53:38+0000","link","http://mchenry.house.gov/news/email/show.aspx?ID=5H4A5XLRQ5FANPPV2F44BAVBIQ","8045519803_10155212008809804",NA,38,108,9
"8045519803","Patrick McHenry","In the dangerous world in which we live, it is imperative that we ensure our Armed Forces have the resources they need to keep us safe and secure. Today, the House passed a government funding bill that does that by increasing defense spending and giving our troops the biggest raise they've seen in six years.   Additionally this bill included important priorities of President Trump's relating to border security and reducing the size of our federal bureaucracy. It also included important priorities for western North Carolina. My full statement-->   http://mchenry.house.gov/news/documentsingle.aspx?DocumentID=398533","2017-05-03T22:05:36+0000","link","http://mchenry.house.gov/news/documentsingle.aspx?DocumentID=398533","8045519803_10155194978754804",NA,32,93,3
"8045519803","Patrick McHenry","Dodd-Frank has made it harder and more expensive for everyday Americans and Main Street businesses to access the banking products needed to save and borrow. As we move into the second day of the House Committee on Financial Services' markup of our bill to repeal and replace President Obama's failed Dodd-Frank legislation, take a moment to watch the video below and learn why we must pass the Financial CHOICE Act.","2017-05-03T14:14:41+0000","video","https://www.facebook.com/CongressmanMcHenry/videos/10155193789644804/","8045519803_10155193789644804",NA,21,47,1
"8045519803","Patrick McHenry","In recent decades, economic challenges have rapidly changed the American workforce. Unfortunately--even as more American families become dual income households--our nation's laws have not been updated to reflect this new reality.   Today, I joined with a majority in the House to pass H.R. 1180, the Working Families Flexibility which will begin to change that. This law updates our federal standards so that private sector workers are treated the same as public sector workers when it comes to comp time. Read my full statement and learn more about this important legislation at the link below-->   http://mchenry.house.gov/news/documentsingle.aspx?DocumentID=398532","2017-05-02T22:47:44+0000","link","http://mchenry.house.gov/news/documentsingle.aspx?DocumentID=398532","8045519803_10155192118604804",NA,12,38,5
"8045519803","Patrick McHenry","The Dodd-Frank act has drive up the cost of borrowing and saving for everyday American families and made it harder for small businesses to grow and prosper. Today, the House Committee on Financial Services will begin our work to replace this broken law as we mark up the Financial CHOICE Act. You can learn more about this important legislation and watch today's markup live at the link below-->   http://financialservices.house.gov/choice/","2017-05-02T13:45:08+0000","link","http://financialservices.house.gov/choice/","8045519803_10155190661474804",NA,15,42,1
"8045519803","Patrick McHenry","Earlier today, I joined Jon Scott and Fox News' ""Happening Now"" to discuss the ongoing discussions around the government funding resolution and President Donald Trump's tax reform plan. WATCH-->","2017-04-26T21:35:31+0000","video","https://www.facebook.com/CongressmanMcHenry/videos/10155172729964804/","8045519803_10155172729964804",NA,40,107,10
"8045519803","Patrick McHenry","Sad to hear that 2017 will be Dale Earnhardt Jr.'s last in the NASCAR Cup Series. Dale Jr. has been a tremendous ambassador for the sport of NASCAR and for our great state. Junior- Thank you for the memories and for all you've done for North Carolina. Enjoy retirement!","2017-04-25T21:30:52+0000","link","http://bit.ly/2orHndq","8045519803_10155169806484804","Patrick McHenry shared Hendrick Motorsports's post.",25,12,0
"8045519803","Patrick McHenry","Speaking to a meeting of the Gastonia Evening Rotary Club at Olio's Restaurant.  It was great to see some old friends and to update folks on the latest from Washington.","2017-04-24T20:08:39+0000","photo","https://www.facebook.com/CongressmanMcHenry/photos/a.10155166634114804.1073742298.8045519803/10155166634379804/?type=3","8045519803_10155166634379804","Patrick McHenry added 5 new photos to the album: Gastonia Evening Rotary Club - 4/18/17 — at Olio's.",5,12,0
"8045519803","Patrick McHenry","Touring Trelleborg's Rutherfordton facility with Mayor Jimmy Dancy and Town Manager Doug Barrick.  Trelleborg recently moved their North American headquarters to Rutherfordton and acquired two new production lines for this facility.","2017-04-24T20:06:40+0000","photo","https://www.facebook.com/CongressmanMcHenry/photos/a.10155166624169804.1073742297.8045519803/10155166625549804/?type=3","8045519803_10155166625549804","Patrick McHenry added 4 new photos to the album: Trelleborg Coated Systems - 4/18/17 — in Rutherfordton, North Carolina.",5,2,1
"8045519803","Patrick McHenry","Meeting with Duke LifePoint's new Rutherford Regional Medical Center CEO Rebecca Segal.","2017-04-24T20:03:37+0000","photo","https://www.facebook.com/CongressmanMcHenry/photos/a.10155166619124804.1073742296.8045519803/10155166619149804/?type=3","8045519803_10155166619149804","Patrick McHenry added 4 new photos to the album: Rutherford Regional Medical Center - 4/18/17 — at Rutherford Regional Health System.",6,8,0
"8045519803","Patrick McHenry","It was great to speak to students, faculty and staff of Ambassador Baptist College in Lattimore.  ABC trains young people for ministry and has students from over 30 states and 5 countries.","2017-04-24T20:01:02+0000","photo","https://www.facebook.com/CongressmanMcHenry/photos/a.10155166611759804.1073742295.8045519803/10155166611949804/?type=3","8045519803_10155166611949804","Patrick McHenry added 4 new photos to the album: Ambassador Baptist College - 4/18/17 — at Ambassador Baptist College.",13,9,0
"8045519803","Patrick McHenry","It was a productive Easter work period back home in western North Carolina. My Tenth District weekly email update has complete details on my various constituent meetings and industry visits throughout the district. Don't forget to subscribe to receive this email directly to your inbox each Sunday.  http://mchenry.house.gov/news/email/show.aspx?ID=5H4A5XLRQ5FANT3ZGEHMHQ7N3I  https://mchenry.house.gov/forms/form/?ID=1505","2017-04-24T18:33:28+0000","link","http://mchenry.house.gov/news/email/show.aspx?ID=5H4A5XLRQ5FANT3ZGEHMHQ7N3I","8045519803_10155166441244804",NA,6,3,0
"8045519803","Patrick McHenry","April is Autism Awareness Month, a time to raise autism awareness and autism acceptance. It is important we help the thousands of American families who are confronted with an autism diagnosis each year while also recognizing the full lives those with autism can lead in spite of this horrific disease. Learn more about how you can participate here via the The Autism Society of America.   http://www.autism-society.org/get-involved/national-autism-awareness-month/","2017-04-20T14:44:00+0000","link","http://www.autism-society.org/get-involved/national-autism-awareness-month/","8045519803_10155134109729804",NA,25,24,5
"8045519803","Patrick McHenry","The Congressional Review Act has served as an important tool, allowing Congressional Republicans and President Donald J. Trump to repeal harmful, Obama-era rules that kill jobs and infringe on individual rights. You can see a full rundown of the 15 rules and regulations we've repealed via the CRA below-->   https://www.majorityleader.gov/2017/04/11/cras-complete-list/","2017-04-18T13:37:00+0000","link","https://www.majorityleader.gov/2017/04/11/cras-complete-list/","8045519803_10155134093989804",NA,27,61,6
"8045519803","Patrick McHenry","This week is National Park Week, a time to celebrate the beautiful National Parks throughout the United States. North Carolina is home to fourteen locations managed by the National Park Service including the Blue Ridge Parkway, the Appalachian Trail, the Overmountain Victory Trial, and the Wright Brothers National Memorial. A complete list can be found here-->   https://www.nps.gov/state/nc/index.htm","2017-04-17T14:26:00+0000","link","https://www.nps.gov/state/nc/index.htm","8045519803_10155133762319804",NA,24,20,8
"8045519803","Patrick McHenry","He is risen! Giulia, Cecelia, and I would like to wish you and your family a very happy and blessed Easter Sunday. God bless!","2017-04-16T16:08:00+0000","photo","https://www.facebook.com/CongressmanMcHenry/photos/a.364903074803.192496.8045519803/10155133718624804/?type=3","8045519803_10155133718624804",NA,49,11,0
"8045519803","Patrick McHenry","April is North Carolina Beer Month, a time to celebrate the numerous local craft breweries that call North Carolina home. Regardless of whether or not you enjoy the delicious products they produce, it is important to recognize the positive role breweries play in our communities, creating jobs and bringing people together.   Western North Carolina and the Tenth District specifically is home to many of North Carolina's breweries that will be hosting events throughout the month to celebrate NC Beer Month. A full list of events can be found here-->  http://www.ncbeermonth.com/?utm_source=Visit+North+Carolina&utm_campaign=16a681aa1d-Beer_Month_4_14_20174_14_2017&utm_medium=email&utm_term=0_bb27089e03-16a681aa1d-306107849","2017-04-15T16:24:00+0000","link","http://www.ncbeermonth.com/?utm_source=Visit+North+Carolina&utm_campaign=16a681aa1d-Beer_Month_4_14_20174_14_2017&utm_medium=email&utm_term=0_bb27089e03-16a681aa1d-306107849","8045519803_10155134063374804",NA,14,5,1
"8045519803","Patrick McHenry","Thank you President Donald J. Trump for standing with the pro-life community by signing H.J. Res 43, the first pro-life legislation to become law in fourteen years. I was proud to support this important legislation to roll back an Obama-era regulation that could force American taxpayers to fund abortion providers.","2017-04-14T12:53:01+0000","photo","https://www.facebook.com/SusanBAnthonyList/photos/a.398863996369.181429.53674651369/10154220016306370/?type=3","8045519803_10155133198924804","Patrick McHenry shared Susan B. Anthony List's photo.",56,71,0
"8045519803","Patrick McHenry","The past six weeks were a busy time in Washington as I've worked closely with President Trump and his Administration on a plan to repeal and replace Obamacare and undo job-killing Obama-era regulations using the Congressional Review Act. But our work is not done. When Congress returns from our district work period, we must redouble our efforts to repeal this failing law. MORE-->   http://mchenry.house.gov/news/documentsingle.aspx?DocumentID=398492","2017-04-13T15:46:21+0000","photo","https://www.facebook.com/CongressmanMcHenry/photos/a.364903074803.192496.8045519803/10155130012899804/?type=3","8045519803_10155130012899804",NA,36,67,14
"8045519803","Patrick McHenry","Visiting with students in the Stock Market Club at W.C. Friday Middle School in Dallas.  Students in the club are participating in the SIFMA Capitol Hill Challenge and are doing very well in this national competition against high schools!","2017-04-12T23:09:15+0000","photo","https://www.facebook.com/CongressmanMcHenry/photos/a.10155127698074804.1073742294.8045519803/10155127698989804/?type=3","8045519803_10155127698989804","Patrick McHenry added 5 new photos to the album: W. C. Friday Middle School Stock Market Club - 4/10/17 — at William C Friday Middle.",9,4,0
"8045519803","Patrick McHenry","In this week's Tenth District update I discuss House passage of my bill to help small businesses and entrepreneurs access capital, the fifth anniversary of the JOBS Act, and the Senate confirmation of Judge Neil Gorsuch. You can subscribe to receive these email updates directly to your inbox each Sunday-->  http://mchenry.house.gov/news/email/show.aspx?ID=5H4A5XLRQ5FAM6STDC7MVKNC7Y  https://mchenry.house.gov/forms/form/?ID=1505","2017-04-10T18:13:18+0000","link","http://mchenry.house.gov/news/email/show.aspx?ID=5H4A5XLRQ5FAM6STDC7MVKNC7Y","8045519803_10155120195679804",NA,6,6,0
"8045519803","Patrick McHenry","Congratulations to the next Associate Justice of the United States Supreme Court, Judge Neil Gorsuch. Throughout the confirmation process, Judge Gorsuch showed himself to be uniquely well qualified for service on our nation's highest court. I commend President Trump for his selection and trust that Judge Gorsuch will be a worthy successor to the late Justice Antonin Scalia.   http://www.foxnews.com/politics/2017/04/07/gorsuch-confirmed-to-supreme-court.html","2017-04-08T13:43:00+0000","photo","https://www.facebook.com/CongressmanMcHenry/photos/a.364903074803.192496.8045519803/10155110700839804/?type=3","8045519803_10155110700839804",NA,65,46,1
"8045519803","Patrick McHenry","On a chilly morning in Washington, I met with a group of students from Forest City's Chase High School.","2017-04-07T16:00:48+0000","photo","https://www.facebook.com/CongressmanMcHenry/photos/a.10155109042314804.1073742293.8045519803/10155109042484804/?type=3","8045519803_10155109042484804","Patrick McHenry added 3 new photos to the album: Meeting Students from Chase High School — in U.S Capitol - Washington, DC.",32,6,7
"8045519803","Patrick McHenry","This week marked the fifth anniversary of the JOBS Act becoming law. This bill, which I helped author, has played a big role in making it easier for small businesses and startups access the capital they need to grow and create jobs. On Wednesday, I joined with House Majority Leader Kevin McCarthy, Steve Case, and other leaders to discuss the law's success thus far-->  https://www.majorityleader.gov/2017/04/05/jobs-act-five-year-anniversary/","2017-04-07T15:25:01+0000","link","https://www.majorityleader.gov/2017/04/05/jobs-act-five-year-anniversary/","8045519803_10155108606144804",NA,5,8,1
"8045519803","Patrick McHenry","Almost five years to the day after the JOBS Act became law, it is fitting that the House is again coming together in a bipartisan fashion to pass a bill that will help small businesses and startups access much-needed capital.   Today, I was proud to see my bill, the Supporting America's Innovators Act, pass the House with over 400 votes. This is common sense legislation that will remove needless and outdated regulations replacing them with a regulatory framework that will encourage the growth of innovative forms of capital formation, which help businesses grow and create jobs.   http://mchenry.house.gov/news/documentsingle.aspx?DocumentID=398510","2017-04-06T22:05:54+0000","video","https://www.facebook.com/CongressmanMcHenry/videos/10155106308034804/","8045519803_10155106308034804",NA,27,11,4
"8045519803","Patrick McHenry","Between a session week in Washington and a weekend back at home in western NC, I had the pleasure of seeing a number of Tenth District constituents this week. My Tenth District weekly update has a full recap of my meetings in Washington, visits around Hickory, and a rundown of House Republicans' efforts to undo Obama-era regulations-->   http://mchenry.house.gov/news/email/show.aspx?ID=5H4A5XLRQ5FAMITQJPIKU726R4","2017-04-04T20:34:00+0000","link","http://mchenry.house.gov/news/email/show.aspx?ID=5H4A5XLRQ5FAMITQJPIKU726R4","8045519803_10155098255684804",NA,13,10,2
"8045519803","Patrick McHenry","Joined with Google to host a Computer Science Roadshow at Hickory's Mountain View Elementary School highlighting the importance of STEM and computer science education in our schools. Read more about my visit in the Hickory Daily Record-->   http://www.hickoryrecord.com/news/google-teaches-coding-to-mountain-view-elementary-school-students-rep/article_a63574be-87f5-55cf-9806-41443404ee01.html","2017-04-04T16:19:22+0000","photo","https://www.facebook.com/CongressmanMcHenry/photos/a.10155098238839804.1073742292.8045519803/10155098238869804/?type=3","8045519803_10155098238869804","Patrick McHenry added 4 new photos to the album: Google CS Roadshow at Hickory's Mtn. View Elementary - 03/31/2017 — in Hickory, North Carolina.",11,10,0
"8045519803","Patrick McHenry","As you prepare for tonight's games, a good read on UNC Coach Roy Williams and his western North Carolina roots and dialect-->  https://www.nytimes.com/2017/03/31/sports/ncaabasketball/north-carolina-roy-williams-final-four.html?_r=0","2017-04-01T19:01:00+0000","link","https://www.nytimes.com/2017/03/31/sports/ncaabasketball/north-carolina-roy-williams-final-four.html?_r=0","8045519803_10155089513229804",NA,16,3,9
"8045519803","Patrick McHenry","Each year, I have the pleasure of hosting the 10th District's Congressional Art Contest. It is open to all Tenth District art students and the winning art work will be prominently displayed in the US Capitol for the next year.   Full details on how to submit your artwork for consideration are available at the link below. I look forward to seeing strong participation from across the 10th District again this year!   http://mchenry.house.gov/news/documentsingle.aspx?DocumentID=398485","2017-03-31T12:49:09+0000","link","http://mchenry.house.gov/news/documentsingle.aspx?DocumentID=398485","8045519803_10155083301004804",NA,2,2,1
"8045519803","Patrick McHenry","Earlier this month, I spoke at the 2017 LendIt Conference in New York to outline my plan to establish a regulatory framework in the United States that will allow fintech to grow and succeed. Fintech has tremendous potential to change the way individuals and small businesses save and borrow but only if we allow it. Click the link below to see my full remarks-->   http://www.lendit.com/usa/2017/videos/fintech-view-from-congress","2017-03-30T15:00:01+0000","link","http://www.lendit.com/usa/2017/videos/fintech-view-from-congress","8045519803_10155080324429804",NA,3,11,0
"8045519803","Patrick McHenry","March is a busy time in Washington with class trips, family vacations, and numerous legislative fly-ins. I always enjoy hosting Tenth District visitors in my office and yesterday we had a big group with NC-10 representatives from the Alzheimer's Association, The Brain Aneurysm Foundation, and North Carolina 4-H.","2017-03-30T14:27:57+0000","photo","https://www.facebook.com/CongressmanMcHenry/photos/a.364903074803.192496.8045519803/10155082826989804/?type=3","8045519803_10155082826989804",NA,15,8,2
"8045519803","Patrick McHenry","It is always great to see the entrepreneurial spirit alive and well in our children. The latest example in NC-10 comes from Mount Holly's Noah Empson who created ""Canned,"" a trash can valet service for his neighbors. Read more about Noah's new business and his goal to make it on Shark Tank via FOX 46 Charlotte-->  http://www.fox46charlotte.com/news/local-news/243531890-story","2017-03-29T15:08:33+0000","link","http://www.fox46charlotte.com/news/local-news/243531890-story","8045519803_10155080353639804",NA,30,22,6
"8045519803","Patrick McHenry","Recently I sat down with Lend Academy's Peter Renton to talk about my work on fintech, crowdfunding, angel investing, and other innovative forms of capital formation that will help small businesses grow. Take a few minutes to listen to our conversation at the link below-->","2017-03-28T20:19:43+0000","link","http://www.lendacademy.com/podcast-94-congressman-patrick-mchenry-r-nc/","8045519803_10155078457909804","Patrick McHenry shared LendIt Conference's post.",5,6,0
"8045519803","Patrick McHenry","Since President Trump took office, Congressional Republicans and the President have worked hand-in-hand to roll back over-reaching Obama-era regulations. Using the Congressional Review Act, so far we've repealed seven Obama-era regulations with more planned for votes this week. House Majority Leader Kevin McCarthy has a good recap of our progress thus far-->  https://www.majorityleader.gov/2017/03/27/four-cras/","2017-03-28T13:19:46+0000","link","https://www.majorityleader.gov/2017/03/27/four-cras/","8045519803_10155077643599804",NA,35,84,14
"8045519803","Patrick McHenry","Mary Jo's on Cox Road is a Gaston County institution, serving our community since 1951. I join with the rest of Gaston County mourning the passing of the namesake, Mary Jo Cloninger who recently passed away. Giulia and I send our thoughts and prayers to the entire Cloninger family as they mourn their loss.   http://www.charlotteobserver.com/news/local/article139098228.html","2017-03-21T12:44:49+0000","link","http://www.charlotteobserver.com/news/local/article139098228.html","8045519803_10155054563629804",NA,13,17,5
"8045519803","Patrick McHenry","We had a very productive meeting with President Trump and Vice President Pence yesterday in the Oval Office. It is great to have the White House's full support behind the American Health Care Act, the plan to repeal and replace Obamacare. Photos courtesy of The White House.   http://www.reuters.com/article/us-usa-obamacare-idUSKBN16O1YK?il=0","2017-03-18T12:36:00+0000","photo","https://www.facebook.com/CongressmanMcHenry/photos/a.364903074803.192496.8045519803/10155045780754804/?type=3","8045519803_10155045780754804",NA,62,233,22
"8045519803","Patrick McHenry","Wishing everyone in western North Carolina a happy and safe St. Patrick's Day! I was honored to celebrate yesterday with President Trump and Taoiseach Enda Kenny at the annual Friends of Ireland lunch in the US Capitol. It was a tremendous event celebrating our nation's long ties to Ireland and the Irish people.","2017-03-17T13:05:34+0000","photo","https://www.facebook.com/CongressmanMcHenry/photos/a.364903074803.192496.8045519803/10155042780979804/?type=3","8045519803_10155042780979804",NA,22,27,1
"8045519803","Patrick McHenry","Earlier this afternoon I joined Asheville's WLOS for a Connect to Congress segment where we discussed House Republicans' plan to repeal and replace Obamacare, what it means for our area, and its prospects for passage. Please take a few moments to watch the interview at the link below-->  http://wlos.com/news/connect-to-congress/connect-to-congress-rep-mchenry-talks-health-care-reform-tax-returns-budgets","2017-03-15T22:42:26+0000","link","http://wlos.com/news/connect-to-congress/connect-to-congress-rep-mchenry-talks-health-care-reform-tax-returns-budgets","8045519803_10155038205304804",NA,17,35,6
"8045519803","Patrick McHenry","In recognition of Women's History Month, I highly recommend this story from The Gaston Gazette about Gwendolyn Harrison Smith, who in 1951 became the first African American woman to attend UNC Chapel Hill. Ms. Smith, who lived much of her life in Bessemer City, was an impressive woman and her story is well worth your time.  http://www.gastongazette.com/news/20170305/unc-first-gaston-woman-helped-pave-way-for-blacks-to-attend-unc-chapel-hill","2017-03-14T13:59:00+0000","link","http://www.gastongazette.com/news/20170305/unc-first-gaston-woman-helped-pave-way-for-blacks-to-attend-unc-chapel-hill","8045519803_10155031612224804",NA,33,5,3
"8045519803","Patrick McHenry","Last week was an important one in Washington as House Republicans released the American Health Care Act, our plan to repeal and replace the disaster that is Obamacare. In this week's Tenth District update, I share details of our reform plan, media interviews discussing the plan, and also update you on my legislative efforts to help small businesses grow.   Click below to see the full Tenth District update and don't forget to subscribe so you receive these emails directly to your inbox every Sunday afternoon.  http://mchenry.house.gov/news/email/show.aspx?ID=5H4A5XLRQ5FANWUXISQNYMTIPE  https://mchenry.house.gov/forms/form/?ID=1505","2017-03-13T17:39:45+0000","link","http://mchenry.house.gov/news/email/show.aspx?ID=5H4A5XLRQ5FANWUXISQNYMTIPE","8045519803_10155031595524804",NA,13,53,5
"8045519803","Patrick McHenry","Once again this year, my office will be hosting the Tenth District Congressional Art Competition. The competition is open to all Tenth District high school students and the winning artist will be recognized at a ceremony in Washington and have their winning work displayed prominently in the U.S. Capitol. Full details are available here-->  http://mchenry.house.gov/news/documentsingle.aspx?DocumentID=398485","2017-03-11T15:24:30+0000","link","http://mchenry.house.gov/news/documentsingle.aspx?DocumentID=398485","8045519803_10155021893909804",NA,12,9,8
"8045519803","Patrick McHenry","Yesterday the House Committee on Financial Services and the Senate Banking Committee each took an important step to make it easier for small businesses and startups to access capital. Both committees advanced H.R. 1219, the Supporting America's Innovators Act of 2017, my bipartisan, bicameral bill that will make it easier for small businesses to grow and create jobs. I'm hopeful this important legislation will be signed into law soon.  Below you can see my statement in support of H.R. 1219 from yesterday's committee markup. Additionally you can click on the link below to learn more about this vital bill.   http://mchenry.house.gov/news/documentsingle.aspx?DocumentID=398494","2017-03-10T17:02:44+0000","video","https://www.facebook.com/CongressmanMcHenry/videos/10155020639629804/","8045519803_10155020639629804",NA,15,12,0
"8045519803","Patrick McHenry","Obamacare is broken. Its driven up costs, cancelled plans, and must be replaced. This week, House Republicans' released the first part of our three phase plan to repeal this disastrous law. On Tuesday, I met with President Donald J. Trump to discuss the American Health Care Act. Learn more-->   http://mchenry.house.gov/news/documentsingle.aspx?DocumentID=398492","2017-03-09T17:56:39+0000","link","http://mchenry.house.gov/news/documentsingle.aspx?DocumentID=398492","8045519803_10155017443264804",NA,27,71,4
"8045519803","Patrick McHenry","On Monday, House Republicans' unveiled the American Health Care Act, our bill to repeal and replace Obamacare. Yesterday, I joined CNN's Wolf Blitzer to discuss our new bill and why its needed to help undo the damage Obamacare has done to the American healthcare system.","2017-03-08T20:50:16+0000","video","https://www.facebook.com/CongressmanMcHenry/videos/10155013319254804/","8045519803_10155013319254804",NA,39,70,10
"8045519803","Patrick McHenry","Yesterday I joined CNBC's Squawk Box to talk about House Republicans work to repeal and replace Obamacare, the prospects for comprehensive tax reform, and our continued efforts to roll back job-killing, Obama-era regulations. Please take a few minutes to watch the full interview below-->","2017-03-07T16:07:03+0000","video","https://www.facebook.com/CongressmanMcHenry/videos/10155008045459804/","8045519803_10155008045459804",NA,28,41,4
"8045519803","Patrick McHenry","After a busy few weeks in Washington, it was great to spend all of last week back at home in western North Carolina. I had a busy week filled with constituent meetings, school visits, and tours of local factories and businesses. I recapped the whole thing in my Tenth District Weekly Update-->   http://mchenry.house.gov/news/email/show.aspx?ID=5H4A5XLRQ5FANDTJJOBBMX5MMQ","2017-03-01T19:30:08+0000","link","http://mchenry.house.gov/news/email/show.aspx?ID=5H4A5XLRQ5FANDTJJOBBMX5MMQ","8045519803_10154989904044804",NA,19,26,0
"8045519803","Patrick McHenry","Tonight, President Trump laid out a clear and unifying vision for our country, a vision focused on creating good-paying jobs, lifting up the middle class, and keeping Americans safe and secure. In his first 40 days, we’ve already seen progress towards these goals with executive actions to cut regulations and secure our southern border.   With his speech tonight, President Trump outlined the next steps in our work: describing details on his plans to repeal and replace Obamacare and reform our broken tax code. In the coming days and weeks, I look forward to working with him to achieve these shared goals and improve the lives of all Americans.","2017-03-01T03:28:46+0000","status",NA,"8045519803_10154988554274804",NA,143,50,5
"8045519803","Patrick McHenry","I had the opportunity to sit down with health care leaders from Lincoln County. It was a great opportunity to discuss the best path forward for health care.","2017-02-28T19:36:10+0000","photo","https://www.facebook.com/CongressmanMcHenry/photos/a.10154987604764804.1073742291.8045519803/10154987604844804/?type=3","8045519803_10154987604844804","Patrick McHenry added 2 new photos to the album: Lincoln County Health Care Leaders - 2/24/17 — in Boger City, North Carolina.",14,11,2
"8045519803","Patrick McHenry","I had the opportunity to visit with a number of students and classes at Pumpkin Center Intermediate.  Thank you to Dr. Hoyle and Mrs. Ashford for hosting me.","2017-02-28T19:33:29+0000","photo","https://www.facebook.com/CongressmanMcHenry/photos/a.10154987601084804.1073742290.8045519803/10154987601574804/?type=3","8045519803_10154987601574804","Patrick McHenry added 5 new photos to the album: Pumpkin Center Intermediate School - 2/24/17 — at Pumpkin Center Intermediate.",9,8,0
"8045519803","Patrick McHenry","Statement regarding Asheville Jewish Community Center:  I am horrified to learn that our community is the latest target of a bomb threat against a Jewish Community Center. This type of hate has no place among our citizenry. Thank you to local law enforcement for their quick response, initial investigation, and cooperation with the FBI to get to the bottom of this incident.","2017-02-27T21:49:35+0000","status",NA,"8045519803_10154985429304804",NA,23,27,5
"8045519803","Patrick McHenry","Touring Tosaf USA, an Israeli Company that chose Gaston County as the site of its American production facility for developing and manufacturing high quality additives, compounds and color masterbatches for the plastics industry.","2017-02-25T05:10:26+0000","photo","https://www.facebook.com/CongressmanMcHenry/photos/a.10154978355064804.1073742289.8045519803/10154978357604804/?type=3","8045519803_10154978357604804","Patrick McHenry added 6 new photos to the album: Tosaf USA in Bessemer City - 2/23/17 — in Bessemer City, North Carolina.",38,26,3
"8045519803","Patrick McHenry","Students participating in firefighter career training at Hunter Huss High School in Gastonia.","2017-02-25T05:02:03+0000","video","https://www.facebook.com/CongressmanMcHenry/videos/10154978290084804/","8045519803_10154978290084804",NA,22,12,1
"8045519803","Patrick McHenry","It was also great to have the opportunity to see the fire and EMS career programs at Hunter Huss High School.  The fire academy is truly remarkable.  Students graduate with their Firefighter 1 Certification or their EMT-Basic.  The program has a donated fire truck and ambulance.","2017-02-25T04:24:42+0000","photo","https://www.facebook.com/CongressmanMcHenry/photos/a.10154978280119804.1073742288.8045519803/10154978282699804/?type=3","8045519803_10154978282699804","Patrick McHenry added 11 new photos to the album: Hunter Huss Fire Academy - 2/23/17 — at Hunter Huss High School.",10,5,2
"8045519803","Patrick McHenry","Visiting Hunter Huss High in Gastonia and getting an up-close look at their career and technical education programs.","2017-02-25T03:51:04+0000","photo","https://www.facebook.com/CongressmanMcHenry/photos/a.10154978214229804.1073742287.8045519803/10154978214989804/?type=3","8045519803_10154978214989804","Patrick McHenry added 10 new photos to the album: Hunter Huss High School - 2/23/17 — at Hunter Huss High School.",19,6,0
"8045519803","Patrick McHenry","Thank you to CVCC and all the industry partners for allowing me to visit the academy.  It was great to see all the incredible things happening at the academy.","2017-02-24T20:39:35+0000","photo","https://www.facebook.com/CongressmanMcHenry/photos/a.10154977229854804.1073742285.8045519803/10154977230819804/?type=3","8045519803_10154977230819804","Patrick McHenry added 8 new photos to the album: Catawba Valley Furniture Academy - 2/22/17 — at Catawba Valley Community College.",6,4,0
"8045519803","Patrick McHenry","I had the opportunity to sit down with health care leaders from Catawba County.  It was a great discussion about the best path forward for health care.","2017-02-24T20:35:59+0000","photo","https://www.facebook.com/CongressmanMcHenry/photos/a.10154977208894804.1073742284.8045519803/10154977209049804/?type=3","8045519803_10154977209049804","Patrick McHenry added 2 new photos to the album: Catawba County Health Care Leaders - 2/22/17 — at North Carolina Center for Engineering Technologies.",8,9,2
"8045519803","Patrick McHenry","Thank you to Rod Poole and Chris Baltz for invitation to Transportation Insight.  I enjoyed seeing the expansion taking place and catching up.","2017-02-24T20:28:00+0000","photo","https://www.facebook.com/CongressmanMcHenry/photos/a.10154977205629804.1073742283.8045519803/10154977205869804/?type=3","8045519803_10154977205869804","Patrick McHenry added 5 new photos to the album: Transportation Insight - 2/22/17 — at Transportation Insight, LLC.",9,4,1
"8045519803","Patrick McHenry","I had the opportunity to visit Clyde Campbell Elementary School and speak with the 6th graders.  I enjoyed speaking with them and taking their questions.  Thank you to Jessica Caldwell for the invitation.","2017-02-24T20:24:20+0000","photo","https://www.facebook.com/CongressmanMcHenry/photos/a.10154977189124804.1073742282.8045519803/10154977189569804/?type=3","8045519803_10154977189569804","Patrick McHenry added 5 new photos to the album: Clyde Campbell Elementary School - 2/22/17 — at Clyde Campbell Elementary.",18,14,1
"8045519803","Patrick McHenry","President Trump made clear that one of his first orders of business would be undoing the vast array of Obama-era regulations that have strangled job growth and driven up the cost of doing business in the US. House Republicans have led those efforts using the Congressional Review Act: legislation that allows us to repeal regulations with a simple majority in the House and Senate.   House Majority Leader Kevin McCarthy has compiled a helpful summary of those efforts. Click the link below to see the thirteen resolutions the House has passed of which, three have passed the Senate and two have been signed into law by President Trump.  https://www.majorityleader.gov/2017/02/17/cra-wrap-date/","2017-02-23T15:55:07+0000","link","https://www.majorityleader.gov/2017/02/17/cra-wrap-date/","8045519803_10154969766354804",NA,28,55,12
"8045519803","Patrick McHenry","Discussing the future of healthcare delivery with Mission Health leaders.","2017-02-23T00:33:04+0000","photo","https://www.facebook.com/CongressmanMcHenry/photos/a.10154972483609804.1073742281.8045519803/10154972484459804/?type=3","8045519803_10154972484459804","Patrick McHenry added 3 new photos to the album: Mission Health - 2/21/17 — at Mission Health.",11,7,2
"8045519803","Patrick McHenry",NA,"2017-02-23T00:09:25+0000","photo","https://www.facebook.com/CongressmanMcHenry/photos/a.10154972451354804.1073742280.8045519803/10154972451429804/?type=3","8045519803_10154972451429804","Patrick McHenry added a new photo to the album: AARP - 2/21/17 — with AARP North Carolina in Black Mountain, North Carolina.",16,9,0
"8045519803","Patrick McHenry",NA,"2017-02-23T00:08:02+0000","photo","https://www.facebook.com/CongressmanMcHenry/photos/a.10154972442479804.1073742279.8045519803/10154972445229804/?type=3","8045519803_10154972444879804","Patrick McHenry added 3 new photos to the album: Avadim Technologies - 2/21/17 — with Avadim Technologies in Swannanoa, North Carolina.",7,8,0
"8045519803","Patrick McHenry",NA,"2017-02-22T23:51:12+0000","photo","https://www.facebook.com/CongressmanMcHenry/photos/a.10154972405144804.1073742278.8045519803/10154972405424804/?type=3","8045519803_10154972405424804","Patrick McHenry added a new photo to the album: MountainTrue - 2/21/17 — with MountainTrue in Black Mountain, North Carolina.",14,8,1
"8045519803","Patrick McHenry",NA,"2017-02-22T23:20:56+0000","photo","https://www.facebook.com/CongressmanMcHenry/photos/a.10154972331639804.1073742277.8045519803/10154972332624804/?type=3","8045519803_10154972332624804","Patrick McHenry added 4 new photos to the album: Aeroflow Healthcare - 2/21/17 — at Aeroflow Healthcare.",9,6,2
"8045519803","Patrick McHenry","Congratulations to Lindsay Keisler, the new President of the Catawba County Chamber of Commerce! A native of Conover, Lindsay will be the first female to lead the Catawba County Chamber. She will have big shoes to fill replacing Danny Hearn but I'm confident she will do a great job.   http://www.hickoryrecord.com/news/catawba-county-chamber-of-commerce-chamber-names-st-female-president/article_6ecfbe9e-f9c2-53d6-85fe-1327900fc1d9.html","2017-02-22T15:39:13+0000","link","http://www.hickoryrecord.com/news/catawba-county-chamber-of-commerce-chamber-names-st-female-president/article_6ecfbe9e-f9c2-53d6-85fe-1327900fc1d9.html","8045519803_10154960477529804",NA,30,13,2
"8045519803","Patrick McHenry","Throughout our nation's history, we've had strong leaders who have guided our country through many challenging and difficult times. Today, we recognize those men, starting with President George Washington and the 44 men who have followed him as our commander in chief. Happy Presidents' Day!","2017-02-20T15:32:00+0000","photo","https://www.facebook.com/CongressmanMcHenry/photos/a.364903074803.192496.8045519803/10154960376104804/?type=3","8045519803_10154960376104804",NA,31,22,6
"8045519803","Patrick McHenry","Congratulations to my good friend Mick Mulvaney on his confirmation as the next Director of the Office of Management and Budget. Mick is smart, principled, and brutally honest; just the type of person we need tackling our nation's budgetary challenges. While we will miss him in the House, I wish him all the best as he tackles this new challenge. My full statement-->   http://mchenry.house.gov/news/documentsingle.aspx?DocumentID=398467","2017-02-16T20:13:34+0000","link","http://mchenry.house.gov/news/documentsingle.aspx?DocumentID=398467","8045519803_10154953499739804",NA,22,21,2
"8045519803","Patrick McHenry","Over the past eight years, the Federal Reserve has time and again participated in international regulatory forums that lack any semblance of transparency. Its impossible to know whether or not the negotiations ongoing in these forums and the agreements made during them are in the best interest of the American people. Today, I asked Fed Chair Janet Yellen about these forums and whether or not she would await guidance from the new Administration before continuing participation-->","2017-02-15T18:47:00+0000","video","https://www.facebook.com/CongressmanMcHenry/videos/10154948715889804/","8045519803_10154948715889804",NA,24,35,8
"8045519803","Patrick McHenry","Important day at the House Committee on Financial Services as Federal Reserve Chair Janet Yellen makes her first appearance before the committee this Congress. The hearing is beginning now. Watch live at the link below-->    https://www.c-span.org/video/?423747-1/federal-reserve-chair-janet-yellen-testifies-economic-outlook","2017-02-15T15:03:46+0000","link","https://www.c-span.org/video/?423747-1%2Ffederal-reserve-chair-janet-yellen-testifies-economic-outlook","8045519803_10154948421609804",NA,8,5,1
"8045519803","Patrick McHenry","In this week's Tenth District update, I write about Black History Month, legislation to protect your emails from government intrusion, and provide details about how best to stay in touch with my office. Click on the first link below to see this week's NC-10 update and use the second to subscribe to receive this email directly to your inbox each Sunday afternoon.   http://mchenry.house.gov/news/email/show.aspx?ID=HTCIKS5UUYOF6GVS3DFRVUSUN4  https://mchenry.house.gov/forms/form/?ID=1505","2017-02-14T16:11:13+0000","link","http://mchenry.house.gov/news/email/show.aspx?ID=HTCIKS5UUYOF6GVS3DFRVUSUN4","8045519803_10154943836234804",NA,2,5,0
"8045519803","Patrick McHenry","Each February we celebrate Black History Month and the countless contributions African Americans have made to our nation. From business, political, and military leaders to important educators and inventors, African Americans have made many meaningful contributions to the country.   Last week, I was proud to join with the North Carolina House delegation in recognizing some of those leaders from our state as we introduced a House Resolution honoring the Greensboro Four. Learn more about this resolution recognizing one of the formative moments in the Civil Rights Movement.   https://adams.house.gov/media-center/press-releases/adams-and-budd-introduce-greensboro-four-resolution","2017-02-13T21:49:31+0000","link","https://adams.house.gov/media-center/press-releases/adams-and-budd-introduce-greensboro-four-resolution","8045519803_10154943803864804",NA,11,7,3
"8045519803","Patrick McHenry","Did you know that under a law originally passed in 1986, your personal emails can be accessed by the federal government without a warrant? Under the Electronic Communications Privacy Act (ECPA) of 1986 that is the case.   Tonight--with a huge, bipartisan vote--the House acted to change that. Read more about why we need Congressman Kevin Yoder's Email Privacy Act to reform ECPA & protect our email privacy-->   http://thehill.com/blogs/congress-blog/technology/277798-congress-getting-it-right-on-email-privacy","2017-02-07T00:31:00+0000","link","http://thehill.com/blogs/congress-blog/technology/277798-congress-getting-it-right-on-email-privacy","8045519803_10154924716919804",NA,16,15,0
"8045519803","Patrick McHenry","This week's Tenth District email update covered my new bill to help families save for child and dependent care, President Trump's Supreme Court announcement, and the President taking first steps to undo Dodd-Frank and its regulations that have reduced access to credit for so many. Click below to see this week's update and don't forget to subscribe to receive it directly to your inbox each week.   http://mchenry.house.gov/news/email/show.aspx?ID=HTCIKS5UUYOF72W5XFVAEG7HGY  https://mchenry.house.gov/forms/form/?ID=1505","2017-02-06T16:02:15+0000","link","http://mchenry.house.gov/news/email/show.aspx?ID=HTCIKS5UUYOF72W5XFVAEG7HGY","8045519803_10154923809569804",NA,8,19,1
"8045519803","Patrick McHenry","Dodd-Frank regulations have driven up costs and made credit less available for families and small businesses throughout western NC. My colleagues on the Financial Services Committee and I have been fighting to replace this law with something that actually works for American consumers for years.   Today, we took a big step forward in those efforts as President Trump signed executive orders to start the process of repealing Dodd-Frank and also delaying the DOL's costly Fiduciary Rule. My full statement on these important orders:  http://mchenry.house.gov/news/documentsingle.aspx?DocumentID=398460","2017-02-03T19:19:18+0000","link","http://mchenry.house.gov/news/documentsingle.aspx?DocumentID=398460","8045519803_10154915676159804",NA,63,65,8
"8045519803","Patrick McHenry","In recent years, we've seen the cost of everyday goods and services skyrocket. All the while, American families have seen wages stagnate. These new budget realities pose serious challenges for American families and today I introduced bipartisan legislation to address them.  The Family Care Savings Act will make it easier for families to save for child and dependent care by increasing the savings cap on dependent care flexible spending accounts or FSAs. Learn more about this important bill below-->   http://mchenry.house.gov/news/documentsingle.aspx?DocumentID=398458","2017-02-01T21:29:36+0000","link","http://mchenry.house.gov/news/documentsingle.aspx?DocumentID=398458","8045519803_10154910457214804",NA,16,26,0
"8045519803","Patrick McHenry","Congratulations to Judge Neil Gorsuch on his nomination to serve on the United States Supreme Court. Judge Gorsuch is a jurist in the mold of the late Justice Scalia and I commend President Trump on an excellent selection. It was an honor to be in the East Room for tonight's announcement.","2017-02-01T01:29:06+0000","photo","https://www.facebook.com/CongressmanMcHenry/photos/a.364903074803.192496.8045519803/10154908364409804/?type=3","8045519803_10154908364409804",NA,137,22,8
"8045519803","Patrick McHenry","Welcome to all those from western North Carolina and across the United States who are in Washington today for The March for Life! Between passage of HR 7 banning federal funding of abortions and President Trump's executive action reinstating the Mexico City policy, it has been a good week for the pro-life community. I'm proud to stand with all the marchers and defend those who cannot defend themselves. #WhyWeMarch.   http://marchforlife.org/mfl-2017/","2017-01-27T14:30:00+0000","link","http://marchforlife.org/mfl-2017/","8045519803_10154893419339804",NA,118,34,18
"8045519803","Patrick McHenry","Its been a productive few days in Philadelphia as House and Senate Republicans have outlined our legislative agenda for the year. Today, we heard from both President Trump and Vice President Pence. Prior to their remarks, I enjoyed the opportunity to meet with each of them and talk about what should be a busy four years working on behalf of the American people.","2017-01-26T20:53:27+0000","photo","https://www.facebook.com/CongressmanMcHenry/photos/a.364903074803.192496.8045519803/10154893112499804/?type=3","8045519803_10154893112499804",NA,160,39,8
"8045519803","Patrick McHenry","Ensuring a good educational foundation for your children is among each parent's greatest concerns in life. Unfortunately, rising costs have made it increasingly difficult for parents to achieve this goal.   Yesterday I introduced legislation called the EPIC Act to change that. This bill would allow parents to save tax-free for their children's education via the popular 529 accounts while also increasing contribution limits for Coverdell accounts. You can learn more about this important bill at the link below-->  http://mchenry.house.gov/news/documentsingle.aspx?DocumentID=398455","2017-01-25T20:41:54+0000","link","http://mchenry.house.gov/news/documentsingle.aspx?DocumentID=398455","8045519803_10154890060924804",NA,13,8,4
"8045519803","Patrick McHenry","This Friday, many of our western North Carolina neighbors will travel to Washington to join with hundreds of thousands of their fellow Americans solemnly marching against the tragedy of abortion. Today, the House joined them in standing in defense of life by passing HR 7 which reaffirms the long-standing Hyde Amendment, banning all federal funding to abortion.  Coupled with the Trump Administration executive order reestablishing the Mexico City policy, HR 7 reaffirms our commitment to defending the unborn. My full statement on today's important vote-->   http://mchenry.house.gov/news/documentsingle.aspx?DocumentID=398453","2017-01-24T23:53:15+0000","link","http://mchenry.house.gov/news/documentsingle.aspx?DocumentID=398453","8045519803_10154886640439804",NA,143,62,34
"8045519803","Patrick McHenry","It is imperative that we provide educational opportunities for all children. School choice allows us to do that by empowering parents to decide what school is best for their children, whether its public, private, charter, or any other choice. This week we celebrate National School Choice Week and highlight the importance of school choice.   http://schoolchoiceweek.com/","2017-01-24T15:49:34+0000","link","http://schoolchoiceweek.com/","8045519803_10154884770379804",NA,8,21,3
"8045519803","Patrick McHenry","I'm heartbroken to learn Ruth Samuelson has lost her fight with cancer. Ruth was a great public servant, serving on both the Mecklenburg County Commission and later in the NC House. Beyond her service, Ruth was a wonderful person, fully devoted to her family and faith. Giulia and I are praying for the Samuelson family as they mourn their loss.   http://www.charlotteobserver.com/news/local/article128167464.html","2017-01-23T17:28:54+0000","link","http://www.charlotteobserver.com/news/local/article128167464.html","8045519803_10154880074964804",NA,19,2,1
"8045519803","Patrick McHenry","Congratulations to the 45th President of the United States, Donald J. Trump. Now's the time for action. Over the next four years, I look forward to working with President Trump to repair our nation’s broken healthcare system, rewrite our tax code, and create a regulatory climate that allows small businesses to grow and prosper. Together, we can improve the lives of all American families.","2017-01-20T17:48:39+0000","status",NA,"8045519803_10154869443709804",NA,106,23,2
"8045519803","Patrick McHenry","Later today President-elect Donald Trump will be sworn into office. Every four years, we enjoy this pillar of our American democracy as we see the peaceful transition of power. I'm looking forward to attending the inaugural activities which begin later this morning. You can watch at home via the link below:  https://www.c-span.org/video/?421594-1/inauguration-donald-trump-45th-president-united-states","2017-01-20T14:12:00+0000","link","https://www.c-span.org/video/?421594-1%2Finauguration-donald-trump-45th-president-united-states","8045519803_10154867107849804",NA,24,10,1
"8045519803","Patrick McHenry","I spent the morning greeting Tenth District constituents who were visiting my Washington office to pickup inauguration tickets.","2017-01-19T21:09:41+0000","photo","https://www.facebook.com/CongressmanMcHenry/photos/a.10154867124539804.1073742276.8045519803/10154867124569804/?type=3","8045519803_10154867124569804","Patrick McHenry added 3 new photos to the album: Greeting NC-10 Constituents -- 01/19/2017.",14,3,0
"8045519803","Patrick McHenry","Two weeks into the 115th Congress and House Republicans have followed through on our commitment to repeal Obamacare and have continued efforts to undo President Obama's job-killing regulations. In this week's Tenth District update, I discuss the Obamacare repeal vote, my re-introduction of the RPM Act, and honor Dr. Martin Luther King, Jr-->  http://mchenry.house.gov/news/email/show.aspx?ID=HTCIKS5UUYOF7EWOZXIOPPCTGI","2017-01-17T19:38:34+0000","link","http://mchenry.house.gov/news/email/show.aspx?ID=HTCIKS5UUYOF7EWOZXIOPPCTGI","8045519803_10154861139244804",NA,21,32,3
"8045519803","Patrick McHenry","As Americans, we have the Constitutional right to exercise the religion of our choosing. Today, we celebrate this fundamental right and remember why it must be protected at all times. #ReligiousFreedomDay","2017-01-16T21:15:01+0000","photo","https://www.facebook.com/CongressmanMcHenry/photos/a.364903074803.192496.8045519803/10154849626749804/?type=3","8045519803_10154849626749804",NA,21,23,7
"8045519803","Patrick McHenry","Today we celebrate the life of a man who dedicated his life to helping others and improving the lives of all Americans. Dr. Martin Luther King, Jr.'s Biblical teachings and message of peaceful resistance remain so powerful today. Join me in honoring his life and his message of liberty for all.","2017-01-16T14:53:54+0000","photo","https://www.facebook.com/CongressmanMcHenry/photos/a.364903074803.192496.8045519803/10154849539919804/?type=3","8045519803_10154849539919804",NA,21,3,1
"8045519803","Patrick McHenry","Obamacare was sold as a plan that would reduce costs and improve the quality of healthcare for all Americans. Here in western North Carolina it has done the opposite: canceling popular plans, driving up costs, and leaving my constituents worse off.  Friday, I joined with a majority in the House to pass a budget resolution that will eventually lead to Obamacare being repealed. Where does that process go from here? The graphic below lays out the process-->","2017-01-15T18:04:30+0000","photo","https://www.facebook.com/CongressmanMcHenry/photos/a.364903074803.192496.8045519803/10154849702989804/?type=3","8045519803_10154849702989804",NA,42,61,10
"8045519803","Patrick McHenry","Obamacare is broken. It has driven up costs, reduced the quality of care, and made healthcare worse for my constituents in western North Carolina. Today, the House took the first step towards repealing and replacing this disastrous law. In the coming days and weeks, I look forward to working with my colleagues to pass bills that will enable better care, at lower costs for all Americans. My full statement on today's important vote-->  http://mchenry.house.gov/news/documentsingle.aspx?DocumentID=398444","2017-01-13T20:46:10+0000","link","http://mchenry.house.gov/news/documentsingle.aspx?DocumentID=398444","8045519803_10154849687249804",NA,57,58,7
"8045519803","Patrick McHenry","This evening the House took another big step towards bringing greater accountability and transparency to the federal regulatory process, this time at the SEC. The SEC Regulatory Accountability Act will require the Commission to take common sense steps like conducting cost benefit analysis on proposed regulations and identifying the specific problems the regulations are supposed to address. Learn more about this legislation-->   https://policy.house.gov/legislative/bills/hr-78-sec-regulatory-accountability-act","2017-01-12T22:38:01+0000","link","https://policy.house.gov/legislative/bills/hr-78-sec-regulatory-accountability-act","8045519803_10154846823479804",NA,14,13,4
"8045519803","Patrick McHenry","Blue Ridge Forever is doing important farmland conservation work here in western North Carolina and this $8 million award can only further those efforts. Late last year, I was proud to assist with their important work by writing a letter of support to the Department of Agriculture on their behalf as they applied for this unprecedented funding.","2017-01-12T18:20:30+0000","link","http://appalachian.org/blue-ridge-forever-awarded-8-million-farmland/","8045519803_10154846040749804","Patrick McHenry shared Southern Appalachian Highlands Conservancy's post.",5,0,0
"8045519803","Patrick McHenry","For the last eight years over-regulation has strangled our economy and crippled job growth. With a new Administration about to take over, House Republicans are working to undo the damage of the last eight years and bring common sense and transparency to our nation's rule-making. Tonight we took another step in those efforts with passage of the Regulatory Accountability Act. Learn more about this critical legislation-->","2017-01-11T23:47:32+0000","link","http://thehill.com/regulation/313084-week-ahead-gop-congress-comes-out-of-the-gate-with-anti-regulatory-push","8045519803_10154843065944804","Patrick McHenry shared House Judiciary Committee's post.",10,17,0
"8045519803","Patrick McHenry","Startups and small businesses are important economic drivers and job creators, especially in small and rural communities like those throughout western North Carolina. We need to encourage the growth of these businesses by creating a regulatory environment that allows them to prosper. Last night, the House passed the HALOS Act which will help accomplish that. Learn more:   https://policy.house.gov/legislative/bills/hr-79-helping-angels-lead-our-startups-halos-act","2017-01-11T15:41:18+0000","link","https://policy.house.gov/legislative/bills/hr-79-helping-angels-lead-our-startups-halos-act","8045519803_10154841241029804",NA,8,2,1
"8045519803","Patrick McHenry","It was a productive first week of the 115th Congress for the US House. We passed two bills to limit job-killing Obama era regulations, stood with Israel against attacks at the United Nations, and I paid tribute to my good friend, Cleveland County Commissioner Ronnie Hawkins. See a full rundown of the week in my NC-10 weekly update and don't forget to subscribe to receive these emails to your inbox every Sunday:  http://mchenry.house.gov/news/email/show.aspx?ID=HTCIKS5UUYOF6PK7C5UAFSYVI4  https://mchenry.house.gov/forms/form/?ID=1505","2017-01-10T19:12:00+0000","link","http://mchenry.house.gov/news/email/show.aspx?ID=HTCIKS5UUYOF6PK7C5UAFSYVI4","8045519803_10154836395059804",NA,9,16,1
"8045519803","Patrick McHenry","House Republicans have an ambitious agenda as we get work with the incoming Administration. Last week, I spoke with The Gaston Gazette to preview the 115th Congress, specifically focusing on working with the Trump Administration, repealing Obamacare, and my work on behalf of western North Carolina's small businesses. Take a few moments to read the interview below-->  http://www.gastongazette.com/news/20170108/mchenry-working-with-trump-repealing-obamacare-and-helping-business","2017-01-10T14:24:00+0000","link","http://www.gastongazette.com/news/20170108/mchenry-working-with-trump-repealing-obamacare-and-helping-business","8045519803_10154836266959804",NA,49,23,3
"8045519803","Patrick McHenry","Western North Carolina is blessed with numerous dedicated police officers who put their lives on the line each day to keep our communities safe and secure. As we recognize #LawEnforcementAppreciationDay, join me in saying thanks to these brave men and women for their service and also join me in praying for their continued safety each time they put on their uniforms. God Bless!","2017-01-09T20:22:00+0000","photo","https://www.facebook.com/CongressmanMcHenry/photos/a.364903074803.192496.8045519803/10154836137224804/?type=3","8045519803_10154836137224804",NA,31,3,9
"8045519803","Patrick McHenry","Auto racing plays an important role here in North Carolina both as a significant local employer and also as a timeless pastime enjoyed by many. Yet racing has been under threat from Washington bureaucrats, with the EPA attempting to limit the ability of racers to modify their cars for closed track use.   Last year, I introduced the RPM Act to block these efforts and the EPA backed off. Today, I'm proud to announce I've reintroduced the RPM Act so that we can permanently block the EPA from attempting to regulate this vital industry. Read more about why we must pass the RPM Act-->  http://mchenry.house.gov/news/documentsingle.aspx?DocumentID=398435","2017-01-09T15:31:48+0000","link","http://mchenry.house.gov/news/documentsingle.aspx?DocumentID=398435","8045519803_10154835823269804",NA,27,10,4
"8045519803","Patrick McHenry","Cleveland County Commissioner Ronnie Hawkins dedicated his life to public service. From his time in the Army to his years of service on both the Kings Mountain District School Board and the Cleveland County Board of Commissioners, he was always helping others. Thursday, I spoke on the House floor to pay tribute to his life of service. My prayers continue to be with his wife Libby and the entire Hawkins family as they mourn their loss.","2017-01-07T15:57:00+0000","video","https://www.facebook.com/CongressmanMcHenry/videos/10154827688214804/","8045519803_10154827688214804",NA,15,1,6
"8045519803","Patrick McHenry","Over the past eight years, the Obama Administration has unleashed a regulatory onslaught. With economic costs of nearly $2 trillion, these regulations have harmed job growth and driven up the costs of everyday goods and services.  House Republicans have fought these regulations daily and last night we took another important step with passage of the REINS Act. This bill brings greater accountability and transparency to the regulatory process by requiring any regulation with an economic cost over $100 million to come to Congress for an up or down vote before its enacted. Its a common sense measure and I'm proud to support its passage. My full statement-->   http://mchenry.house.gov/news/documentsingle.aspx?DocumentID=398440","2017-01-06T15:40:50+0000","link","http://mchenry.house.gov/news/documentsingle.aspx?DocumentID=398440","8045519803_10154827466344804",NA,22,17,2
"8045519803","Patrick McHenry","Israel is a sacred American ally and the only true democracy in the Middle East. Yet, time and again, the United Nations has targeted Israel with misguided resolutions and objectionable treatment. Tonight, I was proud to stand with Israel and join a wide bipartisan majority in the House to do what the Obama Administration failed to do: condemn these dangerous UN attacks. My full statement:  http://mchenry.house.gov/news/documentsingle.aspx?DocumentID=398436","2017-01-06T00:18:37+0000","link","http://mchenry.house.gov/news/documentsingle.aspx?DocumentID=398436","8045519803_10154825882609804",NA,84,26,11
"8045519803","Patrick McHenry","Last night I was proud to support House passage of the Midnight Rules Relief Act. This bill provides new Congresses the ability to undo regulations proposed by outgoing Presidents in the final days of their Administrations ensuring that lame duck Presidents are not proposing job-killing regulations on their way out of the door.","2017-01-05T14:27:21+0000","link","https://judiciary.house.gov/press-release/goodlatte-marino-issa-applaud-passage-legislation-end-midnight-rulemaking/","8045519803_10154824528464804","Patrick McHenry shared House Judiciary Committee's post.",102,19,0
"8045519803","Patrick McHenry","It was an honor to be sworn in to represent North Carolina's 10th Congressional District yesterday afternoon. I'm looking forward to a productive two years working on behalf of the American people to make healthcare more affordable and make our nation more safe and prosperous.","2017-01-04T14:49:24+0000","photo","https://www.facebook.com/CongressmanMcHenry/photos/a.364903074803.192496.8045519803/10154822103569804/?type=3","8045519803_10154822103569804",NA,62,25,2
"8045519803","Patrick McHenry","Happy New Year! Giulia, Cecelia, and I wish everyone in western North Carolina a happy, healthy, and prosperous 2017. God Bless!","2017-01-01T16:26:00+0000","photo","https://www.facebook.com/CongressmanMcHenry/photos/a.364903074803.192496.8045519803/10154774078199804/?type=3","8045519803_10154774078199804",NA,33,5,0
