"from_id","from_name","message","created_time","type","link","id","story","likes_count","comments_count","shares_count"
"1525881227682054","Congressman Rod Blum","Kicking off today's House Small Business Committee Ag, Energy & Trade subcommittee hearing on rural broadband issues.","2017-06-23T01:54:45+0000","photo","https://www.facebook.com/congressmanrodblum/photos/a.1525952627674914.1073741828.1525881227682054/1918674555069384/?type=3","1525881227682054_1918674555069384",NA,23,7,0
"1525881227682054","Congressman Rod Blum","A pleasure to meet employees and management on tour of Mercy Dubuque  #IA01","2017-06-21T00:19:31+0000","photo","https://www.facebook.com/congressmanrodblum/photos/a.1525952627674914.1073741828.1525881227682054/1917592488510924/?type=3","1525881227682054_1917592488510924",NA,34,7,1
"1525881227682054","Congressman Rod Blum","Enjoyed my conversation with Cindy Kohlmann today on KDTH, topics: Congressional Baseball, VA, and Healthcare  #IA01","2017-06-19T23:47:10+0000","photo","https://www.facebook.com/congressmanrodblum/photos/a.1525952627674914.1073741828.1525881227682054/1917114275225412/?type=3","1525881227682054_1917114275225412",NA,40,11,1
"1525881227682054","Congressman Rod Blum","Enjoyed visiting with students from Iowa FFA Association today in Washington. Great group of young people! Even learned how to dab.  #IA01","2017-06-16T00:23:23+0000","photo","https://www.facebook.com/congressmanrodblum/photos/a.1532206757049501.1073741829.1525881227682054/1915278228742350/?type=3","1525881227682054_1915278315409008","Congressman Rod Blum added 3 new photos.",47,7,0
"1525881227682054","Congressman Rod Blum","Prayers for all injured at the congressional baseball practice this morning. Grateful for Capitol Hill Police and first responders.","2017-06-14T12:58:43+0000","status",NA,"1525881227682054_1914494042154102",NA,127,22,7
"1525881227682054","Congressman Rod Blum","Enjoyed meeting Cedar Rapids Police Officer Ryan Abodeely & his family in DC to congratulate him on his graduation from a 10 week FBI training program at Quantico.","2017-06-14T01:34:06+0000","photo","https://www.facebook.com/congressmanrodblum/photos/a.1525952627674914.1073741828.1525881227682054/1914220382181468/?type=3","1525881227682054_1914220382181468",NA,69,9,4
"1525881227682054","Congressman Rod Blum","From one Dubuque Senior High School Ram to another, good luck in New York Seamus!  #IA01","2017-06-12T18:47:11+0000","link","http://www.kcrg.com/content/news/427718763.html","1525881227682054_1913558618914311","Congressman Rod Blum shared KCRG-TV9's post.",35,2,0
"1525881227682054","Congressman Rod Blum","Congratulations to the First District's own Raja Chari from Black Hawk County, 1 of 12 in the 2017 NASA - National Aeronautics and Space Administration Astronaut class, over 18,000 applications!  https://www.nasa.gov/astronauts/biographies/raja-chari/biography/  #IA01","2017-06-09T00:33:47+0000","link","https://www.nasa.gov/astronauts/biographies/raja-chari/biography/","1525881227682054_1911833012420205",NA,76,4,10
"1525881227682054","Congressman Rod Blum","An honor to introduce Senator Chuck Grassley today as he testified about the Fast & Furious investigation at the House Oversight Committee hearing. #IA01","2017-06-08T00:39:38+0000","photo","https://www.facebook.com/congressmanrodblum/photos/a.1525952627674914.1073741828.1525881227682054/1911430732460433/?type=3","1525881227682054_1911430732460433",NA,44,16,4
"1525881227682054","Congressman Rod Blum","As we remember the 73rd anniversary of D-Day, it was my honor to deliver medals to World War II veteran Paul Meyers, who was joined by his daughter and fellow World War II veteran Bill Thul in Dubuque  #IA01","2017-06-07T00:12:03+0000","photo","https://www.facebook.com/congressmanrodblum/photos/a.1525952627674914.1073741828.1525881227682054/1910983365838503/?type=3","1525881227682054_1910983365838503",NA,57,16,13
"1525881227682054","Congressman Rod Blum","Productive discussion with the team at Nelson Electric of Cedar Rapids today on AHCA, Cedar Rapids flood wall, and tax reform  #IA01","2017-06-05T23:58:07+0000","photo","https://www.facebook.com/congressmanrodblum/photos/a.1525952627674914.1073741828.1525881227682054/1910550742548432/?type=3","1525881227682054_1910550742548432",NA,28,8,2
"1525881227682054","Congressman Rod Blum","It was an honor to spend time with and deliver medals to Mr. Charles Smith of Waterloo, earned for service in World War II #IA01","2017-06-04T22:02:17+0000","photo","https://www.facebook.com/congressmanrodblum/photos/a.1525952627674914.1073741828.1525881227682054/1910071769262996/?type=3","1525881227682054_1910071769262996",NA,86,13,4
"1525881227682054","Congressman Rod Blum","Informative visit at Jerald Sulky Company in Waterloo - American made horse drawn vehicles since 1898  #IA01","2017-06-03T02:20:00+0000","photo","https://www.facebook.com/congressmanrodblum/photos/a.1525952627674914.1073741828.1525881227682054/1909229872680519/?type=3","1525881227682054_1909229872680519",NA,27,6,1
"1525881227682054","Congressman Rod Blum","Honored to deliver medals in Waterloo to Esther Hoffman and the family of Korean War Navy Veteran Leo Hoffman  #IA01","2017-06-01T23:45:03+0000","photo","https://www.facebook.com/congressmanrodblum/photos/a.1525952627674914.1073741828.1525881227682054/1908719049398268/?type=3","1525881227682054_1908719049398268",NA,34,6,8
"1525881227682054","Congressman Rod Blum","Enjoyed US Postal Service mail delivery with Pierre and touring Terryl Pasker Post Office in Cedar Rapids  #IA01","2017-05-31T23:30:00+0000","photo","https://www.facebook.com/congressmanrodblum/photos/a.1525952627674914.1073741828.1525881227682054/1908267962776710/?type=3","1525881227682054_1908267962776710",NA,47,15,5
"1525881227682054","Congressman Rod Blum","Thank you to Bob, Andy, and everyone at Rousselot, Inc. in Dubuque for the tour!  #IA01","2017-05-30T23:54:32+0000","photo","https://www.facebook.com/congressmanrodblum/photos/a.1525952627674914.1073741828.1525881227682054/1907838846152955/?type=3","1525881227682054_1907838846152955",NA,22,3,2
"1525881227682054","Congressman Rod Blum","Today we remember those who sacrificed everything to protect the freedoms and liberties we enjoy in America.","2017-05-29T17:19:07+0000","photo","https://www.facebook.com/congressmanrodblum/photos/a.1525952627674914.1073741828.1525881227682054/1907221989547974/?type=3","1525881227682054_1907221989547974",NA,52,6,1
"1525881227682054","Congressman Rod Blum","Good to join my colleague Rep. Cheri Bustos for a bipartisan discussion on regional promotion of the Driftless Area that encompasses much of the First District.","2017-05-27T00:46:56+0000","photo","https://www.facebook.com/congressmanrodblum/photos/a.1532206757049501.1073741829.1525881227682054/1906040649666108/?type=3","1525881227682054_1906040672999439","Congressman Rod Blum added 2 new photos.",31,15,2
"1525881227682054","Congressman Rod Blum","One of the highlights of my week in Washington was hosting Tiara as part of Foster Care Month. Tee spent years in the foster care system in Iowa and has courageously overcome a great deal of adversity in her life -- it was a pleasure and an inspiration to get to know her and to show her what a Congressional work day in DC is like!","2017-05-26T00:28:42+0000","photo","https://www.facebook.com/congressmanrodblum/photos/a.1532206757049501.1073741829.1525881227682054/1905518246385015/?type=3","1525881227682054_1905519563051550","Congressman Rod Blum added 3 new photos.",114,15,26
"1525881227682054","Congressman Rod Blum","A true honor to visit with First District veterans in Washington with the Eastern Iowa Honor Flight. Grateful for their service to America.","2017-05-24T23:13:13+0000","photo","https://www.facebook.com/congressmanrodblum/photos/a.1532206757049501.1073741829.1525881227682054/1905073223096184/?type=3","1525881227682054_1905073616429478","Congressman Rod Blum added 4 new photos.",76,4,1
"1525881227682054","Congressman Rod Blum","Enjoyed visiting with the Czech Ambassador to the United States Hynek Kmoníček today. Looking forward to working together to strengthen the ties between our countries.","2017-05-23T23:48:08+0000","photo","https://www.facebook.com/congressmanrodblum/photos/a.1525952627674914.1073741828.1525881227682054/1904608986475941/?type=3","1525881227682054_1904608986475941",NA,40,16,4
"1525881227682054","Congressman Rod Blum","The U.S. Department of State: Consular Affairs has informed our office of a coming ""passport surge"" and the importance of renewing your passport as early as possible due to longer than normal processing times.  They estimate 48 million passports will expire the next three years, compared to 31 million in the past three.  Please visit travel.state.gov to learn how you can renew your passport, and please feel free to reach out to our district offices at https://blum.house.gov/contact/offices if you need assistance in this or other Federal matters.","2017-05-23T19:08:58+0000","photo","https://www.facebook.com/congressmanrodblum/photos/a.1525952627674914.1073741828.1525881227682054/1904478353155671/?type=3","1525881227682054_1904478353155671",NA,22,6,4
"1525881227682054","Congressman Rod Blum","This weekend we celebrated  #ArmedForcesDay2017. Grateful for all those who, like my dad did, bravely serve America in our military.","2017-05-22T02:02:08+0000","photo","https://www.facebook.com/congressmanrodblum/photos/a.1525952627674914.1073741828.1525881227682054/1903630426573797/?type=3","1525881227682054_1903630426573797",NA,56,6,4
"1525881227682054","Congressman Rod Blum","The Wall That Heals, a Vietnam Veterans Memorial Replica, is in Cedar Falls through May 21. This wall will make its way across America this summer. Opening ceremony was held at Amvets Post 49 - The Wall That Heals, located at 1934 Irving Street in Cedar Falls. Glad my staff could attend.  #IA01","2017-05-19T20:14:08+0000","photo","https://www.facebook.com/congressmanrodblum/photos/a.1525952627674914.1073741828.1525881227682054/1902482806688559/?type=3","1525881227682054_1902482806688559",NA,35,13,4
"1525881227682054","Congressman Rod Blum","Good to join Charles Payne on Fox Business to discuss recent positive economic news and the latest attempts to undermine the President's agenda.  #IA01","2017-05-19T00:54:03+0000","video","https://www.facebook.com/congressmanrodblum/videos/1902081270062046/","1525881227682054_1902081270062046",NA,92,71,40
"1525881227682054","Congressman Rod Blum","4th Mothers Day without Mom. I miss her terribly. Happy Mother's Day to all and also to those who are with our Lord.","2017-05-14T23:19:03+0000","photo","https://www.facebook.com/congressmanrodblum/photos/a.1525952627674914.1073741828.1525881227682054/1900211153582391/?type=3","1525881227682054_1900211153582391",NA,91,56,5
"1525881227682054","Congressman Rod Blum","A pleasure to join Cindy Kohlmann again on AM 1370 KDTH...The Voice of the Tri-States!  #IA01","2017-05-12T20:47:32+0000","photo","https://www.facebook.com/congressmanrodblum/photos/a.1525952627674914.1073741828.1525881227682054/1899169883686518/?type=3","1525881227682054_1899169883686518",NA,36,45,0
"1525881227682054","Congressman Rod Blum","Congratulations to the Cedar Falls High School ""Stars"" Rocket Club who are in DC competing in the national Team America Rocketry Challenge (TARC)! Best of luck in the finals tomorrow!  #IA01 #TARC2017 #STEM","2017-05-12T17:36:37+0000","photo","https://www.facebook.com/congressmanrodblum/photos/a.1525952627674914.1073741828.1525881227682054/1899068297030010/?type=3","1525881227682054_1899071690363004","Congressman Rod Blum added 2 new photos.",26,9,2
"1525881227682054","Congressman Rod Blum","Wrapped up this week's town halls at Marshalltown Community College today. Thanks to everyone for coming out!","2017-05-12T00:35:34+0000","photo","https://www.facebook.com/congressmanrodblum/photos/a.1525952627674914.1073741828.1525881227682054/1898739830396190/?type=3","1525881227682054_1898739830396190",NA,71,32,3
"1525881227682054","Congressman Rod Blum","‪Enjoyed this evening's town hall in Cedar Falls. Thanks to everybody who attended and participated!","2017-05-11T02:50:27+0000","photo","https://www.facebook.com/congressmanrodblum/photos/a.1525952627674914.1073741828.1525881227682054/1898248157112024/?type=3","1525881227682054_1898248157112024",NA,74,38,2
"1525881227682054","Congressman Rod Blum","We are looking forward to seeing everyone tonight in Cedar Falls for our third Big and Beautiful Town Hall of the week! Thanks to all who have pre registered to attend. We have reached capacity with the pre registrations, so registration is now closed. See you this evening at Cedar Falls High School.","2017-05-10T19:24:58+0000","status",NA,"1525881227682054_1898116770458496",NA,64,62,1
"1525881227682054","Congressman Rod Blum","Another great crowd at Kirkwood Community College in Cedar Rapids for our town hall! Thanks to everyone for coming out to discuss the issues.","2017-05-10T01:32:22+0000","photo","https://www.facebook.com/congressmanrodblum/photos/a.1525952627674914.1073741828.1525881227682054/1897741810495992/?type=3","1525881227682054_1897741810495992",NA,117,108,4
"1525881227682054","Congressman Rod Blum","We are looking forward to seeing everyone tonight in Cedar Rapids for our second Big and Beautiful Town Hall of the week! Thanks to all who have pre registered to attend. We have reached capacity with the pre registrations, so registration is now closed. See you this evening at Kirkwood!","2017-05-09T21:34:02+0000","status",NA,"1525881227682054_1897643127172527",NA,69,78,2
"1525881227682054","Congressman Rod Blum","Thanks to all who came out to our town hall tonight in Dubuque. Great discussion!","2017-05-09T02:32:14+0000","photo","https://www.facebook.com/congressmanrodblum/photos/a.1525952627674914.1073741828.1525881227682054/1897215067215333/?type=3","1525881227682054_1897215067215333",NA,124,315,3
"1525881227682054","Congressman Rod Blum","Amazing response to our 1st District Big and Beautiful Town Halls so far. Three of the four were scheduled at night, all in large venues in the biggest cities of the district so I can hear from as many of my constituents as possible.  For those that have already RSVPed, no need to print your RSVP confirmation, simply bring your ID to check-in.  For those who were not able to RSVP, we are planning to reserve some same day seating at all events for 1st District constituents, same photo ID requirements will apply.  Next, we are on track to be close to or at capacity on some nights, and would recommend that you RSVP as soon as possible in order to reserve a seat and so check-in is as smooth as possible for everyone.  To better serve those who don't have internet access and would like to RSVP by phone, please feel free to call our DC Office at 202-225-2911 or our Cedar Rapids office at 319-364-2288 and leave a voicemail with name, address, callback number and which town hall you are looking to attend.","2017-05-07T23:53:29+0000","status",NA,"1525881227682054_1896115390658634","Congressman Rod Blum updated their status.",55,150,18
"1525881227682054","Congressman Rod Blum","First week of May we stand with the Victims of Communism Memorial Foundation and remember the millions killed by men like Stalin and Guevara and organizations like the East German Stasi and Soviet NKVD.  #IA01","2017-05-06T19:30:21+0000","status",NA,"1525881227682054_1896068987329941","Congressman Rod Blum updated their status.",53,51,3
"1525881227682054","Congressman Rod Blum","The Gazette compares my staff to the East German Secret Police because our town halls are for First District residents. Classy, media:","2017-05-06T18:12:34+0000","link","http://www.thegazette.com/subject/opinion/blogs/lynda-waddington/rod-blums-town-hall-vetting-stinks-20170505","1525881227682054_1896039817332858",NA,101,168,13
"1525881227682054","Congressman Rod Blum","Thanks Tanner!","2017-05-05T01:26:01+0000","photo","https://www.facebook.com/congressmanrodblum/photos/a.1525952627674914.1073741828.1525881227682054/1895107234092783/?type=3","1525881227682054_1895107234092783",NA,111,81,6
"1525881227682054","Congressman Rod Blum","Obamacare is collapsing. In Iowa the two largest insurers have already announced their departure from the market, and the third and final insurer is on the verge of leaving as well. This could leave over 70,000 Iowans with zero options for health insurance - it's clear that something needs to be done.   The AHCA will stabilize the market, lower premiums for Iowans, increase choices, reduce taxes, and protect people who have pre-existing conditions. I withheld my support - against the wishes of my own party - until changes were made to ensure that premiums would come down and that we would take care of those who need help by setting aside over $120 billion to assist citizens with pre-existing conditions. After years of higher costs, fewer choices and broken promises under Obamacare, it's time to enact a better system that actually works for Americans.  #IA01","2017-05-04T20:42:37+0000","status",NA,"1525881227682054_1895026294100877",NA,190,488,50
"1525881227682054","Congressman Rod Blum","I voted against the omnibus spending bill today. For the sake of our children & grandchildren we need to get serious about reining in our debt!","2017-05-03T23:06:52+0000","status",NA,"1525881227682054_1894610070809166",NA,214,145,11
"1525881227682054","Congressman Rod Blum","Join us next week for our 1st District Big and Beautiful Town Halls, RSVP today at blum.house.gov/townhall!  May 8 : Dubuque 7PM May 9 : Cedar Rapids 7PM May 10 : Cedar Falls 7PM May 11 : Marshalltown 12PM  #IA01","2017-05-03T22:26:11+0000","link","http://blum.house.gov/townhall","1525881227682054_1894599874143519",NA,36,38,32
"1525881227682054","Congressman Rod Blum",NA,"2017-04-26T15:37:17+0000","photo","https://www.facebook.com/CJDHforJCI/photos/a.1253866038065764.1073741830.623346844451023/1253917498060618/?type=3","1525881227682054_1891108521159321","Congressman Rod Blum shared C.J. Derlein-Hoffman, JCI USA 2017 NVP's photo.",9,16,0
"1525881227682054","Congressman Rod Blum","One of my favorite pictures from the April recess, putting on my UPS Browns at the Decorah Walmart before delivering packages with Daryl. Something new every day being in Congress. #IA01","2017-04-26T00:34:14+0000","photo","https://www.facebook.com/congressmanrodblum/photos/a.1525952627674914.1073741828.1525881227682054/1890832937853546/?type=3","1525881227682054_1890832937853546",NA,79,31,5
"1525881227682054","Congressman Rod Blum","Congratulations to Mr. and Mrs. Mealhow from Jesup on their 35th Wedding Anniversary! It was a pleasure for my staff to give them a tour of the U.S. Capitol Building and to take them out onto the Speaker's Balcony for a photo to celebrate their 35 years of marriage.   If you have an upcoming trip to Washington DC, schedule a tour of the U.S. Capitol Building and other popular DC attractions by clicking here https://blum.house.gov/services/tours-and-tickets","2017-04-24T22:21:28+0000","photo","https://www.facebook.com/congressmanrodblum/photos/a.1525952627674914.1073741828.1525881227682054/1890314807905359/?type=3","1525881227682054_1890314807905359",NA,25,9,0
"1525881227682054","Congressman Rod Blum","Congratulations to the new American citizens who were naturalized last week at the University of Northern Iowa  #IA01","2017-04-23T20:34:26+0000","photo","https://www.facebook.com/congressmanrodblum/photos/a.1525952627674914.1073741828.1525881227682054/1889776764625830/?type=3","1525881227682054_1889776764625830",NA,54,8,4
"1525881227682054","Congressman Rod Blum","Thanks to everyone who came to our Cedar Rapids Senior Wellness Fair yesterday at NewBo City Market  #IA01","2017-04-22T19:16:15+0000","photo","https://www.facebook.com/congressmanrodblum/photos/a.1525952627674914.1073741828.1525881227682054/1889198181350355/?type=3","1525881227682054_1889198181350355",NA,19,9,0
"1525881227682054","Congressman Rod Blum","Thank you to Iowa Flood Center for the water sanitation and flood mitigation demonstrations in Walker.","2017-04-21T02:32:56+0000","photo","https://www.facebook.com/congressmanrodblum/photos/a.1525952627674914.1073741828.1525881227682054/1888219461448227/?type=3","1525881227682054_1888219461448227",NA,17,2,2
"1525881227682054","Congressman Rod Blum","Thank you to all who participated in my Veterans Care Fair today at the Waterloo Armory.  It's a honor to serve #Veterans in #IA01","2017-04-20T19:07:45+0000","photo","https://www.facebook.com/congressmanrodblum/photos/a.1525952627674914.1073741828.1525881227682054/1888063758130464/?type=3","1525881227682054_1888063758130464",NA,22,6,4
"1525881227682054","Congressman Rod Blum","A pleasure to meet Tim in Grinnell and deliver his father's medals, earned during service in World War II #IA01","2017-04-19T22:50:01+0000","photo","https://www.facebook.com/congressmanrodblum/photos/a.1525952627674914.1073741828.1525881227682054/1887615151508658/?type=3","1525881227682054_1887615151508658",NA,51,3,2
"1525881227682054","Congressman Rod Blum","Enjoyed speaking to Iowa Senate Republicans about #AHCA and tax reform #IA01","2017-04-19T00:00:00+0000","photo","https://www.facebook.com/congressmanrodblum/photos/a.1525952627674914.1073741828.1525881227682054/1887103911559782/?type=3","1525881227682054_1887103594893147",NA,42,94,3
"1525881227682054","Congressman Rod Blum","Good discussion with Governor Terry Branstad and Iowa Lieutenant Governor Kim Reynolds today regarding healthcare   #IA01","2017-04-18T21:00:00+0000","photo","https://www.facebook.com/congressmanrodblum/photos/a.1525952627674914.1073741828.1525881227682054/1887006038236236/?type=3","1525881227682054_1887006038236236",NA,39,22,3
"1525881227682054","Congressman Rod Blum","Good to meet Christine, Lori & Gabbi who are with National Breast Cancer Coalition Beyond Pink TEAM to discuss cancer research and funding   #IA01","2017-04-17T20:18:14+0000","photo","https://www.facebook.com/congressmanrodblum/photos/a.1525952627674914.1073741828.1525881227682054/1886535598283280/?type=3","1525881227682054_1886535598283280",NA,18,4,4
"1525881227682054","Congressman Rod Blum","Thanks to Habitat Forever for the nice job they did burning our native grasses.","2017-04-17T00:02:11+0000","photo","https://www.facebook.com/congressmanrodblum/photos/a.1525952627674914.1073741828.1525881227682054/1886067114996795/?type=3","1525881227682054_1886067114996795",NA,18,3,5
"1525881227682054","Congressman Rod Blum","""Do not abandon yourselves to despair. We are the Easter people and hallelujah is our song."" Pope John Paul II","2017-04-16T16:30:24+0000","photo","https://www.facebook.com/congressmanrodblum/photos/a.1525952627674914.1073741828.1525881227682054/1885894858347354/?type=3","1525881227682054_1885894858347354",NA,36,4,1
"1525881227682054","Congressman Rod Blum","Awesome experience to meet so many dedicated young people committed to public service at AmeriCorps NCCC North Central Region in Vinton #IA01","2017-04-15T21:41:26+0000","photo","https://www.facebook.com/congressmanrodblum/photos/a.1525952627674914.1073741828.1525881227682054/1885461725057334/?type=3","1525881227682054_1885461725057334",NA,23,2,3
"1525881227682054","Congressman Rod Blum","Feds collect record income & taxes through March but $526,855,000,000.00 deficit.  UNSUSTAINABLE! http://www.cnsnews.com/news/article/terence-p-jeffrey/695391000000-feds-collect-record-income-taxes-through-march #IA01","2017-04-15T16:28:47+0000","photo","https://www.facebook.com/congressmanrodblum/photos/a.1525952627674914.1073741828.1525881227682054/1885315478405292/?type=3","1525881227682054_1885315478405292",NA,24,22,8
"1525881227682054","Congressman Rod Blum","I ran into Carolyn at her McDonald's job in Dyersville. We met last week at Redemption Center Unlimited Services in Manchester.","2017-04-15T02:28:29+0000","photo","https://www.facebook.com/congressmanrodblum/photos/a.1525952627674914.1073741828.1525881227682054/1884920041778169/?type=3","1525881227682054_1884920041778169",NA,84,9,7
"1525881227682054","Congressman Rod Blum","Excellent read from George Will about the House Freedom Caucus and our principled stands for good policy over party:   http://www.nationalreview.com/article/446680/house-freedom-caucus-sank-health-care-bill-defying-trump","2017-04-14T01:56:47+0000","link","http://www.nationalreview.com/article/446680/house-freedom-caucus-sank-health-care-bill-defying-trump","1525881227682054_1884346245168882",NA,26,44,5
"1525881227682054","Congressman Rod Blum","I delivered a US flag flown over the Capitol Building to St. Joseph School in Marion. Students like Ciara, Jessie & Wayne wrote letters to me in DC. CUTE! #IA01","2017-04-13T23:12:00+0000","photo","https://www.facebook.com/congressmanrodblum/photos/a.1525952627674914.1073741828.1525881227682054/1884295405173966/?type=3","1525881227682054_1884295405173966",NA,25,2,5
"1525881227682054","Congressman Rod Blum","Delivered medals to Keith Reicks in Decorah for his service in U.S. Navy during Vietnam. Thanks to Culver's for hosting.  #IA01","2017-04-13T16:36:55+0000","photo","https://www.facebook.com/congressmanrodblum/photos/a.1525952627674914.1073741828.1525881227682054/1884116791858494/?type=3","1525881227682054_1884116791858494",NA,39,6,5
"1525881227682054","Congressman Rod Blum","Enjoyed my time with Doug Wagner on Newsradio 600 WMT  #IA01","2017-04-13T14:03:56+0000","photo","https://www.facebook.com/congressmanrodblum/photos/a.1525952627674914.1073741828.1525881227682054/1884028001867373/?type=3","1525881227682054_1884028001867373",NA,17,2,1
"1525881227682054","Congressman Rod Blum","Long day in #IA01 capped off with a little pinball at First Turn Games  #townhallsarecoming","2017-04-13T03:40:37+0000","photo","https://www.facebook.com/congressmanrodblum/photos/a.1525952627674914.1073741828.1525881227682054/1883785928558247/?type=3","1525881227682054_1883785928558247",NA,39,5,5
"1525881227682054","Congressman Rod Blum","Thank you ICU for the invitation to speak to your group this evening at Godfather's Pizza in Cedar Rapids   #IA01","2017-04-13T02:49:04+0000","photo","https://www.facebook.com/congressmanrodblum/photos/a.1525952627674914.1073741828.1525881227682054/1883774285226078/?type=3","1525881227682054_1883774285226078",NA,20,2,1
"1525881227682054","Congressman Rod Blum","Our office is hosting four Big and Beautiful #IA01 Town Halls May 8-11 in Marshalltown, Cedar Rapids, Dubuque, and the Cedar Valley.  I am looking forward to hearing from you, and I hope you will join us.","2017-04-12T22:07:24+0000","status",NA,"1525881227682054_1883626508574189",NA,32,11,10
"1525881227682054","Congressman Rod Blum","Met Ryer Barnes today at Xavier High School to congratulate him in person on appointment to West Point - The U.S. Military Academy. Such an impressive young man & family!  #IA01","2017-04-12T17:06:06+0000","photo","https://www.facebook.com/congressmanrodblum/photos/a.1525952627674914.1073741828.1525881227682054/1883500368586803/?type=3","1525881227682054_1883500368586803",NA,63,10,15
"1525881227682054","Congressman Rod Blum","Had fun working with Daryl in Decorah as a UPS driver and delivery specialist.  Good to chat with so many hard working employees in Winneshiek County  #IA01","2017-04-12T02:07:40+0000","photo","https://www.facebook.com/congressmanrodblum/photos/a.1525952627674914.1073741828.1525881227682054/1883144871955686/?type=3","1525881227682054_1883144871955686",NA,31,2,7
"1525881227682054","Congressman Rod Blum","Always my honor to deliver medals earned by our nations heroes: our veterans. Here with Vietnam Army veteran Gary in Ossian. #IA01","2017-04-11T00:41:24+0000","photo","https://www.facebook.com/congressmanrodblum/photos/a.1525952627674914.1073741828.1525881227682054/1882511385352368/?type=3","1525881227682054_1882511385352368",NA,51,3,5
"1525881227682054","Congressman Rod Blum","Great spending time learning about DaVita Dialysis Center in Fayette County. Nice chatting with patients and seeing life saving technology.  #IA01","2017-04-10T22:22:04+0000","photo","https://www.facebook.com/congressmanrodblum/photos/a.1525952627674914.1073741828.1525881227682054/1882451482025025/?type=3","1525881227682054_1882451482025025",NA,19,6,9
"1525881227682054","Congressman Rod Blum","It's time to #DraintheSwamp at the IRS. Watch my questioning about Commissioner Koskinen at the House Oversight Committee hearing: youtu.be/T9FPW8KbX6Q","2017-04-10T02:43:55+0000","video","http://youtu.be/T9FPW8KbX6Q","1525881227682054_1882007005402806",NA,28,8,4
"1525881227682054","Congressman Rod Blum","Heartwarming and inspirational tour of Unlimited Services, Inc. in Manchester. Amazing people who value a day's work.  #IA01","2017-04-07T22:19:28+0000","photo","https://www.facebook.com/congressmanrodblum/photos/a.1525952627674914.1073741828.1525881227682054/1880718335531673/?type=3","1525881227682054_1880718335531673",NA,24,7,1
"1525881227682054","Congressman Rod Blum","It's good to finally have decisive leadership in the White House. But if POTUS wants to engage in a sustained military campaign in Syria he must, per the Constitution, come to Congress for authorization.","2017-04-07T02:50:04+0000","status",NA,"1525881227682054_1880254665578040",NA,139,57,16
"1525881227682054","Congressman Rod Blum","With the kitchen staff (where the magic happens) at Black Sheep in Cedar Rapids. Great food and they make it possible.","2017-04-07T01:56:33+0000","photo","https://www.facebook.com/congressmanrodblum/photos/a.1525952627674914.1073741828.1525881227682054/1880239105579596/?type=3","1525881227682054_1880239105579596",NA,155,6,5
"1525881227682054","Congressman Rod Blum","Flew into Cedar Rapids today. At the Black Sheep now with my wonderful wife. Great to be back in America!","2017-04-07T00:43:43+0000","photo","https://www.facebook.com/congressmanrodblum/photos/a.1525952627674914.1073741828.1525881227682054/1880218668914973/?type=3","1525881227682054_1880218668914973",NA,241,19,2
"1525881227682054","Congressman Rod Blum",NA,"2017-04-06T01:12:11+0000","link","http://rare.us/rare-politics/congressman-rod-blum-just-asked-linda-mcmahon-the-one-question-every-pro-wrestling-fan-wants-answered/","1525881227682054_1879563885647118","Congressman Rod Blum shared Rare Liberty's post.",6,15,0
"1525881227682054","Congressman Rod Blum","After questioning SBA Administrator Linda McMahon today about her work at the U.S. Small Business Administration I had a chance to ask a question that has been on the minds of many...   #IA01","2017-04-06T00:16:50+0000","video","https://www.facebook.com/congressmanrodblum/videos/1879546248982215/","1525881227682054_1879546248982215",NA,32,10,7
"1525881227682054","Congressman Rod Blum","Good to have the Dubuque Area Chamber of Commerce visit Washington. Enjoyed the discussion about working together to keep our community and state strong! #IA01","2017-04-05T16:09:21+0000","photo","https://www.facebook.com/congressmanrodblum/photos/a.1525952627674914.1073741828.1525881227682054/1879323075671199/?type=3","1525881227682054_1879323075671199",NA,17,8,2
"1525881227682054","Congressman Rod Blum","Good news: today the Senate passed a bill allowing the Delta Queen back on the Mississippi! The House should now follow suit and pass Rep. Steve Chabot's legislation that I co-sponsored soon to send this to the President's desk:","2017-04-04T01:00:32+0000","link","http://www.wcpo.com/entertainment/delta-queen-one-step-closer-to-carrying-passengers-on-overnight-trips","1525881227682054_1878321382438035",NA,86,11,10
"1525881227682054","Congressman Rod Blum","Such a blast at Dupaco Community Credit Union to work as a teller  & see SO MANY old friends come in the door! #IA01","2017-03-31T23:27:46+0000","photo","https://www.facebook.com/congressmanrodblum/photos/a.1525952627674914.1073741828.1525881227682054/1876555849281255/?type=3","1525881227682054_1876555849281255",NA,21,7,3
"1525881227682054","Congressman Rod Blum","Fascinating meeting Iowa representatives of Fermi National Accelerator Laboratory to discuss high-energy physics and the amazing improvements science makes to our lives!","2017-03-31T00:09:28+0000","photo","https://www.facebook.com/congressmanrodblum/photos/a.1525952627674914.1073741828.1525881227682054/1876010426002464/?type=3","1525881227682054_1876010426002464",NA,29,12,0
"1525881227682054","Congressman Rod Blum","“We are going to keep at it, not giving up, we are not going away,"" said Rep. Rod Blum in an interview following the meeting.","2017-03-29T01:08:24+0000","link","http://www.graydc.com/content/news/IA-lawmakers-take-CR-flooding-funding-fight-to-the-White-House--417223063.html","1525881227682054_1875010376102469",NA,35,8,6
"1525881227682054","Congressman Rod Blum","Productive meeting this morning with Office of Management and Budget Director Mick Mulvaney this morning along with Senator Joni Ernst and Senator Chuck Grassley to discuss the Cedar Rapids flood project. Continued making our case all the way to the West Wing entrance!","2017-03-28T00:59:49+0000","photo","https://www.facebook.com/congressmanrodblum/photos/a.1532206757049501.1073741829.1525881227682054/1874497732820400/?type=3","1525881227682054_1874498046153702","Congressman Rod Blum added 2 new photos.",29,6,4
"1525881227682054","Congressman Rod Blum","Congrats to Dyersville Beckman H.S. on their musical play this weekend. A great young man Brent Thier played the lead. And hats off to the creative team of Serica Rowley, Krystal Smith and Becky Williams!","2017-03-27T01:47:18+0000","photo","https://www.facebook.com/congressmanrodblum/photos/a.1525952627674914.1073741828.1525881227682054/1874033892866784/?type=3","1525881227682054_1874033892866784",NA,105,14,12
"1525881227682054","Congressman Rod Blum","It's #MedalOfHonorDay and we are forever grateful for the service of heroes like #IA01's own Sal Giunta  https://www.youtube.com/watch?v=QoEZKyIAPIQ","2017-03-26T01:13:27+0000","video","https://www.youtube.com/watch?v=QoEZKyIAPIQ","1525881227682054_1873487302921443",NA,36,5,4
"1525881227682054","Congressman Rod Blum","I support the President’s decision to pull the AHCA bill today. Throughout this process, I have been consistent in stating that the main goal of any reform bill must be to make healthcare more affordable for hardworking American families. Unfortunately, the AHCA fell short of that goal, and for that reason I could not support it. I believe Congress should slow down and discuss in an open and transparent manner the best solutions to address the real problem: the unsustainably high cost of healthcare in America. I will always do what I think is right for the citizens of Eastern Iowa, not what the political class in Washington wants me to do -- even if that means standing up to my own party.","2017-03-24T21:07:46+0000","status",NA,"1525881227682054_1872851752984998",NA,327,136,20
"1525881227682054","Congressman Rod Blum","I remain a ""no"" vote on the American Health Care Act. I cannot support it unless I am convinced it will dramatically lower healthcare costs for folks across America.","2017-03-23T23:09:22+0000","status",NA,"1525881227682054_1872369306366576",NA,403,151,28
"1525881227682054","Congressman Rod Blum","Good to have Sarah Rickelman, First District family farmer from Black Hawk County, representing the Iowa Farm Bureau at today's House Small Business Committee hearing.","2017-03-23T14:45:23+0000","photo","https://www.facebook.com/congressmanrodblum/photos/a.1525952627674914.1073741828.1525881227682054/1872153173054856/?type=3","1525881227682054_1872153173054856",NA,37,5,4
"1525881227682054","Congressman Rod Blum","Today is #SBDCday - a good time to recognize the work America's SBDC Iowa is doing to counsel and assist new and growing businesses in #IA01.","2017-03-23T01:17:49+0000","photo","https://www.facebook.com/congressmanrodblum/photos/a.1525952627674914.1073741828.1525881227682054/1871872913082882/?type=3","1525881227682054_1871872913082882",NA,21,4,1
"1525881227682054","Congressman Rod Blum","I agree with the many constituents who have contacted me: the American Health Care Act doesn't do enough to lower premiums for hardworking Americans. I'm a ""no"" vote on the current version -- we need to drive down the actual costs of healthcare!","2017-03-22T00:04:34+0000","status",NA,"1525881227682054_1871269279809912",NA,356,163,49
"1525881227682054","Congressman Rod Blum","Yesterday the government hit the debt limit. Need to stop over spending, not just suspend credit card limit:   http://www.cnsnews.com/news/article/terence-p-jeffrey/feds-hit-debt-limit-again-debt-now-exceeds-legal-limit-set-2008","2017-03-17T01:17:17+0000","status",NA,"1525881227682054_1868491333421040",NA,42,18,9
"1525881227682054","Congressman Rod Blum","Congratulations to Wartburg Wrestling on their 13th NCAA wrestling championship! #IA01  http://wartburgtrumpet.com/wrestlers-win-13th-ncaa-title-and-history/","2017-03-16T01:23:13+0000","link","http://wartburgtrumpet.com/wrestlers-win-13th-ncaa-title-and-history/","1525881227682054_1867960653474108",NA,29,2,1
"1525881227682054","Congressman Rod Blum","Rarely mentioned in the healthcare debate - or ANY debate for that matter - is our out of control debt. It's why I support a balanced budget amendment to the constitution. #IA01 #FixTheDebt","2017-03-15T00:15:20+0000","photo","https://www.facebook.com/congressmanrodblum/photos/a.1525952627674914.1073741828.1525881227682054/1867374793532694/?type=3","1525881227682054_1867374793532694",NA,71,28,21
"1525881227682054","Congressman Rod Blum","Thanks to the students from St. Joseph in Marion for the wonderful letters, a joy to read!  #IA01","2017-03-14T16:49:48+0000","photo","https://www.facebook.com/congressmanrodblum/photos/a.1525952627674914.1073741828.1525881227682054/1867205193549654/?type=3","1525881227682054_1867205193549654",NA,50,4,6
"1525881227682054","Congressman Rod Blum","Good to see President Donald J. Trump sign an executive order directing federal agencies to submit plans to eliminate or merge unnecessary functions:","2017-03-14T02:13:00+0000","link","http://thehill.com/homenews/administration/323772-trump-signs-executive-order-to-cut-government-waste","1525881227682054_1866910430245797",NA,80,15,8
"1525881227682054","Congressman Rod Blum","Career politicians in Washington DC have a spending addiction. This is not sustainable. Plenty of tax revenue but way too much spending.","2017-03-14T00:48:09+0000","photo","https://www.facebook.com/congressmanrodblum/photos/a.1525952627674914.1073741828.1525881227682054/1866883343581839/?type=3","1525881227682054_1866883343581839",NA,21,10,9
"1525881227682054","Congressman Rod Blum","Karen & I enjoyed the English River Outfitters Gala in support of Vets in Cedar Rapids.  #IA01","2017-03-12T19:57:17+0000","photo","https://www.facebook.com/congressmanrodblum/photos/a.1525952627674914.1073741828.1525881227682054/1866297943640379/?type=3","1525881227682054_1866297943640379",NA,31,9,3
"1525881227682054","Congressman Rod Blum","This week I spoke in favor of legislation to encourage Federal departments and agencies to consider moving outside of Washington, D.C.   Washington is a bubble insulated from reality - I believe we need a government that is closer to We the People.  #IA01","2017-03-10T21:10:16+0000","video","https://www.facebook.com/congressmanrodblum/videos/1865026583767515/","1525881227682054_1865026583767515",NA,68,23,7
"1525881227682054","Congressman Rod Blum","Good to have Waterloo native and Waterloo East High & University of Northern Iowa grad John Dalrymple testifying on behalf of the IRS in our House Oversight Committee hearing today.","2017-03-09T01:37:06+0000","photo","https://www.facebook.com/congressmanrodblum/photos/a.1525952627674914.1073741828.1525881227682054/1864072047196302/?type=3","1525881227682054_1864072047196302",NA,18,6,1
"1525881227682054","Congressman Rod Blum","To drain the swamp we need a Term Limits vote on the floor of the House. Too many politicians say they support term limits while back home but change their minds once they get to Washington:  U.S. Term Limits","2017-03-07T01:25:53+0000","link","http://dailycaller.com/2017/02/21/term-limits-and-the-circle-of-congressional-hypocrisy/","1525881227682054_1862898027313704",NA,86,16,11
"1525881227682054","Congressman Rod Blum","Good luck to local student robotics team Red Dangerous, some amazing young people representing #IA01  http://www.thegazette.com/subject/news/education/k-12-education/eastern-iowa-lego-robotics-team-heading-to-world-championships-20170306","2017-03-06T22:03:56+0000","link","http://www.thegazette.com/subject/news/education/k-12-education/eastern-iowa-lego-robotics-team-heading-to-world-championships-20170306","1525881227682054_1862836537319853",NA,21,2,1
"1525881227682054","Congressman Rod Blum","Iowa ranked the sixth best state in America by U.S. News and World Report. Let's set our sights on the top spot!   https://www.usnews.com/news/best-states/iowa","2017-03-03T01:40:12+0000","status",NA,"1525881227682054_1860797657523741",NA,37,9,1
"1525881227682054","Congressman Rod Blum","Thankful for the hard work of #IA01 pig farmers today on #NationalPigDay","2017-03-01T19:25:06+0000","photo","https://www.facebook.com/IowaPork/photos/a.416655273412.207369.370214813412/10155127803963413/?type=3","1525881227682054_1860193104250863","Congressman Rod Blum shared Iowa Pork's photo.",39,10,0
"1525881227682054","Congressman Rod Blum","Good meeting with Iowans from the National Association of Letter Carriers about postal reform. Looking forward to helping deliver the mail again back in Iowa!   #IA01","2017-03-01T01:40:08+0000","photo","https://www.facebook.com/congressmanrodblum/photos/a.1525952627674914.1073741828.1525881227682054/1859796760957164/?type=3","1525881227682054_1859796760957164",NA,24,4,3
"1525881227682054","Congressman Rod Blum","As we seek to promote awareness of rare diseases today, I'm hopeful that the 21st Century Cures Act will play a part in finding cures  #IA01","2017-03-01T00:00:18+0000","photo","https://www.facebook.com/congressmanrodblum/photos/a.1525952627674914.1073741828.1525881227682054/1859769340959906/?type=3","1525881227682054_1859769340959906",NA,15,9,0
"1525881227682054","Congressman Rod Blum","A new home for a monument to honor some of Iowa's greatest heroes  #IA01  http://wcfcourier.com/news/local/education/waterloo-s-columbus-high-welcomes-sullivan-brothers-statue/article_81c84705-e6aa-5c59-905e-0a21a9e97d8f.html","2017-02-28T00:13:10+0000","link","http://wcfcourier.com/news/local/education/waterloo-s-columbus-high-welcomes-sullivan-brothers-statue/article_81c84705-e6aa-5c59-905e-0a21a9e97d8f.html","1525881227682054_1859226397680867",NA,33,5,4
"1525881227682054","Congressman Rod Blum","Very informative meeting in Cedar Rapids with Iowa restaurant owners, tax & regulation reform discussed   #IA01","2017-02-23T22:35:28+0000","photo","https://www.facebook.com/congressmanrodblum/photos/a.1525952627674914.1073741828.1525881227682054/1856928294577344/?type=3","1525881227682054_1856928294577344",NA,37,12,0
"1525881227682054","Congressman Rod Blum","Enjoyed my time learning from doctors, nurses, and employees at Regional Medical Center Manchester  #IA01","2017-02-22T23:05:33+0000","photo","https://www.facebook.com/congressmanrodblum/photos/a.1525952627674914.1073741828.1525881227682054/1856448944625279/?type=3","1525881227682054_1856448944625279",NA,36,15,2
"1525881227682054","Congressman Rod Blum","Ronald Jensen served in the U.S. Navy during Vietnam & today it was my honor to deliver the Good Conduct Medal he earned for his service.   #IA01","2017-02-21T23:28:12+0000","photo","https://www.facebook.com/congressmanrodblum/photos/a.1525952627674914.1073741828.1525881227682054/1855947604675413/?type=3","1525881227682054_1855947604675413",NA,42,5,4
"1525881227682054","Congressman Rod Blum","If the proposed border wall stops just 10% of illegal immigrants it will pay for itself in 10-15 years:","2017-02-18T01:45:25+0000","link","http://m.washingtontimes.com/news/2017/feb/16/cost-wall-less-cost-services-illegals-report/","1525881227682054_1853562578247249",NA,148,56,49
"1525881227682054","Congressman Rod Blum","I spoke this week at a hearing of the House Small Business Committee to discuss how government can get out of the way to let small businesses start and grow again  #IA01","2017-02-17T19:28:58+0000","video","https://www.facebook.com/congressmanrodblum/videos/1853345221602318/","1525881227682054_1853345221602318",NA,29,5,3
"1525881227682054","Congressman Rod Blum","It's no wonder our economy is limping along at 50% of average growth for the last 8 years. We've fallen to 17th in the world in economic freedom. The USA should be the #1 best place in the world to do business:","2017-02-17T02:28:00+0000","link","http://www.heritage.org/index/country/unitedstates","1525881227682054_1852837404986433",NA,49,17,4
"1525881227682054","Congressman Rod Blum","States should be allowed to drug test welfare recipients to protect hard working taxpayers. That's why I voted for HJ Res 42 today:","2017-02-16T00:57:13+0000","link","https://www.majorityleader.gov/2017/02/14/drug-testing-rule/","1525881227682054_1852050938398413",NA,166,65,36
"1525881227682054","Congressman Rod Blum","Focusing on reforming our burdensome tax code to unleash startups and encourage entrepreneurship in America in the House Small Business Committee today.","2017-02-15T17:38:54+0000","photo","https://www.facebook.com/congressmanrodblum/photos/a.1525952627674914.1073741828.1525881227682054/1851837975086376/?type=3","1525881227682054_1851837975086376",NA,29,8,5
"1525881227682054","Congressman Rod Blum","Enjoyed discussing congressional agenda with VP Pence this evening.","2017-02-14T01:14:47+0000","photo","https://www.facebook.com/congressmanrodblum/photos/a.1525952627674914.1073741828.1525881227682054/1850780188525488/?type=3","1525881227682054_1850780188525488",NA,61,22,6
"1525881227682054","Congressman Rod Blum","Enjoyed meeting Rita at Sunset Park Place. She's 105 & very quick-witted. We talked about politics and the state of affairs!  #IA01","2017-02-12T00:49:30+0000","photo","https://www.facebook.com/congressmanrodblum/photos/a.1525952627674914.1073741828.1525881227682054/1849596948643812/?type=3","1525881227682054_1849596948643812",NA,59,5,1
"1525881227682054","Congressman Rod Blum","Always enjoy being on AM 1370 KDTH...The Voice of the Tri-States! to take calls from constituents on the issues of the day  #IA01","2017-02-11T00:04:25+0000","photo","https://www.facebook.com/congressmanrodblum/photos/a.1525952627674914.1073741828.1525881227682054/1849008425369331/?type=3","1525881227682054_1849008425369331",NA,20,3,1
"1525881227682054","Congressman Rod Blum","Proud to support @RepKevinYoder's #EmailPrivacyAct (HR 387), an important bill that will protect your right to privacy online  #GetAWarrant  #IA01","2017-02-07T17:42:06+0000","video","https://www.facebook.com/congressmanrodblum/videos/1847165178886989/","1525881227682054_1847165178886989",NA,22,6,3
"1525881227682054","Congressman Rod Blum","Come join the celebration of the Effigy Mounds Quarter at the Effigy Mounds Quarter Launch, tomorrow February 7th at 10AM at the Waukon High School gym. This is the first quarter released in 2017 as part of the United States Mint's America the Beautiful series, and we are excited that Northeast Iowa will be representing our state in it.  For more information please see Effigy Mounds National Monument's event below :  https://www.facebook.com/events/1751512621842301#","2017-02-06T19:35:16+0000","event","https://www.facebook.com/events/1751512621842301/","1525881227682054_1846667372270103","Congressman Rod Blum shared Effigy Mounds National Monument's event.",29,2,0
"1525881227682054","Congressman Rod Blum","Ice skating on our pond with Sophie and Nicole. Ice is like glass!","2017-02-06T01:09:52+0000","video","https://www.facebook.com/congressmanrodblum/videos/1846249225645251/","1525881227682054_1846249225645251",NA,43,8,5
"1525881227682054","Congressman Rod Blum","Congratulations to Kurt Warner, a well-deserved honor and amazing success story  #IA01","2017-02-05T17:44:58+0000","link","http://buff.ly/2jN7skF","1525881227682054_1846085858994921",NA,118,6,4
"1525881227682054","Congressman Rod Blum","Why are some federal managers who threaten whistleblowers not fired, but often reassigned, or even promoted? It's an important question I raised at the House Oversight Committee hearing.","2017-02-03T01:08:57+0000","video","https://www.facebook.com/congressmanrodblum/videos/1844560845814089/","1525881227682054_1844560845814089",NA,77,8,25
"1525881227682054","Congressman Rod Blum","Today I participated in a House Oversight Committee hearing on protecting whistleblowers, and I emphasized the need to hold government bureaucrats accountable for their actions:","2017-02-02T02:56:09+0000","video","https://www.facebook.com/congressmanrodblum/videos/1844027572534083/","1525881227682054_1844027572534083",NA,35,5,3
"1525881227682054","Congressman Rod Blum","An honor to meet 103 year old Lt. Jim Downing - 2nd oldest living WWII survivor. Lt. Downing was at Pearl Harbor, very thankful for his service to our nation.  Hear more about his story here : http://www.cnn.com/videos/tv/2016/12/07/the-lead-pearl-harbor-downing.cnn  #IA01","2017-02-01T22:57:46+0000","photo","https://www.facebook.com/congressmanrodblum/photos/a.1525952627674914.1073741828.1525881227682054/1843944755875698/?type=3","1525881227682054_1843944755875698",NA,69,1,2
"1525881227682054","Congressman Rod Blum","Judge Neil Gorsuch was an excellent choice by the President to join the Supreme Court, and will continue the legacy of originalist thought and devotion to liberty that was the cornerstone of Justice Scalia's time on our nation's highest court.  I am also pleased that Judge Gorsuch has written positively on term limits in the past. In 1992 he wrote,""Recognizing that men are not angels, the Framers of the Constitution put in place a number of institutional checks designed to prevent abuse of the enormous powers they had vested in the legislative branch...A term limit, we suggest, is simply an analogous procedure designed to advance much the same substantive end.""","2017-02-01T02:55:05+0000","status",NA,"1525881227682054_1843468295923344",NA,108,11,7
"1525881227682054","Congressman Rod Blum","Good meeting with Presidents of Loras College, University of Dubuque, Allen College, Clarke University, Luther College, Mount Mercy University, and Wartburg College!   #IA01","2017-01-31T18:26:30+0000","photo","https://www.facebook.com/congressmanrodblum/photos/a.1525952627674914.1073741828.1525881227682054/1843280189275488/?type=3","1525881227682054_1843280189275488",NA,48,4,4
"1525881227682054","Congressman Rod Blum","Presented a flag flown over the US Capitol to Col. Robert Grierson upon his retirement after 39 years of service in the military.","2017-01-30T02:26:16+0000","photo","https://www.facebook.com/congressmanrodblum/photos/a.1525952627674914.1073741828.1525881227682054/1842443766025797/?type=3","1525881227682054_1842443766025797",NA,70,10,2
"1525881227682054","Congressman Rod Blum","Ice on our pond looks about perfect for ice skating!","2017-01-30T00:27:08+0000","photo","https://www.facebook.com/congressmanrodblum/photos/a.1525952627674914.1073741828.1525881227682054/1842411169362390/?type=3","1525881227682054_1842411169362390",NA,25,6,1
"1525881227682054","Congressman Rod Blum","Good to meet Down Range Coffee and see roasting demo. Veteran owned, super tasty and super spicy!   #IA01","2017-01-28T19:24:57+0000","photo","https://www.facebook.com/congressmanrodblum/photos/a.1525952627674914.1073741828.1525881227682054/1841803176089856/?type=3","1525881227682054_1841803176089856",NA,33,3,0
"1525881227682054","Congressman Rod Blum","Thanks to all, especially the young people from #IA01 who came to stand up for the rights of the unborn in DC at #MarchforLife","2017-01-28T00:36:09+0000","photo","https://www.facebook.com/congressmanrodblum/photos/a.1525952627674914.1073741828.1525881227682054/1841395442797296/?type=3","1525881227682054_1841395442797296",NA,68,12,5
"1525881227682054","Congressman Rod Blum","Such an honor to be present & speak when 28 new Americans took the oath of citizenship today in Cedar Rapids!   #IA01","2017-01-27T23:31:35+0000","photo","https://www.facebook.com/congressmanrodblum/photos/a.1525952627674914.1073741828.1525881227682054/1841374332799407/?type=3","1525881227682054_1841374332799407",NA,66,9,8
"1525881227682054","Congressman Rod Blum","Congratulations to Officer David Danielson on ten years of service with the Marshalltown Police Dept  http://www.timesrepublican.com/news/todays-news/2017/01/mpds-danielson-receives-10-year-service-award/  #IA01","2017-01-26T01:58:22+0000","link","http://www.timesrepublican.com/news/todays-news/2017/01/mpds-danielson-receives-10-year-service-award/","1525881227682054_1840359952900845",NA,26,1,1
"1525881227682054","Congressman Rod Blum","Another small business success story here in NE Iowa at KRYTON Engineered Metals, the foundation of our economic future  #IA01  http://www.kcrg.com/content/news/Made-In-Eastern-Iowa-Kryton-Metals-and-spinning-success-411449805.html","2017-01-24T20:59:31+0000","link","http://www.kcrg.com/content/news/Made-In-Eastern-Iowa-Kryton-Metals-and-spinning-success-411449805.html","1525881227682054_1839590522977788",NA,29,2,1
"1525881227682054","Congressman Rod Blum","Glad to support our community pharmacies that do good work serving folks throughout the First District:","2017-01-24T02:13:37+0000","link","https://www.congress.gov/bill/115th-congress/house-bill/592","1525881227682054_1839114966358677","Congressman Rod Blum shared Iowa Pharmacy Association's post.",12,4,0
"1525881227682054","Congressman Rod Blum","Proud of our team's work on behalf of American heroes like Juan Rodriguez  #IA01  http://wcfcourier.com/news/local/govt-and-politics/gulf-war-vet-finally-gets-service-medals/article_0456542a-ea28-51a1-91ef-c0fd18317341.html","2017-01-23T16:02:53+0000","link","http://wcfcourier.com/news/local/govt-and-politics/gulf-war-vet-finally-gets-service-medals/article_0456542a-ea28-51a1-91ef-c0fd18317341.html","1525881227682054_1838847716385402",NA,25,2,2
"1525881227682054","Congressman Rod Blum","Always thank the kitchen staff. They work very hard to please!","2017-01-21T03:48:27+0000","photo","https://www.facebook.com/congressmanrodblum/photos/a.1525952627674914.1073741828.1525881227682054/1837332633203577/?type=3","1525881227682054_1837332633203577",NA,77,6,1
"1525881227682054","Congressman Rod Blum","On our way to the Freedom Ball. God bless our amazing military and police officers.","2017-01-21T00:58:13+0000","photo","https://www.facebook.com/congressmanrodblum/photos/a.1525952627674914.1073741828.1525881227682054/1837263839877123/?type=3","1525881227682054_1837263839877123",NA,174,9,2
"1525881227682054","Congressman Rod Blum","Amazing view. So proud to be an American.  #IA01","2017-01-20T22:29:32+0000","photo","https://www.facebook.com/congressmanrodblum/photos/a.1525952627674914.1073741828.1525881227682054/1837202746549899/?type=3","1525881227682054_1837202746549899",NA,136,10,1
"1525881227682054","Congressman Rod Blum","Walked back to the Capitol after the concert tonight. I wept many times at the concert as I am filled with pride about our amazing country.","2017-01-20T02:02:53+0000","photo","https://www.facebook.com/congressmanrodblum/photos/a.1525952627674914.1073741828.1525881227682054/1836610723275768/?type=3","1525881227682054_1836610723275768",NA,180,29,6
"1525881227682054","Congressman Rod Blum","Pleased to announce that I will be chairing the Small Business Subcommittee on Agriculture, Energy, and Trade in my second term.  #IA01  http://wcfcourier.com/news/local/govt-and-politics/blum-gains-role-in-small-business-committee/article_9ef8a196-c6b9-5cb0-9a0e-e1d0d5c3abc7.html","2017-01-19T19:03:30+0000","link","http://wcfcourier.com/news/local/govt-and-politics/blum-gains-role-in-small-business-committee/article_9ef8a196-c6b9-5cb0-9a0e-e1d0d5c3abc7.html","1525881227682054_1836481106622063",NA,136,12,11
"1525881227682054","Congressman Rod Blum","Enjoyed my time in Waterloo meeting and learning from employees at Veridian Credit Union  #IA01","2017-01-19T00:59:42+0000","photo","https://www.facebook.com/congressmanrodblum/photos/a.1525952627674914.1073741828.1525881227682054/1836094539994053/?type=3","1525881227682054_1836094819994025","Congressman Rod Blum added 2 new photos.",29,2,2
"1525881227682054","Congressman Rod Blum","An honor to meet Mr. Rodriguez of Cedar Falls and present him with medals he earned in Desert Storm and US flag that flew over the Capitol Building  #IA01","2017-01-18T17:37:45+0000","photo","https://www.facebook.com/congressmanrodblum/photos/a.1525952627674914.1073741828.1525881227682054/1835902886679885/?type=3","1525881227682054_1835902886679885",NA,51,2,3
"1525881227682054","Congressman Rod Blum","On the way back from events in the Cedar Valley, it was my honor to notify Ryer Barnes of Xavier High School on his appointment to West Point - The U.S. Military Academy  #IA01","2017-01-17T22:49:28+0000","photo","https://www.facebook.com/congressmanrodblum/photos/a.1525952627674914.1073741828.1525881227682054/1835519086718265/?type=3","1525881227682054_1835519086718265",NA,92,5,2
"1525881227682054","Congressman Rod Blum","Looking forward to working with Congressman Brian Fitzpatrick on anti-corruption legislation, enacting term limits, and ending the Congressional pension program.  #IA01","2017-01-17T20:00:32+0000","link","http://freebeacon.com/issues/freshman-congressman-pushing-anti-corruption-legislation/","1525881227682054_1835458813390959","Congressman Rod Blum shared Congressman Brian Fitzpatrick's post.",28,6,0
"1525881227682054","Congressman Rod Blum","Today marked the 31st Anniversary of Martin Luther King, Jr. Day  President Reagan signed legislation to create the holiday on November 2, 1983  President Reagan and Coretta Scott King's remarks at the ceremony are below  https://youtu.be/vQfz3edRzME","2017-01-17T02:18:05+0000","video","https://youtu.be/vQfz3edRzME","1525881227682054_1834829690120538",NA,20,1,1
"1525881227682054","Congressman Rod Blum","We may have all come on different ships, but we're in the same boat now. - Martin Luther King, Jr. #MLKDay","2017-01-16T16:56:04+0000","photo","https://www.facebook.com/congressmanrodblum/photos/a.1525952627674914.1073741828.1525881227682054/1834641906805983/?type=3","1525881227682054_1834641906805983",NA,33,1,3
"1525881227682054","Congressman Rod Blum","Gen. Mattis will make an excellent Secretary of Defense, a leader who isn't afraid to tell it like it is.   #IA01  https://twitter.com/HASCRepublicans/status/820007299620212736","2017-01-14T19:15:48+0000","link","https://twitter.com/HASCRepublicans/status/820007299620212736","1525881227682054_1832875636982610",NA,27,2,0
"1525881227682054","Congressman Rod Blum","Good conversation today with Representative Steve Chabot about getting the Delta Queen back on the Mississippi. Looking forward to supporting his House bill this Congress.","2017-01-13T23:30:18+0000","link","https://www.workboat.com/news/passenger-vessels/lawmakers-bill-aimed-resurrect-delta-queen/","1525881227682054_1832435340359973",NA,85,20,58
"1525881227682054","Congressman Rod Blum","Between meetings at Capitol today I was able to sneak a peek of the Inauguration preparations!","2017-01-13T01:31:35+0000","photo","https://www.facebook.com/congressmanrodblum/photos/a.1525952627674914.1073741828.1525881227682054/1831971190406388/?type=3","1525881227682054_1831971190406388",NA,45,7,4
"1525881227682054","Congressman Rod Blum","It's always a privilege for our office to show Iowans around the U.S. Capitol during their visit to Washington, D.C. Do you have an upcoming trip to our nation's capital? Schedule a tour for some of the most popular federal attractions through our website at https://blum.house.gov/services/tours-and-tickets  #IA01","2017-01-12T21:20:47+0000","photo","https://www.facebook.com/congressmanrodblum/photos/a.1525952627674914.1073741828.1525881227682054/1831891617081012/?type=3","1525881227682054_1831891617081012",NA,37,1,0
"1525881227682054","Congressman Rod Blum","Always enjoy my time in Decorah and looking to be back soon #IA01  https://twitter.com/luthercollege/status/819363839905034242","2017-01-12T18:21:11+0000","link","https://twitter.com/luthercollege/status/819363839905034242","1525881227682054_1831828430420664",NA,9,2,0
"1525881227682054","Congressman Rod Blum","Good to speak with Matt Schlapp of the The American Conservative Union​ about reigniting the economy   #IA01","2017-01-12T02:08:03+0000","photo","https://www.facebook.com/congressmanrodblum/photos/a.1525952627674914.1073741828.1525881227682054/1831472027122971/?type=3","1525881227682054_1831472027122971",NA,22,2,1
"1525881227682054","Congressman Rod Blum","Thanks to Iowa Purple Heart Veterans for visiting to discuss foreign affairs. Deeply appreciate your service and sacrifice. #IA01","2017-01-11T19:55:36+0000","photo","https://www.facebook.com/congressmanrodblum/photos/a.1525952627674914.1073741828.1525881227682054/1831335543803286/?type=3","1525881227682054_1831335543803286",NA,48,0,2
"1525881227682054","Congressman Rod Blum","Daisy, a hardworking lady from Peru, always does a great job in the House cafeteria. Folks like her make this country special!  #IA01","2017-01-11T16:56:38+0000","photo","https://www.facebook.com/congressmanrodblum/photos/a.1525952627674914.1073741828.1525881227682054/1831266113810229/?type=3","1525881227682054_1831266113810229",NA,48,2,0
"1525881227682054","Congressman Rod Blum","Thankful for the work of U.S Customs and Border Protection  on National Human Trafficking Awareness Day  #IA01  https://twitter.com/CBPArizona/status/819188160672329728","2017-01-11T16:53:03+0000","link","https://twitter.com/CBPArizona/status/819188160672329728","1525881227682054_1831265317143642",NA,17,4,0
"1525881227682054","Congressman Rod Blum","Today marks anniversary of a document that changed our nation's future, Thomas Paine's Common Sense, published January 10th, 1776  #IA01  http://blog.constitutioncenter.org/2017/01/thomas-paine-the-original-publishing-viral-superstar-2/","2017-01-10T17:35:04+0000","link","http://blog.constitutioncenter.org/2017/01/thomas-paine-the-original-publishing-viral-superstar-2/","1525881227682054_1830806663856174",NA,41,4,5
"1525881227682054","Congressman Rod Blum","Blue light in our DC office honoring the brave women and men of law enforcement today on National Law Enforcement Appreciation Day  #IA01","2017-01-10T00:03:21+0000","photo","https://www.facebook.com/congressmanrodblum/photos/a.1525952627674914.1073741828.1525881227682054/1830434840560023/?type=3","1525881227682054_1830434840560023",NA,44,3,9
"1525881227682054","Congressman Rod Blum","Enjoyed sitting down with Kevin Barry on KGAN CBS 2 to discuss draining the swamp #IA01  https://www.youtube.com/watch?v=wWkXjtMp0UM","2017-01-09T22:03:45+0000","video","https://www.youtube.com/watch?v=wWkXjtMp0UM","1525881227682054_1830395097230664",NA,22,5,3
"1525881227682054","Congressman Rod Blum","Last week the House passed my bill Thoroughly Investigating Retaliation Against Whistleblowers Act, protecting those that come forward to talk about the waste, fraud, and abuse in their departments. Read about it in the Waterloo-Cedar Falls Courier:  http://wcfcourier.com/news/local/govt-and-politics/blum-whistleblower-legislation-passes-house/article_6b431f66-e408-5b07-86b9-16dad236afc4.html","2017-01-09T15:07:27+0000","link","http://wcfcourier.com/news/local/govt-and-politics/blum-whistleblower-legislation-passes-house/article_6b431f66-e408-5b07-86b9-16dad236afc4.html","1525881227682054_1830255330577974",NA,130,13,32
"1525881227682054","Congressman Rod Blum","Walked to work past DNC HQ this afternoon. Nobody there - I guess they couldn't ""hack"" this cold weather!","2017-01-09T01:54:15+0000","photo","https://www.facebook.com/congressmanrodblum/photos/a.1525952627674914.1073741828.1525881227682054/1829952927274881/?type=3","1525881227682054_1829952927274881",NA,99,84,22
"1525881227682054","Congressman Rod Blum","Favorite selfie this week w/ Justin Amash Congressman Thomas Massie! Good to be back among liberty loving friends in DC  #IA01 #AuditTheFed","2017-01-08T00:23:38+0000","photo","https://www.facebook.com/congressmanrodblum/photos/a.1525952627674914.1073741828.1525881227682054/1829458130657694/?type=3","1525881227682054_1829458130657694",NA,138,14,23
"1525881227682054","Congressman Rod Blum","Business can't continue as usual, we owe it to veterans to end this behavior #IA01","2017-01-07T17:55:19+0000","link","http://dailycaller.com/2017/01/06/fed-watchdog-exposes-vas-40-million-bonus-slush-fund/","1525881227682054_1829322184004622",NA,47,14,24
"1525881227682054","Congressman Rod Blum","Our office is now accepting applications for internships this spring semester, please apply at https://blum.house.gov/services/internships  #IA01","2017-01-06T22:24:15+0000","link","https://blum.house.gov/services/internships","1525881227682054_1828963177373856",NA,3,1,1
"1525881227682054","Congressman Rod Blum","Joined with Rep. David Young, Congressman Steve King, Senator Chuck Grassley, and Senator Joni Ernst to reintroduce Sarah's Law in 115th Congress  #IA01  http://www.nonpareilonline.com/news/local/roots-are-ecstatic-at-reintroduction-of-sarah-s-law/article_affa0299-7fa2-57b3-aac5-d8f0f4e50c17.html","2017-01-06T16:59:38+0000","link","http://www.nonpareilonline.com/news/local/roots-are-ecstatic-at-reintroduction-of-sarah-s-law/article_affa0299-7fa2-57b3-aac5-d8f0f4e50c17.html","1525881227682054_1828829644053876",NA,31,3,3
"1525881227682054","Congressman Rod Blum","Good discussion today with Senator Rand Paul and the House Freedom Caucus about the need to get serious about balancing the budget.","2017-01-06T03:06:54+0000","photo","https://www.facebook.com/congressmanrodblum/photos/a.1532206757049501.1073741829.1525881227682054/1828551574081683/?type=3","1525881227682054_1828551667415007","Congressman Rod Blum added 2 new photos.",74,9,4
"1525881227682054","Congressman Rod Blum","I met Mr. John Lewis today. He's in charge of the bunting and carpeting for the Inauguration. #IA01","2017-01-06T00:26:07+0000","photo","https://www.facebook.com/congressmanrodblum/photos/a.1525952627674914.1073741828.1525881227682054/1828509704085870/?type=3","1525881227682054_1828509704085870",NA,25,2,0
"1525881227682054","Congressman Rod Blum","I voted for the Midnight Rules Relief Act to stop last minute executive regulations, right call to get economy back on track #IA01","2017-01-05T22:28:32+0000","photo","https://www.facebook.com/congressmanrodblum/photos/a.1525952627674914.1073741828.1525881227682054/1828476564089184/?type=3","1525881227682054_1828476564089184",NA,35,3,0
"1525881227682054","Congressman Rod Blum","Good news - House just passed my bill to protect whistleblowers who expose fraud and abuse in the Federal Government!  #DrainTheSwamp  #IA01","2017-01-04T22:19:33+0000","video","https://www.facebook.com/congressmanrodblum/videos/1827999080803599/","1525881227682054_1827999080803599",NA,264,19,82
"1525881227682054","Congressman Rod Blum","Had good conversations today with Ted Cruz & Congressman Ron DeSantis about term limits bill.  #IA01","2017-01-04T01:16:00+0000","link","http://wcfcourier.com/news/local/govt-and-politics/blum-to-reintroduce-drain-the-swamp-bills/article_ed014388-769a-5533-9dc3-ede3db5f2007.html","1525881227682054_1827576437512530",NA,110,15,25
"1525881227682054","Congressman Rod Blum","I was opposed to the measure that would have reduced the authority of the Office of Congressional Ethics, and am glad to see the provision removed from the Rules of the 115th Congress. I appreciate all the folks from Iowa who have called to express their opinion on this issue -- thank you for participating in our form of government!","2017-01-03T18:04:37+0000","status",NA,"1525881227682054_1827450344191806",NA,80,10,7
"1525881227682054","Congressman Rod Blum","Good luck to Hawkeye Football today and look out for #IA01 bands Waverly-Shell Rock Senior High School & Western Dubuque High School at halftime!  http://www.kcrg.com/content/news/Local-high-schools-get-involved-in-Outback-Bowl-festivities-409227565.html","2017-01-02T17:03:08+0000","link","http://www.kcrg.com/content/news/Local-high-schools-get-involved-in-Outback-Bowl-festivities-409227565.html","1525881227682054_1826932340910273",NA,33,1,0
"1525881227682054","Congressman Rod Blum","Hoping for full recovery for UNI Football great David Johnson after injury in today's game   #IA01","2017-01-01T23:08:31+0000","status",NA,"1525881227682054_1826605800942927",NA,24,1,0
"1525881227682054","Congressman Rod Blum","Thankful for this year's many blessings and optimistic about returning government to the people in 2017.   #IA01","2017-01-01T01:07:22+0000","status",NA,"1525881227682054_1826146504322190",NA,51,1,2
