"from_id","from_name","message","created_time","type","link","id","story","likes_count","comments_count","shares_count"
"248507065275406","Congressman Matt Cartwright","Did you know that early detection is the key in managing scoliosis?  June is Scoliosis Awareness Month. Check out srs.org.  Thanks Patricia Nestor!","2017-06-23T19:55:08+0000","photo","https://www.facebook.com/CongressmanMattCartwright/photos/a.271382999654479.63348.248507065275406/1268279439964825/?type=3","248507065275406_1268279439964825",NA,26,3,8
"248507065275406","Congressman Matt Cartwright","I was glad I was able to make a wonderful dinner in Primrose earlier this month to pay tribute to the Honorable Joseph F. McCloskey, whose contributions to Pennsylvania justice and his community have been immense. After a successful legal career, Judge McCloskey served 22 years on the bench, including 7 years as President Judge of the Schuylkill County Common Pleas Court, and 12 years as a Senior Judge of the Commonwealth Court of Pennsylvania. Photo credit: Judy Muldowney","2017-06-23T19:18:08+0000","photo","https://www.facebook.com/CongressmanMattCartwright/photos/a.271382999654479.63348.248507065275406/1268255216633914/?type=3","248507065275406_1268255216633914",NA,86,10,4
"248507065275406","Congressman Matt Cartwright","As a member of the House Appropriations Committee, I can report that we have completed the first of our 12 funding bills for 2018, the VA and Military Construction bill. I am glad to say it provides robust funding for items I have been pushing:  suicide prevention, opioid addiction treatment, housing for homeless vets, and others.","2017-06-17T13:34:31+0000","link","http://cartwright.house.gov/media-center/press-releases/appropriations-bill-contains-priorities-championed-by-rep-cartwright","248507065275406_1262151637244272",NA,175,16,11
"248507065275406","Congressman Matt Cartwright","Attending the Congressional Baseball Game this year, to show solidarity with all my fellow members. Dems lead 7-2, top of the 4th!  The brave soul diving into home plate at the end is freshman U.S. Rep. Jimmy Panetta (D-CA20).","2017-06-16T00:37:41+0000","video","https://www.facebook.com/CongressmanMattCartwright/videos/1260684764057626/","248507065275406_1260684764057626",NA,196,9,5
"248507065275406","Congressman Matt Cartwright","This Pride Month, I recognize and honor the LGBT Americans who strive to build a more just society for all. Now more than ever, we should join together in support of one another, and know I stand with you in the fight for full equality and justice. Today and everyday we celebrate the diversity LGBT Americans bring to our communities.","2017-06-15T21:04:49+0000","photo","https://www.facebook.com/CongressmanMattCartwright/photos/a.271382999654479.63348.248507065275406/1260261200766649/?type=3","248507065275406_1260261200766649",NA,137,10,17
"248507065275406","Congressman Matt Cartwright","Please send out your thoughts and prayers for my colleague Steve Scalise (R-Louisiana) and the Capitol Police officers and staffers who were hit in this morning's shooting.","2017-06-14T12:58:32+0000","status",NA,"248507065275406_1259040887555347",NA,181,34,12
"248507065275406","Congressman Matt Cartwright","I am happy to announce that my bill, the Streamlining Energy Efficiency for Schools Act, unanimously passed the House this evening. This is a commonsense, no-cost bill that improves energy efficiency in schools.  This picture was taken at Nazareth Area Middle School, which has an array of solar panels on its building. I look forward to working with my colleagues to help advance this legislation in the Senate, so more schools have opportunities to pursue energy efficient upgrades.     http://cartwright.house.gov/media-center/press-releases/house-unanimously-passes-cartwright-and-welch-bill-to-improve-energy","2017-06-12T22:34:13+0000","photo","https://www.facebook.com/CongressmanMattCartwright/photos/a.271382999654479.63348.248507065275406/1257479281044841/?type=3","248507065275406_1257479281044841",NA,253,14,15
"248507065275406","Congressman Matt Cartwright","I was happy to announce a federal grant of $250,000 to help grow jobs in Wilkes-Barre.","2017-06-10T10:15:17+0000","link","http://m.citizensvoice.com/news/firm-to-receive-small-business-vouchers-1.2204295","248507065275406_1255112897948146",NA,97,8,9
"248507065275406","Congressman Matt Cartwright","Today, I spoke on the House floor in opposition to the Wrong Choice Act. The Wrong Choice Act takes away provisions that rein in irresponsible pay to executives, dismantles consumer protections, eliminates transparency, and puts Americans in danger of taxpayer-funded bailouts.","2017-06-08T19:25:54+0000","video","https://www.facebook.com/CongressmanMattCartwright/videos/1253571761435593/","248507065275406_1253571761435593",NA,133,22,27
"248507065275406","Congressman Matt Cartwright","Today marks the 73rd anniversary of D-Day. Allied troops joined forces to launch an audacious attack on the beaches of Normandy. On this anniversary day, let us remember the veterans of our ""Greatest Generation"" not only during World War II, but also before and after.","2017-06-06T19:09:58+0000","photo","https://www.facebook.com/CongressmanMattCartwright/photos/a.271382999654479.63348.248507065275406/1251323534993749/?type=3","248507065275406_1251323534993749",NA,68,5,12
"248507065275406","Congressman Matt Cartwright","I was honored to break ground with Gov. Tom Wolf and Rep. Aaron Kaufer on the West Pittston Community Garden, tour the new streetscape and flip the switch for the new street lamps. The teamwork among volunteers, borough residents and officials have helped West Pittston in its continuing recovery from the devastating flood six years ago.","2017-06-03T14:35:01+0000","photo","https://www.facebook.com/CongressmanMattCartwright/photos/a.271382999654479.63348.248507065275406/1247684412024328/?type=3","248507065275406_1247684412024328",NA,60,7,4
"248507065275406","Congressman Matt Cartwright","This event is an opportunity for constituents to discuss issues that matter to them directly with Congressman Cartwright.  For more information please call 570-341-1050.","2017-06-01T14:50:01+0000","event","https://www.facebook.com/events/1483589261672008/","248507065275406_1483589261672008","Congressman Matt Cartwright added an event.",39,5,0
"248507065275406","Congressman Matt Cartwright","Proud to support our brave firefighters in Schuylkill County and throughout the 17th District.","2017-06-01T10:02:17+0000","link","http://republicanherald.com/news/cartwright-announces-381-526-in-dhs-grants-for-fire-and-rescue-companies-in-schuylkill-county-1.2190075","248507065275406_1245434182249351",NA,80,1,13
"248507065275406","Congressman Matt Cartwright","This week I joined a small Congressional delegation trip to the Tomb of the Unknown Soldier at Arlington National Cemetery, where we watched the changing of the guard and lay a wreath at the Tomb.  Happy Memorial Day, everyone, and take a moment to remember those who died for our freedom.","2017-05-28T19:49:17+0000","video","https://www.facebook.com/CongressmanMattCartwright/videos/1241695649289871/","248507065275406_1241695649289871",NA,293,18,84
"248507065275406","Congressman Matt Cartwright","Last year, the federal Department of Commerce's  Manufacturing Extension Partnership helped grow and sustain over 86,000 family-sustaining manufacturing jobs in this country. The current administration's budget proposes eliminating federal funding for the MEP. This week, Commerce Secretary Wilbur Ross told me cutting spending is more important. I cannot support that kind of penny-wise, pound-foolish thinking.","2017-05-27T23:00:10+0000","video","https://www.facebook.com/CongressmanMattCartwright/videos/1239635052829264/","248507065275406_1239635052829264",NA,94,14,12
"248507065275406","Congressman Matt Cartwright","I am proud to be part of the bipartisan team leading this effort to beef up employment rights for active duty military members.","2017-05-26T15:08:45+0000","link","https://gabbard.house.gov/news/press-releases/rep-tulsi-gabbard-lawmakers-re-introduce-justice-servicemembers-act","248507065275406_1239464142846355",NA,79,3,11
"248507065275406","Congressman Matt Cartwright","This week I celebrate and recognize the men and women of our nation's emergency medical services (EMS) for their important contributions in safeguarding the health, safety, and well being of their communities.","2017-05-24T14:09:20+0000","photo","https://www.facebook.com/CongressmanMattCartwright/photos/a.271382999654479.63348.248507065275406/1237533416372761/?type=3","248507065275406_1237533416372761",NA,23,3,2
"248507065275406","Congressman Matt Cartwright","Please join me for a public town hall meeting to discuss the issues that matter to you. For more information please call 570-341-1050.","2017-05-23T16:50:47+0000","event","https://www.facebook.com/events/672503729603540/","248507065275406_672503729603540","Congressman Matt Cartwright added an event.",63,5,0
"248507065275406","Congressman Matt Cartwright","This week is #NationalPoliceWeek. Please join me in thanking those who risk their lives to keep our communities safe.","2017-05-19T00:06:23+0000","photo","https://www.facebook.com/CongressmanMattCartwright/photos/a.271382999654479.63348.248507065275406/1232349390224497/?type=3","248507065275406_1232349390224497",NA,76,1,9
"248507065275406","Congressman Matt Cartwright","I approve of the decision, by the Deputy Attorney General, to appoint former FBI Director Robert Mueller as special counsel in charge of the Russia probe. I first met Bob Mueller 4 years ago, and found him to be a serious and committed lawman. He has an admirable military service record in both the USMC and the Army Rangers, and an impressive academic background. I feel that Mueller will take a fearless approach to the investigation, and follow the facts wherever they take him.","2017-05-18T00:56:53+0000","status",NA,"248507065275406_1231415396984563","Congressman Matt Cartwright updated his status.",369,23,18
"248507065275406","Congressman Matt Cartwright","I voted no on the latest version of the American Health Care Act.  This bill would push more hospitals out of business by pushing people out of their current health care coverage. Eliminating the Affordable Care Act’s Medicaid expansion, which extended coverage to over 700,000 Pennsylvanians, will swell the number of people who cannot pay their hospital bills. These costs will fall on the shoulders of our community hospitals, and many of them will face closure.  Americans with pre-existing conditions would be denied health coverage or forced to pay higher premiums.  And Americans between the ages of 50-64 will pay premiums five times higher than what others pay for health coverage under the replacement bill.  That’s thousands of additional dollars annually.  Instead of enacting this ill-advised legislation, Democrats and Republicans should work together to improve the ACA.","2017-05-05T15:00:56+0000","photo","https://www.facebook.com/CongressmanMattCartwright/photos/a.271382999654479.63348.248507065275406/1218611684931601/?type=3","248507065275406_1218611684931601",NA,410,134,69
"248507065275406","Congressman Matt Cartwright","WBRE News at one of the best manufacturing facilities in PA.  It's a great -- world renowned -- product, and a wonderful success story.","2017-05-04T11:06:55+0000","photo","https://www.facebook.com/eyewitnessnewstv/photos/a.665655770115655.1073741826.126168454064392/1679730172041538/?type=3","248507065275406_1216910118435091","Congressman Matt Cartwright shared Eyewitness News WBRE WYOU's post.",24,0,0
"248507065275406","Congressman Matt Cartwright","I am happy to report that the Omnibus bill to fund the federal government through September 30 includes my legislation to give a 2.1% raise to our faithful Wage Grade employees at Tobyhanna Army Depot, all 1,800 of them.  The bill passed the House today, 309-118.","2017-05-03T21:28:58+0000","status",NA,"248507065275406_1216275138498589",NA,119,14,7
"248507065275406","Congressman Matt Cartwright","Congressman Matt Cartwright will host a public town hall meeting in Palmerton Borough.  This event is an opportunity for constituents to hear from Congressman Cartwright during a brief presentation.  The presentation will be followed by a Q & A session.  For more information please call our office 570-341-1050.","2017-05-03T16:52:46+0000","event","https://www.facebook.com/events/311807232584580/","248507065275406_311807232584580","Congressman Matt Cartwright added an event.",38,3,0
"248507065275406","Congressman Matt Cartwright","I was happy to stop and visit with the Easton Fire Department after just being awarded the Assistance to Firefighters Grant (AFG). I am pleased to help and assist with this type of grant to ensure that firefighters have the resources they need to protect themselves and the community. Thank you Fire Chief John Bast, Deputy Chief Kevin Arnold, Mayor Sal Panto, Councilman Peter Melan, and City Administrator Luis Campos for joining me.","2017-05-02T16:32:27+0000","photo","https://www.facebook.com/CongressmanMattCartwright/photos/a.271382999654479.63348.248507065275406/1214703251989111/?type=3","248507065275406_1214689351990501","Congressman Matt Cartwright added 3 new photos.",67,2,7
"248507065275406","Congressman Matt Cartwright","We appear to have an agreement to fund the government through September 30.  I am happy to report that we have prevailed in the House Appropriations Committee in securing more than a billion dollars to deliver permanent health benefits for the thousands of coal miners and their families who stood to lose their health benefits this month, increases in medical research, science funding, and money to fight the opioid epidemic. It also preserves Pell grants, 99% of EPA funding, and many other popular domestic programs.","2017-05-01T22:42:08+0000","status",NA,"248507065275406_1213898488736254",NA,161,14,12
"248507065275406","Congressman Matt Cartwright","Congressman Matt Cartwright announces the student art entries for the annual Congressional Art Competition will be on display at the Everhart Museum in Scranton. All artwork entries will be displayed Tuesday, May 5 through Friday, May 12, 2017 and a small reception will be held at the Museum on Friday where the winners of the art contest will be announced. For more information, please contact our office 570-341-1050.","2017-05-01T19:40:53+0000","event","https://www.facebook.com/events/462676007411605/","248507065275406_462676007411605","Congressman Matt Cartwright added an event.",33,0,0
"248507065275406","Congressman Matt Cartwright","This informational session is open to all interested students and their families. The session will include an overview of academy life as well as an opportunity to meet with academy representatives to discuss requirements for admission.  Academy nominations are available only through a Member of Congress, the Vice President, or the President.   For more information contact our office at 570-341-1050.","2017-04-28T18:24:17+0000","event","https://www.facebook.com/events/443197766047849/","248507065275406_443197766047849","Congressman Matt Cartwright added an event.",33,1,0
"248507065275406","Congressman Matt Cartwright","Congressman Matt Cartwright will host a public town hall meeting in Coolbaugh Township. This event is an opportunity for constituents to hear from Congressman Cartwright during a brief presentation. The presentation will be followed by a Q & A session.   For more information please call our office 570-341-1050.","2017-04-27T19:36:14+0000","event","https://www.facebook.com/events/773522149486420/","248507065275406_773522149486420","Congressman Matt Cartwright added an event.",49,0,0
"248507065275406","Congressman Matt Cartwright","We had two full and busy district work weeks with town hall meetings and coffee events throughout my district. As part of my job, I am always happy to listen to concerns and questions from my constituents. It is important to me that I do the job I was elected to do, and I am proud to serve the hard working people of Northeastern Pennsylvania.","2017-04-27T19:24:10+0000","photo","https://www.facebook.com/CongressmanMattCartwright/photos/a.271382999654479.63348.248507065275406/1208433722616064/?type=3","248507065275406_1208478639278239","Congressman Matt Cartwright added 8 new photos.",73,3,3
"248507065275406","Congressman Matt Cartwright","I have been a committed advocate for the continuation of the federal Land and Water Conservation Fund, and its support for expanding the Cherry Valley National Wildlife Refuge along the Kittatinny Ridge in Northampton County, and I appreciate the bipartisan support from Sens. Bob Casey and Pat Toomey.","2017-04-25T10:21:44+0000","link","http://www.lehighvalleylive.com/news/index.ssf/2017/04/federal_funding_in_limbo_in_va.html","248507065275406_1205481062911330",NA,117,10,11
"248507065275406","Congressman Matt Cartwright","Today I was happy to attend the Eagle Scout Court of Honor of Matthew W. Cully, Troop 102, Saylorsburg. Congratulations, Matthew!  With State Sen. Mario Scavello.","2017-04-22T18:55:28+0000","photo","https://www.facebook.com/CongressmanMattCartwright/photos/a.271382999654479.63348.248507065275406/1202000786592691/?type=3","248507065275406_1202000786592691","Congressman Matt Cartwright in Tobyhanna, Pennsylvania.",67,4,0
"248507065275406","Congressman Matt Cartwright","In addition to Earth Day, it's also Opening Day for Little League, in Moosic and also Pittston Township. Here at Mike Felter Field in Moosic to see his grandson is former Army Drill Sgt. Ronnie Mills, 101st Airborne, Vietnam 1969-70, winner of the Bronze Star and Combat Infantryman's Badge, and his friendly 4-month old Chihuahua, Gibbs!","2017-04-22T17:04:37+0000","photo","https://www.facebook.com/CongressmanMattCartwright/photos/a.271382999654479.63348.248507065275406/1201907283268708/?type=3","248507065275406_1201907283268708",NA,117,3,3
"248507065275406","Congressman Matt Cartwright","The very first Earth Day was celebrated April 22, 1970. Americans from all over the world celebrate earth day with great enthusiasm; events worldwide bring awareness to the importance in keeping our planet healthy and clean.","2017-04-22T12:37:29+0000","photo","https://www.facebook.com/CongressmanMattCartwright/photos/a.271382999654479.63348.248507065275406/1201672279958875/?type=3","248507065275406_1201672279958875",NA,81,5,19
"248507065275406","Congressman Matt Cartwright","I was humbled to have Action Together NEPA come to my office with thank you cards for the work I have been doing on behalf PA-17 and Northeastern Pennsylvania. We should all continue to fight for what we believe in; I will continue to do what I believe is right for all Pennsylvanians.","2017-04-20T13:42:47+0000","photo","https://www.facebook.com/CongressmanMattCartwright/photos/a.271382999654479.63348.248507065275406/1199234910202612/?type=3","248507065275406_1199234910202612",NA,55,5,2
"248507065275406","Congressman Matt Cartwright","National Park Week is America's largest celebration of national heritage. Discover all there is to see and do in your national parks https://findyourpark.com/ and see which parks wave their entrance fees on nationally designated fee free dates https://www.nps.gov/.","2017-04-19T14:30:48+0000","photo","https://www.facebook.com/CongressmanMattCartwright/photos/a.271382999654479.63348.248507065275406/1197971613662275/?type=3","248507065275406_1197971613662275",NA,24,3,6
"248507065275406","Congressman Matt Cartwright","This event is an opportunity for constituents to discuss issues that matter to them directly with Congressman Cartwright.    This event is open to the public. RSVPs are not required.   If you need more information please call our office 570-341-1050.","2017-04-18T18:12:41+0000","event","https://www.facebook.com/events/1007853215982152/","248507065275406_1007853215982152","Congressman Matt Cartwright added an event.",22,0,0
"248507065275406","Congressman Matt Cartwright","America strong.  U.S. Army Staff Sgt. Earl Granville (ret.), of Carbondale, who lost his leg to a roadside bomb during his third deployment with the 109th PA National Guard in Afghanistan in 2008, and then his twin brother, Staff Sgt. Joseph Granville in 2010, to combat-veteran suicide, just keeps on making everyone in northeastern Pennsylvania proud.","2017-04-18T11:45:54+0000","video","https://www.youtube.com/watch?v=ftQV4jVeD7A","248507065275406_1196596067133163",NA,148,7,34
"248507065275406","Congressman Matt Cartwright","Are you a high school student interested in showcasing your art? Congressman Matt Cartwright encourages all high school students from his district to submit their favorite work. Each spring, the US House of Representatives sponsors a nationwide high school art competition. Winners from each Congressional District will be displayed for one year in the Capitol.  Submission deadline for artwork is April 27, 2017.  Please contact your high school or our office for more information 570-341-1050.","2017-04-17T21:32:33+0000","event","https://www.facebook.com/events/1267710593327117/","248507065275406_1267710593327117","Congressman Matt Cartwright added an event.",37,3,0
"248507065275406","Congressman Matt Cartwright","This informational session is open to all interested students and their families. The session will include an overview of academy life as well as an opportunity to meet with academy representatives to discuss reguirements for admission. Academy nominations are only available through a Member of Congress, the Vice President, or the President.  For more information please contact our office at 570-341-1050.","2017-04-17T21:18:49+0000","event","https://www.facebook.com/events/412799659118566/","248507065275406_412799659118566","Congressman Matt Cartwright added an event.",19,0,0
"248507065275406","Congressman Matt Cartwright","This event is an opportunity for constituents to discuss issues that matter to them directly with Congressman Cartwright.    This event is open to the public. RSVPs are not required.   For more information please call our office 570-341-1050","2017-04-17T21:11:26+0000","event","https://www.facebook.com/events/802102703274595/","248507065275406_802102703274595","Congressman Matt Cartwright added an event.",37,0,0
"248507065275406","Congressman Matt Cartwright","Please join Congressman Matt Cartwright for a public town hall meeting to discuss the issues that matter to you. Event is free and open to the public. For more information please call our office 570-341-1050","2017-04-13T14:36:41+0000","event","https://www.facebook.com/events/289005901557713/","248507065275406_289005901557713","Congressman Matt Cartwright added an event.",49,0,0
"248507065275406","Congressman Matt Cartwright","Please join Congressman Matt Cartwright for a public town hall meeting to discuss the issues that matter to you. Event is free and open to the public.   Northampton Community College Alumni Hall Room 130 A-D 3835 Green Pond Road Bethlehem, PA 1802  For more information please call our office 570-341-1050.","2017-04-10T17:24:27+0000","event","https://www.facebook.com/events/396978327324789/","248507065275406_396978327324789","Congressman Matt Cartwright added an event.",49,1,0
"248507065275406","Congressman Matt Cartwright","This week, colleagues in the U.S. House joined me in introducing bills to repeal clean water and clean air loopholes for the oil and gas industry. Every other industry complies with these laws.","2017-04-08T13:30:46+0000","link","http://cartwright.house.gov/media-center/press-releases/cartwright-degette-polis-and-schakowsky-introduce-legislative-package-to","248507065275406_1185075524951884",NA,148,13,25
"248507065275406","Congressman Matt Cartwright","This week my colleagues and I introduced legislation to prevent coal companies from unfairly denying benefits to miners. Miners risked their health and safety to reach for financial security for their families, yet too many miners are wrongfully denied the benefits they deserve. Our country became great on the backs of hard-working miners - we should not be turning our backs on them now. https://instagram.com/p/BSl7arUAiB8/","2017-04-07T18:43:11+0000","link","https://instagram.com/p/BSl7arUAiB8/","248507065275406_1184028455056591",NA,125,9,12
"248507065275406","Congressman Matt Cartwright",NA,"2017-04-05T18:14:26+0000","video","https://www.facebook.com/JoeManchinIII/videos/10158327423540161/","248507065275406_1181612811964822","Congressman Matt Cartwright shared Senator Joe Manchin III's live video.",27,1,0
"248507065275406","Congressman Matt Cartwright","It was a delight for me to have Easton's terrific Mayor Sal Panto join us for an Appropriations Committee lunch in Washington today.  The Mayor was in town to testify before the House Energy & Commerce subcommittee on the Environment on Easton's successful Simon Silk Mill brownfields redevelopment project and to represent the National League of Cities in his testimony on brownfields.","2017-04-04T19:27:12+0000","photo","https://www.facebook.com/CongressmanMattCartwright/photos/a.271382999654479.63348.248507065275406/1180556708737099/?type=3","248507065275406_1180556708737099",NA,76,4,3
"248507065275406","Congressman Matt Cartwright","Women deserve equal pay for equal work. The Equal Pay Act was signed into law 54 years ago today, but women's wages continue to lag behind those of their male colleagues. Pay inequity doesn’t just affect women – it also affects children, working families, and our entire economy.","2017-04-04T15:41:44+0000","photo","https://www.facebook.com/CongressmanMattCartwright/photos/a.271382999654479.63348.248507065275406/1180346452091458/?type=3","248507065275406_1180346452091458",NA,64,10,18
"248507065275406","Congressman Matt Cartwright","I am proud to be the lead Democrat on the RECLAIM Act, which would pump $1 billion into Abandoned Mine Lands reclamation in the former coal regions, a lot of which are in our district in Pennsylvania.  Pictured:  McDade Park, on reclaimed mine land south of Scranton.  Thanks for this Citizens' Voice editorial this week.","2017-04-03T19:49:54+0000","link","http://citizensvoice.com/opinion/pass-reclaim-1.2173951","248507065275406_1179398408852929",NA,190,12,19
"248507065275406","Congressman Matt Cartwright","Great to meet with NEPA and PA-17 residents Becky Jacobs, Michelle Luchetti, Phyllis Gallagher, and Kady Luchetti today. I'm grateful for all of their hard work advocating to end Alzheimer's.   This afternoon, Phyllis, of Schuylkill County, testified in front of the Senate Special Committee on Aging about her experiences as an Early-Onset Alzheimer's caregiver. Thank you, Phyllis, for sharing your story.","2017-03-29T23:15:00+0000","photo","https://www.facebook.com/CongressmanMattCartwright/photos/a.271382999654479.63348.248507065275406/1174020162724087/?type=3","248507065275406_1174020162724087","Congressman Matt Cartwright with Phyllis Skocik Gallagher.",94,6,5
"248507065275406","Congressman Matt Cartwright","I think it makes more sense to require internet service providers to ask your permission before they are allowed to sell your personal information.  So, I voted ""no"" on this bill this afternoon.","2017-03-29T00:35:12+0000","link","http://money.cnn.com/2017/03/28/technology/house-internet-privacy-repeal/","248507065275406_1173186272807476",NA,319,64,56
"248507065275406","Congressman Matt Cartwright","It was great to join Mayor Dan Lello, Council President Stanley Knick, Senator John Blake, Representative and Mrs. Mike Carroll, Judge and Mrs. Fred Pierantoni, Chairman Bob Price, and many others at the Dupont VFW for the Dupont Centennial Banquet last night. Special congrats to Margaret Milewski, 101, who got the Key to Dupont!","2017-03-26T14:33:49+0000","photo","https://www.facebook.com/CongressmanMattCartwright/photos/a.271382999654479.63348.248507065275406/1170404443085659/?type=3","248507065275406_1170404443085659",NA,80,8,12
"248507065275406","Congressman Matt Cartwright","An hour ago, Speaker Ryan abruptly withdrew the GOP-only rewrite of national healthcare law.  My hope is that this will force us all to work together and improve American healthcare so it works better for everyone.","2017-03-24T21:00:29+0000","status",NA,"248507065275406_1168614659931304",NA,546,56,37
"248507065275406","Congressman Matt Cartwright","The House GOP plan to ""repeal and replace"" the ACA is a bad bill.  It throws 60,000 of my constituents off their coverage, it costs a lot more for everyone aged 50-64, and it endangers our community hospitals.","2017-03-23T19:37:33+0000","video","https://www.facebook.com/HouseDemocrats/videos/10155034448113548/","248507065275406_1167541303371973","Congressman Matt Cartwright shared House Democrats's live video.",325,54,0
"248507065275406","Congressman Matt Cartwright","I enjoyed working with Senator Bill Cassidy last year to pass our MEGABYTE Act, which will reduce wasteful technology spending. NASA has already saved taxpayers $100 million.","2017-03-17T14:38:06+0000","link","http://fedtechmagazine.com/article/2017/02/how-nasa-saved-100-million-software-licenses","248507065275406_1160719377387499",NA,35,10,3
"248507065275406","Congressman Matt Cartwright","The White House's budget proposes completely eliminating funding for public TV, legal services for the poor, and the special extra economic development funding we get for our rural northeastern Pennsylvania counties.  Here is a more complete list of the cuts, most of which would damage our area and our nation.","2017-03-16T19:52:56+0000","link","https://www.washingtonpost.com/graphics/politics/trump-presidential-budget-2018-proposal/?utm_term=.1a8684405645","248507065275406_1160026180790152",NA,52,25,61
"248507065275406","Congressman Matt Cartwright","The last couple of days in Northeastern Pennsylvania have not been easy. Let us remember our First Responders who are out there on a daily basis helping, protecting, and doing their best to serve us all. Please be careful and stay safe.","2017-03-16T00:03:54+0000","photo","https://www.facebook.com/CongressmanMattCartwright/photos/a.271382999654479.63348.248507065275406/1159256627533774/?type=3","248507065275406_1159256627533774",NA,134,2,38
"248507065275406","Congressman Matt Cartwright","""Coffee with your Congressman"" in Brodheadsville has been postponed due to inclement weather forecast. Please be careful and stay safe in these next couple of days of bad weather.","2017-03-13T18:38:56+0000","photo","https://www.facebook.com/CongressmanMattCartwright/photos/a.271382999654479.63348.248507065275406/1157027594423344/?type=3","248507065275406_1157027594423344",NA,19,5,6
"248507065275406","Congressman Matt Cartwright",NA,"2017-03-09T21:21:37+0000","photo","https://www.facebook.com/PBS39/photos/a.108135292666.125094.69577522666/10154942657382667/?type=3","248507065275406_1152952744830829","Congressman Matt Cartwright shared PBS39's post.",30,1,0
"248507065275406","Congressman Matt Cartwright","International Women's Day celebrates the power of women, their courage, and persistence to fight for what they believe in and deserve. In 1917, Representative Jeannette Rankin of Montana was the first woman elected to Congress.  We celebrate and honor all women today.","2017-03-09T00:59:52+0000","photo","https://www.facebook.com/CongressmanMattCartwright/photos/a.271382999654479.63348.248507065275406/1151920881600682/?type=3","248507065275406_1151920881600682",NA,93,3,10
"248507065275406","Congressman Matt Cartwright","I am inviting you to have coffee with me; come and discuss the issues that are important to you. Hope to see you in Brodheadsville on Tuesday, March 14th.","2017-03-07T21:44:22+0000","photo","https://www.facebook.com/CongressmanMattCartwright/photos/a.271382999654479.63348.248507065275406/1150618625064241/?type=3","248507065275406_1150618625064241",NA,79,11,34
"248507065275406","Congressman Matt Cartwright","In 1971, when I was 10, my public school teacher Isabel Daniels decided I was causing so much trouble in class that I must be given more work to do. She handed me a copy of The Hobbit and said I had to read it. It has led to a lifetime love of reading. Thank you, Miss Daniels! Today we celebrate National Education Association's ""Read Across America"". Motivating children to read is an important factor in student achievement, research has shown that children who spend more time reading do better in school.","2017-03-02T14:37:41+0000","photo","https://www.facebook.com/CongressmanMattCartwright/photos/a.271382999654479.63348.248507065275406/1145561302236640/?type=3","248507065275406_1145561302236640",NA,172,11,13
"248507065275406","Congressman Matt Cartwright","I got my legislative Report Card for the 114th Congress (2015-16).  You can see the whole thing at govtrack.us.  More work to do!","2017-03-02T02:45:10+0000","photo","https://www.facebook.com/CongressmanMattCartwright/photos/a.271382999654479.63348.248507065275406/1145189965607107/?type=3","248507065275406_1145189965607107",NA,121,8,14
"248507065275406","Congressman Matt Cartwright","Michelle LaCroix of Scranton was my guest last evening to the President’s Joint Address to Congress.  Michelle is a survivor of the opioid epidemic.  Because of the Affordable Care Act, she was able to stay on her parents’ health insurance and receive the care she needed. Opioid addiction devastates families from all walks of life in Pennsylvania and across the country. I thank Michelle for joining me and sharing her story.","2017-03-01T21:40:27+0000","photo","https://www.facebook.com/CongressmanMattCartwright/photos/a.271382999654479.63348.248507065275406/1145027468956690/?type=3","248507065275406_1145027468956690",NA,275,18,12
"248507065275406","Congressman Matt Cartwright","It was an honor to present Thomas Williams with a Congressional Record for his federal and community service. Mr. Williams served as an aide to former Congressman Paul Kanjorski and before retiring he was the State Director of the U.S. Department of Agriculture Rural Development for Pennsylvania appointed by President Obama. I want to wish Tom all the best in his retirement.","2017-02-28T20:02:59+0000","photo","https://www.facebook.com/CongressmanMattCartwright/photos/a.271382999654479.63348.248507065275406/1144027469056690/?type=3","248507065275406_1144027469056690",NA,57,8,3
"248507065275406","Congressman Matt Cartwright","Honoring Black History Month at the Monroe County NAACP Annual Luncheon. Enjoyed the speakers, African American Artwork, and the dancers from the ""Eleve Dance Theatre"". Thank you Thomas and Sharone Jones for allowing me to say a few words at this beautiful celebration.","2017-02-26T21:46:10+0000","photo","https://www.facebook.com/CongressmanMattCartwright/photos/a.271382999654479.63348.248507065275406/1142278562564914/?type=3","248507065275406_1142284105897693","Congressman Matt Cartwright added 5 new photos — with Thomas Braxton Jones Jr. and Sharone Jones.",76,1,4
"248507065275406","Congressman Matt Cartwright","I’m proud to receive a National Environmental Scorecard rating of 100% from the League of Conservation Voters. I will continue to fight for policies that combat climate change, keep our water clean, protect our air quality, and protect our nation’s natural resources.   https://twitter.com/LCVoters/status/834855446691315715","2017-02-24T20:01:32+0000","link","https://twitter.com/LCVoters/status/834855446691315715","248507065275406_1140275936098510",NA,193,15,8
"248507065275406","Congressman Matt Cartwright","I had the honor of presenting the Bronze Star Medal to the adult children of the late U.S. Army Air Corps Sgt. John J Ostrum for his heroics during the attack on Pearl Harbor, December 7, 1941. Under enemy strafing fire, Sgt Ostrum saved lives by moving oil drums away from raging fires.","2017-02-24T15:51:40+0000","link","http://fox56.com/news/local/40-years-later-a-wilkes-barre-wwii-vet-posthumously-receives-award","248507065275406_1140084046117699",NA,88,3,6
"248507065275406","Congressman Matt Cartwright","Thanks to everyone who came out and participated in our town hall meeting last night in Dickson City.  I've done about 15 of these, and this was the biggest turnout so far!  We had a good discussion.","2017-02-23T12:52:17+0000","link","http://wnep.com/2017/02/22/tale-of-two-town-hall-meetings/","248507065275406_1139050739554363",NA,277,21,13
"248507065275406","Congressman Matt Cartwright","I have high hopes for highly decorated Lt.Gen. H.R. McMaster as our National Security Advisor. His book, ""Dereliction of Duty,"" is all about speaking truth to power, how the military failed LBJ in not being honest about the difficulty of prevailing in Vietnam. This is what we need now.","2017-02-22T13:07:44+0000","video","https://www.youtube.com/watch?v=jSGwW5zfGTo","248507065275406_1138199612972809",NA,64,9,7
"248507065275406","Congressman Matt Cartwright","I thank the Humane Society of the United States for taking the lead in demanding that the USDA restore animal abuse and puppy mill information to its website, which was abruptly deleted this month.","2017-02-21T23:05:19+0000","link","http://blog.humanesociety.org/wayne/2017/02/hsus-challenges-usda-mass-removal-animal-welfare-records.html","248507065275406_1137704966355607",NA,137,3,19
"248507065275406","Congressman Matt Cartwright","Please join me this week for a town hall!  The town hall will be held on Wednesday, February 22, 2017 from 6:30 p.m. to 7:30 p.m. at the Dickson City Borough Building located at 901 Enterprise Street, Dickson City, PA 18519.  The event is open to the public. No RSVPs are required.","2017-02-21T18:46:31+0000","photo","https://www.facebook.com/CongressmanMattCartwright/photos/a.271382999654479.63348.248507065275406/1137511533041617/?type=3","248507065275406_1137511533041617",NA,84,10,25
"248507065275406","Congressman Matt Cartwright","I wanted to share with you this brief but characteristically uplifting video from my friend from across the river, U.S. Senator Cory Booker, with Frederick Douglass as backdrop, in the middle of Black History Month.","2017-02-21T14:09:21+0000","video","https://www.facebook.com/corybooker/videos/10156568319082228/","248507065275406_1137297519729685","Congressman Matt Cartwright shared Cory Booker's video.",74,6,0
"248507065275406","Congressman Matt Cartwright",NA,"2017-02-20T13:06:03+0000","link","http://citizensvoice.com/news/hundreds-protest-planned-aca-repeal-at-scranton-rally-1.2156999#","248507065275406_1136302639829173","Congressman Matt Cartwright shared a link.",246,24,22
"248507065275406","Congressman Matt Cartwright","I am committed to preserving affordable health care for hard-working citizens, seniors, and children.","2017-02-20T02:05:02+0000","link","http://republicanherald.com/news/cartwright-pushes-need-for-affordable-care-act-1.2156915#.WKpKgxheJ-Q.facebook","248507065275406_1135950743197696",NA,446,45,25
"248507065275406","Congressman Matt Cartwright","A lot of my Republican friends do care about clean water and clean air and taking care of the earth that God gave us. Scott Pruitt is not one of them.  Pruitt has an extreme anti-conservation agenda, and refuses to reveal his ties to polluters.  He's just not the right choice to stand up for sensible protections of our environment.","2017-02-16T13:11:58+0000","link","http://www.reuters.com/article/us-usa-trump-pruitt-lawsuit-idUSKBN15M1KE","248507065275406_1132157926910311",NA,161,18,19
"248507065275406","Congressman Matt Cartwright","At the special request of Ranking Member Elijah Cummings, I have decided to continue my work on the House Oversight and Government Reform Committee (OGR), in addition to my duties on the House Appropriations Committee. Finding and eradicating government waste, fraud and abuse is our major focus on OGR.  http://cartwright.house.gov/media-center/press-releases/rep-cartwright-rejoins-house-oversight-and-government-reform-committee","2017-02-22T17:27:06+0000","link","http://cartwright.house.gov/media-center/press-releases/rep-cartwright-rejoins-house-oversight-and-government-reform-committee","248507065275406_1138370439622393",NA,17,0,3
"248507065275406","Congressman Matt Cartwright","This was astonishing.  Senate Rule 19 prohibits any disparaging remarks about another Senator even if the disparaging statements are true.  So Mitch McConnell used that to prevent Sen. Warren from discussing legitimate questions about Alabama Sen. Jeff Sessions' history of racial discrimination, even as he is being considered to be the top law enforcer in our nation.","2017-02-08T23:50:17+0000","link","https://thinkprogress.org/elizabeth-warren-was-just-silenced-on-the-senate-floor-her-crime-was-quoting-coretta-scott-king-d000a470c6b4#.wly2e65mo","248507065275406_1125471267578977",NA,108,67,19
"248507065275406","Congressman Matt Cartwright","I don't get a vote on this, but I would urge Senators not to rubber-stamp this nomination. Ms. DeVos seems like a nice person, but has shown that standing up for American public education is not a core value for her. She has a penchant for pulling public money out of public schools. She is unfamiliar with federal laws guaranteeing quality and appropriate education for all. We need a Secretary who understands that quality public education for all is the only way we can give all of our citizens an actual opportunity to succeed.","2017-02-07T12:44:28+0000","link","https://www.washingtonpost.com/local/education/senate-to-vote-today-on-confirmation-of-betsy-devos/2017/02/06/fd4b7e9c-ec85-11e6-9662-6eedf1627882_story.html?hpid=hp_rhp-top-table-main_devos-615a%3Ahomepage%2Fstory&utm_term=.f090fe15b74c","248507065275406_1124054951053942",NA,475,97,77
"248507065275406","Congressman Matt Cartwright","Regrettably, Reps. Steve King (R-IA) and Joe Wilson (R-SC) today introduced a bill that would rewrite the National Labor Relations Act to repeal the requirement that all employees in a unionized workplace pay union dues, given that the union negotiates for all. I oppose this legislation.  I believe the NLRA reached the proper balance, that changing it like this is a direct attack on union finances, and that it will lead to lower wages for working people.","2017-02-02T00:13:29+0000","link","https://thinkprogress.org/right-to-work-king-wilson-569656534d4b#.keqfahfb5","248507065275406_1118722481587189",NA,133,47,155
"248507065275406","Congressman Matt Cartwright","Today, Tom Marino (R-PA) and I saw our bill, HR 560, pass unanimously out of the U.S. House of Representatives. This bill will open up PA Route 209 to limited, local commercial traffic under a permitting system for 5 years.  It will ease congestion and make life easier for small businesses in and around the Delaware Water Gap.","2017-02-01T02:47:15+0000","link","http://www.pennsnews.com/2017/01/rep-cartwright-applauds-house-passage-of-bill-establishing-permit-program-for-commercial-vehicles-on-route-209/#.WJFDN4WcEcQ","248507065275406_1117811881678249",NA,78,5,9
"248507065275406","Congressman Matt Cartwright","It was my pleasure to present James (Jimmy) Kelleher, a rising professional boxer now based in Scranton, with a Congressional Record at the United Way of the Lehigh Valley TeenWorks dinner. I applaud TeenWorks for their success encouraging so many young people to help those in need and improve communities. So nice to see so many in attendance including Gregg Potter, Gabbi Brescia, and Dana Emswiler.","2017-01-31T19:52:17+0000","photo","https://www.facebook.com/CongressmanMattCartwright/photos/a.271382999654479.63348.248507065275406/1117384981720939/?type=3","248507065275406_1117539881705449","Congressman Matt Cartwright added 6 new photos — with Brenna Schlossberg and 2 others.",62,3,1
"248507065275406","Congressman Matt Cartwright","I join my fellow Lehigh Valley Congressman, Charlie Dent (R-PA), in urging President Donald Trump to rethink his ill-conceived, discriminatory and dangerous executive order banning Muslim travel to this country.  Our national devotion to religious freedom and tolerance is not Republican or Democratic.  It's American.","2017-01-29T03:18:36+0000","link","http://talkingpointsmemo.com/livewire/charlie-dent-urges-halt-trump-executive-order-refugees","248507065275406_1115002015292569",NA,2248,160,303
"248507065275406","Congressman Matt Cartwright","In meetings and calls, I have done my best to add my voice to those of local legislators asking DOC Secretary Wetzel not to close prisons in our area.  We need Harrisburg to work with Gov. Wolf.","2017-01-26T13:58:14+0000","link","http://thetimes-tribune.com/opinion/captive-to-intransigence-1.2146509","248507065275406_1112332918892812",NA,98,5,17
"248507065275406","Congressman Matt Cartwright","Not in criticism of those taking another approach, but out of respect for the peaceful transfer of power, our American tradition, I am attending the inauguration.  I also remember that most of my Republican colleagues attended President Obama's, and I mean to return the gesture.","2017-01-20T03:55:56+0000","link","http://www.pahomepage.com/news/nepa-congressman-only-pa-house-democrat-to-attend-inauguration/642761592","248507065275406_1105327249593379",NA,622,165,73
"248507065275406","Congressman Matt Cartwright","Today, we honor the enduring and powerful legacy of Martin Luther King, Jr. As we celebrate Dr. King’s birthday, we must continue to work together to ensure that opportunities are available to everyone, regardless of race or ethnicity.  I encourage all Americans to continue to strive until Dr. King’s vision is finally realized.","2017-01-16T17:00:01+0000","status",NA,"248507065275406_1099856646807106",NA,110,13,4
"248507065275406","Congressman Matt Cartwright","Today I received my subcommittee assignments for the House Committee on Appropriations.  I will serve on the Commerce, Justice, and Science Subcommittee and the Financial Services and General Government Subcommittee.  I intend to use my role on these subcommittees to help spur economic growth in the 17th congressional district. http://cartwright.house.gov/media-center/press-releases/rep-cartwright-announces-subcommittee-assignments-for-the-house","2017-01-13T22:14:44+0000","link","http://cartwright.house.gov/media-center/press-releases/rep-cartwright-announces-subcommittee-assignments-for-the-house","248507065275406_1099859370140167",NA,210,31,13
"248507065275406","Congressman Matt Cartwright","Barack Obama awarded Joe Biden the Presidential Medal of Freedom. I agree with President Obama and am honored to have had the privilege of serving for the past four years under one of ""the best vice presidents America has ever had."" Congratulations to a ""scrappy kid from Scranton"" who has made us proud in his service to America.","2017-01-13T19:23:22+0000","photo","https://www.facebook.com/CongressmanMattCartwright/photos/a.271382999654479.63348.248507065275406/1099705080155596/?type=3","248507065275406_1099705080155596",NA,290,11,11
"248507065275406","Congressman Matt Cartwright","I guess it's not flashy, but this is the kind of common sense, money-saving legislation I like to write.","2017-01-08T22:45:40+0000","link","http://timesleader.com/news/local/622925/cartwright-reintroduces-legislation-to-improve-plumbing-standards","248507065275406_1095605253898912",NA,184,22,4
