"from_id","from_name","message","created_time","type","link","id","story","likes_count","comments_count","shares_count"
"282703023118","Congresswoman Doris O. Matsui","The Senate GOP has released a #Trumpcare bill that would take away health coverage and protections for America’s families. Republicans need to be reminded about what’s at stake. Share your story below about how repealing the Affordable Care Act and replacing it with #Trumpcare would be harmful to you and your family. #ProtectOurCare","2017-06-24T19:00:03+0000","photo","https://www.facebook.com/doris.matsui/photos/a.310057723118.145346.282703023118/10155418788288119/?type=3","282703023118_10155418788288119",NA,14,14,3
"282703023118","Congresswoman Doris O. Matsui",NA,"2017-06-22T21:48:49+0000","photo","https://www.facebook.com/HouseDemocrats/photos/a.379609153547.157188.88917718547/10155329868503548/?type=3","282703023118_10155412306263119","Congresswoman Doris O. Matsui shared House Democrats's photo.",12,7,0
"282703023118","Congresswoman Doris O. Matsui","The Senate Trumpcare bill released today puts the health and well-being of American families in jeopardy.  Under this legislation, if you are nearing retirement, you would see your costs rise. Seniors and people with disabilities would lose access to nursing home and community-based long term care. And, pregnant women and children would be vulnerable to harmful cuts to their coverage.   To make matters worse, Trumpcare guts protections for people with pre-existing conditions. With this bill, the services families need – from maternity care, to prescription drugs, to mental health services – may no longer be covered.   None of us can predict when we or a loved one might have an unexpected medical emergency, and all Americans deserve the peace of mind to know that they are covered if tragedy or illness strikes.   Democrats will keep fighting against Republican efforts to take away the care and protections that Americans need to keep their families healthy.","2017-06-22T21:21:00+0000","status",NA,"282703023118_10155412252418119",NA,79,30,32
"282703023118","Congresswoman Doris O. Matsui",NA,"2017-06-22T14:55:43+0000","video","https://www.facebook.com/SeniorsTaskForce/videos/1481806508509348/","282703023118_10155411244773119","Congresswoman Doris O. Matsui shared The Congressional Task Force on Seniors's video.",84,13,0
"282703023118","Congresswoman Doris O. Matsui","Last month in Sacramento, we celebrated the deployment of the largest fleet of zero emission electric school buses in the nation. It’s another great example of Sacramento taking the lead in protecting our environment, improving public health, and boosting our clean energy economy. Watch The California Air Resources Board’s video to learn more!  https://www.youtube.com/watch?v=D4uktVg17AE&utm_content=buffer2b086&utm_medium=social&utm_source=twitter.com&utm_campaign=buffer","2017-06-21T14:06:15+0000","video","https://www.youtube.com/watch?v=D4uktVg17AE&utm_content=buffer2b086&utm_medium=social&utm_source=twitter.com&utm_campaign=buffer","282703023118_10155407760368119",NA,161,5,15
"282703023118","Congresswoman Doris O. Matsui","This week, Senate Republicans continue to keep families in the dark about the #Trumpcare bill they are drafting. This is unacceptable and irresponsible — Americans deserve transparency. I will continue fighting to ensure families’ health care is protected.","2017-06-20T21:25:41+0000","photo","https://www.facebook.com/doris.matsui/photos/a.310057723118.145346.282703023118/10155405570923119/?type=3","282703023118_10155405570923119",NA,88,6,5
"282703023118","Congresswoman Doris O. Matsui","Today, we mark the fifth anniversary of the DACA program, which has helped protect nearly 790,000 young people from deportation. Because of DACA, DREAMers have been able to work, go to school, and pursue their American dream. We must protect this critical program.  https://www.nytimes.com/interactive/projects/storywall/american-dreamers/","2017-06-15T20:08:33+0000","link","https://www.nytimes.com/interactive/projects/storywall/american-dreamers/","282703023118_10155390146178119",NA,63,21,8
"282703023118","Congresswoman Doris O. Matsui","I am shocked and saddened by the horrific attack this morning at a practice for the annual Congressional Baseball Game. The bravery of our Capitol Police and all of the first responders saved lives, and we are grateful for their heroism today and every day. My thoughts and prayers are with Congressman Scalise, my Congressional colleagues, their staff, the Capitol Police, and all of those impacted by this heinous act of violence.","2017-06-14T15:57:37+0000","status",NA,"282703023118_10155386379568119",NA,85,10,5
"282703023118","Congresswoman Doris O. Matsui","Today we honor and remember the 49 innocent lives lost at Pulse Nightclub, and commit to disarming hate. #OrlandoUnitedDay","2017-06-12T23:14:39+0000","photo","https://www.facebook.com/doris.matsui/photos/a.310057723118.145346.282703023118/10155380691483119/?type=3","282703023118_10155380691483119",NA,39,4,0
"282703023118","Congresswoman Doris O. Matsui","Every American should be deeply concerned about what we heard in the Senate Intelligence Committee hearing today. We are in the midst of a defining moment for our country and it is critically important that we follow the facts wherever they lead. In addition to the work of special counsel Mueller, we must also have an independent commission to get answers for the American people. The future of our democracy is at stake.","2017-06-08T19:54:12+0000","video","https://www.facebook.com/doris.matsui/videos/10155367806598119/","282703023118_10155367806598119",NA,161,17,17
"282703023118","Congresswoman Doris O. Matsui","11,000,000 lost their homes in the financial crisis. Now, Republicans want to put people at risk again. We must defeat the #WrongChoiceAct.","2017-06-06T20:58:47+0000","photo","https://www.facebook.com/doris.matsui/photos/a.310057723118.145346.282703023118/10155361498473119/?type=3","282703023118_10155361483633119",NA,37,6,6
"282703023118","Congresswoman Doris O. Matsui","Yesterday, I heard powerful stories from women veterans in Sacramento. We have come far, but we still have far to go in supporting our women veterans. Thank you to all the women who joined me and for sharing your stories.","2017-06-03T20:03:41+0000","photo","https://www.facebook.com/doris.matsui/photos/a.310057723118.145346.282703023118/10155351050588119/?type=3","282703023118_10155351050588119",NA,79,2,7
"282703023118","Congresswoman Doris O. Matsui","Today, President Trump confirmed that he will withdraw the U.S. from the Paris climate agreement. In doing so, the President is damaging the economic security and environmental health of our communities. Despite his reckless decision to abandon U.S. climate leadership, we must keep fighting to #ActOnClimate and protect our planet so that our children and grandchildren have access to a safe and healthy future.","2017-06-01T20:20:51+0000","status",NA,"282703023118_10155344817563119",NA,171,25,29
"282703023118","Congresswoman Doris O. Matsui","Withdrawing from the Paris Agreement puts the future of our country and our world at risk.  https://www.nytimes.com/2017/05/31/climate/trump-quits-paris-climate-accord.html?hp&action=click&pgtype=Homepage&clickSource=story-heading&module=first-column-region&region=top-news&WT.nav=top-news","2017-05-31T16:15:31+0000","link","https://www.nytimes.com/2017/05/31/climate/trump-quits-paris-climate-accord.html?hp&action=click&pgtype=Homepage&clickSource=story-heading&module=first-column-region&region=top-news&WT.nav=top-news","282703023118_10155341072548119",NA,53,14,8
"282703023118","Congresswoman Doris O. Matsui","This Memorial Day, we honor the brave men and women who have lost their lives defending our country. We will never forget their sacrifices.","2017-05-29T16:45:59+0000","status",NA,"282703023118_10155335019578119",NA,85,4,1
"282703023118","Congresswoman Doris O. Matsui","It was an honor to join my colleagues and community service advocates for today’s ACTION for National Service Act rollout. National Service is an investment in America. Our goal with ACTION for National Service is to have 1 million service members, serving at one time. #ACTION4Service.","2017-05-25T14:59:35+0000","photo","https://www.facebook.com/doris.matsui/photos/a.310057723118.145346.282703023118/10155322220058119/?type=3","282703023118_10155322220058119","Congresswoman Doris O. Matsui with John Lewis and 2 others.",45,3,4
"282703023118","Congresswoman Doris O. Matsui","The Congressional Budget Office confirmed today that millions of families would lose health coverage under Trumpcare. House Republicans passed their reckless bill without listening to their constituents about how harmful it would be, and without an independent analysis of its effects. Now, we learn that the last minute, backroom changes made to the bill right before passage would still leave Americans behind. Health insurance would be ripped away from 23 million Americans, more than $800 billion would be cut from Medicaid, and people with pre-existing conditions and those nearing retirement age would be charged exorbitantly more. #TrumpCare must be stopped.","2017-05-24T23:46:32+0000","photo","https://www.facebook.com/doris.matsui/photos/a.310057723118.145346.282703023118/10155320385828119/?type=3","282703023118_10155320385828119",NA,19,10,7
"282703023118","Congresswoman Doris O. Matsui","It was great meeting with NAPABA - National Asian Pacific American Bar Association yesterday. Thank you for stopping by my office!","2017-05-24T15:01:12+0000","photo","https://www.facebook.com/doris.matsui/photos/a.310057723118.145346.282703023118/10155318718458119/?type=3","282703023118_10155318718458119",NA,70,4,5
"282703023118","Congresswoman Doris O. Matsui","President Trump’s proposed budget callously neglects the needs of hardworking families and America’s future. Our country won’t become more prosperous by leaving people behind. We must remain a leader in breaking down barriers to innovation, curing diseases, and ensuring that our children and grandchildren have a solid foundation from which to succeed. I will keep fighting for a budget that honors that commitment to the American people.","2017-05-23T17:17:18+0000","photo","https://www.facebook.com/doris.matsui/photos/a.310057723118.145346.282703023118/10155315994523119/?type=3","282703023118_10155315994523119",NA,35,8,12
"282703023118","Congresswoman Doris O. Matsui","Today, President Trump's FCC is starting the process to overturn #NetNeutrality. I’ll keep fighting to save your access to a free & open internet.","2017-05-18T17:02:50+0000","photo","https://www.facebook.com/doris.matsui/photos/a.310057723118.145346.282703023118/10155299550368119/?type=3","282703023118_10155299550368119",NA,122,6,12
"282703023118","Congresswoman Doris O. Matsui","This is an important and long overdue step in what needs to be an ongoing and independent effort to investigate Trump-Russia ties. Former Director Mueller must have complete independence and the proper resources to carry out this investigation. As we move forward, Congress must continue to follow the facts.  https://www.nytimes.com/2017/05/17/us/politics/robert-mueller-special-counsel-russia-investigation.html?hp&action=click&pgtype=Homepage&clickSource=story-heading&module=span-ab-top-region&region=top-news&WT.nav=top-news&_r=0","2017-05-18T12:35:25+0000","link","https://www.nytimes.com/2017/05/17/us/politics/robert-mueller-special-counsel-russia-investigation.html?hp&action=click&pgtype=Homepage&clickSource=story-heading&module=span-ab-top-region&region=top-news&WT.nav=top-news&_r=0","282703023118_10155298747193119",NA,71,10,5
"282703023118","Congresswoman Doris O. Matsui","I’m joining my colleagues in the Congressional Asian Pacific American Caucus (CAPAC) and Asian Americans and Pacific Islanders in my district to celebrate the accomplishments and contributions of AAPIs this May. Happy Asian Pacific American Heritage Month!","2017-05-16T14:33:40+0000","video","https://www.facebook.com/doris.matsui/videos/10155292068143119/","282703023118_10155292068143119",NA,89,4,3
"282703023118","Congresswoman Doris O. Matsui","Happy Mother's Day to all of the amazing moms in Sacramento and across the country!","2017-05-14T16:56:50+0000","photo","https://www.facebook.com/doris.matsui/photos/a.310057723118.145346.282703023118/10155285852448119/?type=3","282703023118_10155285852448119",NA,65,4,2
"282703023118","Congresswoman Doris O. Matsui","Joined Sacramento Metropolitan Air Quality Management District and The California Air Resources Board today to celebrate the deployment of 29 electric school buses that will serve students in the Sacramento region. This is the largest deployment of its kind in the country!","2017-05-12T19:22:01+0000","photo","https://www.facebook.com/doris.matsui/photos/a.310057723118.145346.282703023118/10155280173853119/?type=3","282703023118_10155280173853119",NA,64,3,5
"282703023118","Congresswoman Doris O. Matsui","The firing of Director Comey makes it more clear than ever that we need an independent investigation of Russian interference in our election. This goes beyond partisanship to the very foundation of our system of government. The American people deserve to know the truth.","2017-05-11T21:52:50+0000","status",NA,"282703023118_10155277606348119",NA,221,15,6
"282703023118","Congresswoman Doris O. Matsui","Congratulations to Piper Klinger, the winner of my Congressional Art Competition this year! And thank you to all of the talented students who participated.","2017-05-11T21:15:13+0000","photo","https://www.facebook.com/doris.matsui/photos/a.310057723118.145346.282703023118/10155277528343119/?type=3","282703023118_10155277532813119","Congresswoman Doris O. Matsui added 2 new photos — at Crocker Art Museum.",33,0,3
"282703023118","Congresswoman Doris O. Matsui","Great to be at the “The Great Race to Promontory” 150th Anniversary celebration in Old Sacramento today. We celebrated our rich rail history and marked our city’s continued efforts to build transportation networks of the future.","2017-05-10T20:17:02+0000","photo","https://www.facebook.com/doris.matsui/photos/a.310057723118.145346.282703023118/10155274399603119/?type=3","282703023118_10155274399603119",NA,95,6,1
"282703023118","Congresswoman Doris O. Matsui","Honored to have art from Fern Bacon in my office for Sacramento City Unified School District's Art of Compassion project, thanks for sharing this beautiful work!","2017-05-09T19:22:31+0000","photo","https://www.facebook.com/doris.matsui/photos/a.310057723118.145346.282703023118/10155270890113119/?type=3","282703023118_10155270890113119",NA,44,0,1
"282703023118","Congresswoman Doris O. Matsui","House Republicans and President Trump turned their backs on the American people today with #TrumpCare passage.  http://matsui.house.gov/?press-release-type=matsui-denounces-house-republican-passage-trumpcare","2017-05-04T21:04:30+0000","link","http://matsui.house.gov/?press-release-type=matsui-denounces-house-republican-passage-trumpcare","282703023118_10155256126838119",NA,182,36,31
"282703023118","Congresswoman Doris O. Matsui","House Republicans are planning a vote on #TrumpCare today, putting the coverage of millions of people on the line. I’ll be voting NO.","2017-05-04T16:58:55+0000","video","https://www.facebook.com/doris.matsui/videos/10155255532433119/","282703023118_10155255532433119",NA,208,69,15
"282703023118","Congresswoman Doris O. Matsui","#TrumpCare means higher costs and less protections for American families – yet Republicans are rushing to pass it. Unbelievable.","2017-05-04T15:16:02+0000","photo","https://www.facebook.com/doris.matsui/photos/a.310057723118.145346.282703023118/10155255263928119/?type=3","282703023118_10155255263928119",NA,44,13,48
"282703023118","Congresswoman Doris O. Matsui",NA,"2017-05-04T14:11:40+0000","video","https://www.facebook.com/housebudgetdems/videos/10154671801774952/","282703023118_10155255085758119","Congresswoman Doris O. Matsui shared House Budget Committee Democrats's live video.",48,26,0
"282703023118","Congresswoman Doris O. Matsui","#TrumpCare would be devastating for people with pre-existing conditions, yet House Republicans continue to try and push it through Congress. I will continue to fight this damaging proposal.   https://www.nytimes.com/2017/05/02/health/obamacare-patients-preexisting-conditions.html?smid=tw-share&_r=0","2017-05-03T21:09:47+0000","link","https://www.nytimes.com/2017/05/02/health/obamacare-patients-preexisting-conditions.html?smid=tw-share&_r=0","282703023118_10155253122733119",NA,64,8,12
"282703023118","Congresswoman Doris O. Matsui","May is Mental Health Awareness Month. Today, I’m wearing a green ribbon as a symbol of the importance of increasing access to mental health services in our communities and ending stigma. #mhm2017 #EndStigma","2017-05-02T21:00:11+0000","photo","https://www.facebook.com/doris.matsui/photos/a.310057723118.145346.282703023118/10155249888328119/?type=3","282703023118_10155249888328119",NA,138,10,12
"282703023118","Congresswoman Doris O. Matsui","Thank you Jimmy Kimmel for reminding us why we must fight efforts to cut off protections for pre-existing conditions.   https://goo.gl/VEJ3xA","2017-05-02T18:45:41+0000","video","https://goo.gl/VEJ3xA","282703023118_10155249593543119",NA,188,3,11
"282703023118","Congresswoman Doris O. Matsui","I signed on to a letter to President Trump condemning #100days of attacks on women's health: http://houseprochoicecaucus-degette.house.gov/sites/houseprochoicecaucus.house.gov/files/Pro%20Choice%20Caucus%20100%20Days%20Letter.pdf …","2017-05-01T20:41:20+0000","photo","https://www.facebook.com/doris.matsui/photos/a.310057723118.145346.282703023118/10155246719253119/?type=3","282703023118_10155246719253119",NA,78,3,2
"282703023118","Congresswoman Doris O. Matsui",NA,"2017-04-28T18:10:30+0000","video","https://www.facebook.com/HouseDemocrats/videos/10155154608733548/","282703023118_10155235753433119","Congresswoman Doris O. Matsui shared House Democrats's video.",33,1,0
"282703023118","Congresswoman Doris O. Matsui","Across the board, President Trump’s first 100 days have been marked by nothing but broken promises. Instead of creating jobs, he has made it a priority to repeatedly push for a #TrumpCare bill that will increase costs for families.   Watch my full floor statement here on President Trump's first 100 days:  https://www.c-span.org/video/?c4667313/president-trumps-100-days","2017-04-26T22:47:31+0000","link","https://www.c-span.org/video/?c4667313%2Fpresident-trumps-100-days","282703023118_10155229990093119",NA,88,5,6
"282703023118","Congresswoman Doris O. Matsui","Happening Now: I’m standing with Energy and Commerce Democrats and FCC Commissioner Clyburn against the Trump Administration’s announcement that they plan to dismantle #NetNeutrality. Without strong net neutrality, we’ll have fast lanes and slow lanes on the internet that create a two-tiered system of access to information. That’s unacceptable, and I will continue to fight for a free and open internet for all.","2017-04-26T20:59:22+0000","video","https://www.facebook.com/energyandcommercedemocrats/videos/651742018363653/","282703023118_10155229790848119","Congresswoman Doris O. Matsui shared Energy & Commerce Committee Democrats's live video.",86,8,0
"282703023118","Congresswoman Doris O. Matsui","Happy #EarthDay! Today, and every day, we must continue our efforts to combat climate change and protect our environment. The health and well-being of future generations depend on our nation remaining a leader in curbing carbon pollution.","2017-04-22T18:22:35+0000","photo","https://www.facebook.com/doris.matsui/photos/a.310057723118.145346.282703023118/10155217487898119/?type=3","282703023118_10155217487898119",NA,98,5,2
"282703023118","Congresswoman Doris O. Matsui","Inspired by my discussion with women leaders today about how we can bring more women into leadership positions in Sacramento.","2017-04-20T20:01:48+0000","photo","https://www.facebook.com/doris.matsui/photos/a.310057723118.145346.282703023118/10155211240658119/?type=3","282703023118_10155211240658119",NA,93,6,7
"282703023118","Congresswoman Doris O. Matsui","It was great to be at the Sacramento Native American Health Center, Inc. yesterday to celebrate its grand reopening! The Affordable Care Act’s expansion of Medicaid is essential for community health centers like SNAHC.","2017-04-20T16:13:56+0000","video","https://www.facebook.com/doris.matsui/videos/10155210673978119/","282703023118_10155210673978119","Congresswoman Doris O. Matsui at Sacramento Native American Health Center, Inc..",129,3,21
"282703023118","Congresswoman Doris O. Matsui","Congressman Devin Nunes' recusal is an important step. But we need an independent commission to investigate the Trump-Russia connection. #FollowTheFacts  http://www.politico.com/story/2017/04/nunes-to-step-aside-from-russia-probe-236951","2017-04-06T19:19:36+0000","link","http://www.politico.com/story/2017/04/nunes-to-step-aside-from-russia-probe-236951","282703023118_10155164011168119",NA,129,20,4
"282703023118","Congresswoman Doris O. Matsui","The American people have been clear – it’s time to #DemandAVote and finally reveal President Trump's tax returns.","2017-04-05T17:58:34+0000","photo","https://www.facebook.com/doris.matsui/photos/a.310057723118.145346.282703023118/10155160146923119/?type=3","282703023118_10155160146923119",NA,124,13,8
"282703023118","Congresswoman Doris O. Matsui","Today, the Energy & Commerce Subcommittee on Environment held a hearing on the EPA’s Brownfields program, which helps communities clean up polluted properties. The Brownfields program has had a significant impact on redevelopment in both the Cities of Sacramento and West Sacramento. Funds from the program have facilitated projects like the Warehouse Artist Lofts at the center of Sacramento’s Historic R Street Corridor. We need to keep providing federal funding for this important program that promotes development and job creation, while protecting the environment and public health.","2017-04-04T22:23:25+0000","video","https://www.facebook.com/doris.matsui/videos/10155157544188119/","282703023118_10155157544188119",NA,51,3,5
"282703023118","Congresswoman Doris O. Matsui","On average, women STILL only make 80 cents to the $ of their male counterparts - this #EqualPayDay we MUST do more to close the pay gap!","2017-04-04T18:58:34+0000","video","https://www.facebook.com/doris.matsui/videos/10155157057733119/","282703023118_10155157057733119","Congresswoman Doris O. Matsui was live.",128,10,13
"282703023118","Congresswoman Doris O. Matsui","I introduced the CLIMATE Act today to protect the progress we've made on #climatechange. #ActOnClimate  http://matsui.house.gov/?press-release-type=reps-matsui-schneider-tonko-crist-introduce-climate-act-block-president-trumps-anti-environment-executive-order","2017-03-30T19:46:12+0000","link","http://matsui.house.gov/?press-release-type=reps-matsui-schneider-tonko-crist-introduce-climate-act-block-president-trumps-anti-environment-executive-order","282703023118_10155142266028119",NA,356,38,70
"282703023118","Congresswoman Doris O. Matsui","Great news: Sacramento was named a #NextInTech city! We’re continuing to grow our #innovation economy by making forward-thinking investments in things like driverless cars, communications infrastructure, and health IT.  http://technet.org/blog/how-the-startup-economy-is-spreading-across-the-country","2017-03-30T16:32:31+0000","link","http://technet.org/blog/how-the-startup-economy-is-spreading-across-the-country","282703023118_10155141886263119",NA,75,1,7
"282703023118","Congresswoman Doris O. Matsui","We need sustained federal investments in research that will lead to breakthroughs for devastating diseases like Alzheimer’s. Thank you Alzheimer's Association for your work to #ENDAlz and give families hope!","2017-03-29T17:34:08+0000","photo","https://www.facebook.com/doris.matsui/photos/a.310057723118.145346.282703023118/10155139303943119/?type=3","282703023118_10155139303943119",NA,79,4,7
"282703023118","Congresswoman Doris O. Matsui","ICYMI: My floor speech in opposition to SJ Res 34. I stand with consumers and their right to #privacy. Corporations should not be able to sell your personal information without your permission. #BroadbandPrivacy  https://www.c-span.org/video/?c4663994/floor-statement-opposition-sj-res-34","2017-03-28T21:15:48+0000","link","https://www.c-span.org/video/?c4663994%2Ffloor-statement-opposition-sj-res-34","282703023118_10155137238123119",NA,177,12,11
"282703023118","Congresswoman Doris O. Matsui","I’ll be voting NO on SJ Res 34, which strips away important #broadbandprivacy protections for consumers.","2017-03-28T17:18:23+0000","photo","https://www.facebook.com/doris.matsui/photos/a.310057723118.145346.282703023118/10155136717103119/?type=3","282703023118_10155136717103119",NA,110,9,8
"282703023118","Congresswoman Doris O. Matsui","Republicans withdrawing their #TrumpCare bill today is a victory for American families. Thank you to everyone for your calls, emails, and letters. Your voice matters!","2017-03-24T20:48:54+0000","status",NA,"282703023118_10155125327928119",NA,373,43,12
"282703023118","Congresswoman Doris O. Matsui","The #ACA saves lives. I’ll be voting NO on Republicans’ disastrous attempt to repeal it.","2017-03-24T19:00:38+0000","video","https://www.facebook.com/doris.matsui/videos/10155125079678119/","282703023118_10155125079678119",NA,181,15,8
"282703023118","Congresswoman Doris O. Matsui","Yesterday, I met with education researchers from UC Davis who also advocate on behalf of children with disabilities. Kirsten’s daughter wrote me this wonderful letter.Thank you for sharing your stories and passion with me!","2017-03-23T22:25:30+0000","photo","https://www.facebook.com/doris.matsui/photos/a.310057723118.145346.282703023118/10155122565738119/?type=3","282703023118_10155122565738119",NA,82,1,6
"282703023118","Congresswoman Doris O. Matsui","I'm fighting to #ProtectOurCare","2017-03-23T18:41:16+0000","video","https://www.facebook.com/doris.matsui/videos/10155122030503119/","282703023118_10155122030503119","Congresswoman Doris O. Matsui was live.",446,60,32
"282703023118","Congresswoman Doris O. Matsui","Reading letters from my constituents always gives me inspiration. Thank you to everyone who has written and shared your stories with me!","2017-03-22T23:11:32+0000","photo","https://www.facebook.com/doris.matsui/photos/a.310057723118.145346.282703023118/10155119433813119/?type=3","282703023118_10155119433813119",NA,207,13,11
"282703023118","Congresswoman Doris O. Matsui","Proud to stand with Vice President Joe Biden and my fellow Democrats today in opposition to Republican’s #PayMoreForLess repeal bill, that will mean higher costs and less coverage for the American people. We will keep fighting to #ProtectOurCare!","2017-03-22T17:45:30+0000","photo","https://www.facebook.com/doris.matsui/photos/a.310057723118.145346.282703023118/10155118647248119/?type=3","282703023118_10155118647248119",NA,189,17,10
"282703023118","Congresswoman Doris O. Matsui","This proposal reflects the President’s misguided values. Making massive cuts on the backs of hardworking families will only damage our country’s economic competitiveness. As Congress deliberates on this proposal from the President, I urge my colleagues to join me in fighting for a budget that makes real investments in our nation’s future.  https://www.washingtonpost.com/business/economy/trump-federal-budget-2018-massive-cuts-to-the-arts-science-and-the-poor/2017/03/15/0a0a0094-09a1-11e7-a15f-a58d4a988474_story.html?hpid=hp_hp-banner-main_b-budget-12am%3Ahomepage%2Fstory&utm_term=.00870211b862","2017-03-16T17:37:07+0000","link","https://www.washingtonpost.com/business/economy/trump-federal-budget-2018-massive-cuts-to-the-arts-science-and-the-poor/2017/03/15/0a0a0094-09a1-11e7-a15f-a58d4a988474_story.html?hpid=hp_hp-banner-main_b-budget-12am%3Ahomepage%2Fstory&utm_term=.00870211b862","282703023118_10155100051828119",NA,96,20,25
"282703023118","Congresswoman Doris O. Matsui","Rolling back fuel efficiency standards is dangerous to public health. These standards are saving consumers money at the pump, while reducing carbon pollution and making our air cleaner to breathe.   https://www.washingtonpost.com/news/innovations/wp/2017/03/15/trump-to-pull-back-epas-fuel-efficiency-determination-opening-the-door-for-reduced-standards/?utm_term=.8c38c0bfe68c","2017-03-15T19:38:26+0000","link","https://www.washingtonpost.com/news/innovations/wp/2017/03/15/trump-to-pull-back-epas-fuel-efficiency-determination-opening-the-door-for-reduced-standards/?utm_term=.8c38c0bfe68c","282703023118_10155096956078119",NA,41,19,14
"282703023118","Congresswoman Doris O. Matsui","The Congressional Budget Office has confirmed that the Republican #ACA repeal bill will lead to 24 million people losing their health insurance in America. The #PayMoreForLess bill will make extreme cuts to Medicaid, which will force states to ration long term care for seniors, mental health services, substance abuse treatment options, and care for vulnerable children in our communities. And the #ACA repeal bill takes money from the Medicare Trust Fund to provide tax cuts for the wealthy, leaving seniors in the cold. The American people deserve better. I will keep fighting to #ProtectOurCare.","2017-03-14T20:34:45+0000","photo","https://www.facebook.com/doris.matsui/photos/a.310057723118.145346.282703023118/10155093574243119/?type=3","282703023118_10155093574243119",NA,38,20,10
"282703023118","Congresswoman Doris O. Matsui","Thank you Sacramento Asian Pacific Chamber of Commerce and Region Business for having me today, it was great to see so many leaders from Sacramento in our nation’s capital!","2017-03-14T20:12:59+0000","photo","https://www.facebook.com/doris.matsui/photos/a.310057723118.145346.282703023118/10155093513568119/?type=3","282703023118_10155093513568119",NA,33,1,2
"282703023118","Congresswoman Doris O. Matsui","The Republican #ACA repeal bill is just another attempt by GOP to take reproductive health care choices away from women. I will continue to #StandWithPP. #ProtectOurCare","2017-03-09T17:20:07+0000","video","https://www.facebook.com/doris.matsui/videos/10155075803883119/","282703023118_10155075803883119",NA,236,17,31
"282703023118","Congresswoman Doris O. Matsui","We are Live on International Women’s Day to talk about the importance of women in business. #SheMeansBusiness","2017-03-08T22:45:27+0000","video","https://www.facebook.com/doris.matsui/videos/10155071702488119/","282703023118_10155071702488119","Congresswoman Doris O. Matsui was live.",186,12,22
"282703023118","Congresswoman Doris O. Matsui",NA,"2017-03-08T22:38:02+0000","photo","https://www.facebook.com/doris.matsui/photos/a.10150632259828119.402169.282703023118/10155071689788119/?type=3","282703023118_10155071690228119","Congresswoman Doris O. Matsui updated their cover photo.",63,0,4
"282703023118","Congresswoman Doris O. Matsui","Today, I'm joining House Democrats to wear red in solidarity with a #DayWithoutAWoman. #InternationalWomensDay","2017-03-08T18:19:23+0000","photo","https://www.facebook.com/doris.matsui/photos/a.310057723118.145346.282703023118/10155070965893119/?type=3","282703023118_10155070965893119",NA,138,3,5
"282703023118","Congresswoman Doris O. Matsui","The Republican’s #ACA repeal bill will do nothing but ration care and drive up costs for hard-working families across the country. There is so much on the line today for so many, and Republicans are ignoring what’s at stake for the American people. I will continue fighting to #ProtectOurCare and elevate your stories.","2017-03-08T17:10:43+0000","video","https://www.facebook.com/doris.matsui/videos/10155070781598119/","282703023118_10155070781598119",NA,188,35,29
"282703023118","Congresswoman Doris O. Matsui","Today, I’m carrying your stories with me as I fight to #ProtectOurCare against the Republican #ACA repeal plan – which will mean less coverage and fewer protections for families in California.   Watch live here: https://democrats-energycommerce.house.gov/committee-activity/markups/markup-of-republican-aca-repeal-bill-full-committee-march-8-2017","2017-03-08T16:11:28+0000","link","https://democrats-energycommerce.house.gov/committee-activity/markups/markup-of-republican-aca-repeal-bill-full-committee-march-8-2017","282703023118_10155070592193119",NA,93,4,8
"282703023118","Congresswoman Doris O. Matsui","The Republican #ACA repeal bill would slash funding to California and harm millions covered by Medicaid. #ProtectOurCare   https://www.nytimes.com/2017/03/06/upshot/gop-health-bill-would-cut-funding-for-poor-and-taxes-on-rich.html?_r=0&referer=https://t.co/vhHW6HDgTZ","2017-03-08T15:28:05+0000","link","https://www.nytimes.com/2017/03/06/upshot/gop-health-bill-would-cut-funding-for-poor-and-taxes-on-rich.html?_r=0&referer=https%3A%2F%2Ft.co%2FvhHW6HDgTZ","282703023118_10155070487048119",NA,24,6,6
"282703023118","Congresswoman Doris O. Matsui","I am deeply troubled to learn that it appears Attorney General Sessions lied under oath. If these allegations are true, he must resign immediately. These revelations only reinforce the urgent need for an independent investigation of senior Trump officials’ ties to Russia. We must follow the facts wherever they lead us. Only an independent, bipartisan investigation can be counted on to hold this Administration and Attorney General Sessions accountable. The American people deserve the truth.","2017-03-02T19:17:34+0000","status",NA,"282703023118_10155050611788119",NA,406,47,29
"282703023118","Congresswoman Doris O. Matsui","My guest for the President’s Address to Congress is Cameron, a local teacher at Valley High School whose life has been positively impacted by the Affordable Care Act. Some of Cameron's students from his class shared their ideas with me ahead of tonight’s speech. Thank you for sharing your views and being engaged!","2017-02-28T22:48:07+0000","video","https://www.facebook.com/doris.matsui/videos/10155045612398119/","282703023118_10155045612398119",NA,122,5,16
"282703023118","Congresswoman Doris O. Matsui","I’m signing on to Congressman Jerry Nadler #ResolutionofInquiry because the American people deserve answers on President Trump's business conflicts and Russia ties.","2017-02-27T18:15:31+0000","link","https://t.co/MTBrSMiTyF","282703023118_10155042562618119","Congresswoman Doris O. Matsui shared Congressman Jerry Nadler's post.",267,45,0
"282703023118","Congresswoman Doris O. Matsui","It was great to be at Sac Valley Station for its grand reopening today! The beautifully restored and renovated depot will serve as an important link in Sacramento’s transportation network.","2017-02-23T20:59:12+0000","photo","https://www.facebook.com/doris.matsui/photos/a.310057723118.145346.282703023118/10155032106613119/?type=3","282703023118_10155032106613119",NA,114,2,3
"282703023118","Congresswoman Doris O. Matsui","Great to be at today’s WellSpace Health center opening to celebrate an important addition to our region’s health care safety net.","2017-02-22T19:41:40+0000","photo","https://www.facebook.com/doris.matsui/photos/a.310057723118.145346.282703023118/10155029343248119/?type=3","282703023118_10155029343248119",NA,75,0,11
"282703023118","Congresswoman Doris O. Matsui","This February, we celebrate #BlackHistoryMonth, a time when we recognize the extraordinary contributions of African Americans throughout our nation’s history. As we look to the future, we must recommit to the work we have left to do together to ensure every person in this country can look forward to a just and equitable future.","2017-02-22T18:15:14+0000","video","https://www.facebook.com/doris.matsui/videos/10155029129833119/","282703023118_10155029129833119",NA,65,3,8
"282703023118","Congresswoman Doris O. Matsui","Thank you to everyone who came out today to discuss health care with me! I'll carry your stories and ideas with me as I continue to fight to #ProtectOurCare in Congress. Please continue to share your stories and ideas with me below.","2017-02-20T20:22:26+0000","photo","https://www.facebook.com/doris.matsui/photos/a.310057723118.145346.282703023118/10155024004843119/?type=3","282703023118_10155024068258119","Congresswoman Doris O. Matsui added 2 new photos.",293,23,26
"282703023118","Congresswoman Doris O. Matsui","I’m holding a community discussion this Monday, February 20 at Sutter Middle School in Sacramento to discuss how we can protect access to health care. The forum will begin at 10:30 AM (doors open at 10:00 AM). Your input will play an important role as I continue to fight for access to health care for all Americans. I hope you can join me!","2017-02-17T20:01:54+0000","photo","https://www.facebook.com/doris.matsui/photos/a.310057723118.145346.282703023118/10155014698123119/?type=3","282703023118_10155014698123119",NA,178,13,133
"282703023118","Congresswoman Doris O. Matsui","Speaker Ryan must allow an independent commission to investigate Russia’s influence on our election. #ProtectOurDemocracy   https://www.nytimes.com/2017/02/14/us/politics/russia-intelligence-communications-trump.html","2017-02-15T18:19:22+0000","link","https://www.nytimes.com/2017/02/14/us/politics/russia-intelligence-communications-trump.html","282703023118_10155005871448119",NA,104,17,28
"282703023118","Congresswoman Doris O. Matsui","With my Democratic women colleagues talking about #WhatWomenWant for #ValentinesDay: #equalpay, healthcare, paid family leave & child care - just to name a few!","2017-02-14T22:09:22+0000","photo","https://www.facebook.com/doris.matsui/photos/a.310057723118.145346.282703023118/10155003637368119/?type=3","282703023118_10155003637368119",NA,104,5,8
"282703023118","Congresswoman Doris O. Matsui","I am in contact with state and local authorities regarding the developing situation at Oroville, and have been assured that Sacramento and West Sacramento are not in danger.  I will continue to monitor developments closely — I urge all residents to do the same and to familiarize themselves with local emergency information and resources.","2017-02-13T05:47:53+0000","status",NA,"282703023118_10154999003403119",NA,247,17,37
"282703023118","Congresswoman Doris O. Matsui","I am a Co-Chair of the The Congressional Task Force on Seniors, and I’m committed to fighting on behalf of older Americans. The Seniors Task Force knows that #SeniorsWontBeSilent while Republicans go after the benefits they have earned and depend on. We’ll be standing right alongside them demanding #CareNotCuts","2017-02-09T15:05:04+0000","video","https://www.facebook.com/SeniorsTaskForce/videos/1342276609129006/","282703023118_10154988967093119","Congresswoman Doris O. Matsui shared The Congressional Task Force on Seniors's live video.",171,12,0
"282703023118","Congresswoman Doris O. Matsui","Technology plays a role in nearly every sector of our economy, so we need to make sure every citizen can participate in the promise of this new economic landscape. That means expanding access to broadband, bolstering our digital infrastructure and providing innovative job training and education solutions for the American workforce.   Read my full op-ed in The Hill about building a foundation for digital inclusion: http://thehill.com/opinion/op-ed/318393-a-foundation-for-digital-inclusion","2017-02-08T16:29:12+0000","link","http://thehill.com/opinion/op-ed/318393-a-foundation-for-digital-inclusion","282703023118_10154986476023119",NA,31,2,3
"282703023118","Congresswoman Doris O. Matsui","It is disgraceful that Senate Republicans silenced U.S. Senator Elizabeth Warren simply because she wanted to read a letter from Coretta Scott King. #LetLizSpeak","2017-02-08T14:13:38+0000","photo","https://www.facebook.com/doris.matsui/photos/a.310057723118.145346.282703023118/10154986169003119/?type=3","282703023118_10154986169003119",NA,345,29,127
"282703023118","Congresswoman Doris O. Matsui","Today, I issued the following statement on FCC Chairman Ajit Pai’s announcement that he will be restricting a federal program that helps provide affordable Internet access to low-income families:   “Weakening this program means a child doing their homework online or researching a school project may be left without the resources they need to succeed. I’m disappointed that Chairman Pai has prioritized attacks on the tools that help so many families compete in our digital economy. Gutting programs that support the most vulnerable Americans is no way to move our country forward and close the digital divide.”","2017-02-03T22:46:44+0000","status",NA,"282703023118_10154973085423119",NA,148,25,22
"282703023118","Congresswoman Doris O. Matsui","Special Immigrant Visa holders bravely helped our troops in Afghanistan. We must ensure that when they and their families come to our country to escape retaliation, they are able to settle in our communities safely and with dignity. Today, Congressman Earl Blumenauer and I convened a round table with refugee advocates to discuss ways we can best help these immigrants who have already given so much. Thank you to all of our participants in today's discussion, and for your continued dedication to this important work.","2017-02-03T20:53:20+0000","photo","https://www.facebook.com/doris.matsui/photos/a.310057723118.145346.282703023118/10154972855598119/?type=3","282703023118_10154972855598119",NA,108,13,4
"282703023118","Congresswoman Doris O. Matsui","Yesterday, House Republicans voted against keeping guns out of the hands of the severely mentally ill. They’re willing to trade the safety of communities for cash from the gun lobby.    http://www.npr.org/2017/02/02/513126985/house-votes-to-overturn-obama-rule-restricting-gun-sales-to-mentally-ill","2017-02-03T17:57:10+0000","link","http://www.npr.org/2017/02/02/513126985/house-votes-to-overturn-obama-rule-restricting-gun-sales-to-mentally-ill","282703023118_10154972482023119",NA,82,40,127
"282703023118","Congresswoman Doris O. Matsui","The Republicans have been saying for 7 years that they have a ""better way"" for our health care system, but today in the House Energy & Commerce Health Subcommittee, they offered no viable solutions for American families. We must fight to #ProtectOurCare.","2017-02-02T20:17:25+0000","video","https://www.facebook.com/doris.matsui/videos/10154969697038119/","282703023118_10154969697038119",NA,200,26,28
"282703023118","Congresswoman Doris O. Matsui","Thank you to everyone who came out to stand in front of the Supreme Court tonight to join Congressional Democrats in demanding President Trump reverse his divisive and harmful executive order!","2017-01-31T01:46:36+0000","photo","https://www.facebook.com/doris.matsui/photos/a.310057723118.145346.282703023118/10154960966888119/?type=3","282703023118_10154960978463119","Congresswoman Doris O. Matsui added 2 new photos.",300,26,19
"282703023118","Congresswoman Doris O. Matsui","I’m cosponsoring the SOLVE Act being introduced today that would rescind Trump’s harmful & immoral #MuslimBan. We must protect our proud immigrant tradition. #RefugeesWelcome","2017-01-30T17:56:55+0000","link","http://huff.to/2k9gbuN","282703023118_10154959618788119","Congresswoman Doris O. Matsui shared Representative Zoe Lofgren's post.",306,31,0
"282703023118","Congresswoman Doris O. Matsui","I issued the following statement in response to the executive order targeting Muslims and refugees signed by President Trump yesterday:   “A sweeping denial of refuge to families facing persecution and bloodshed abroad is not an effective way to protect our citizens. My first priority is always the safety of the American people, and to be clear, refugees already undergo more rigorous security screenings than any other traveler or immigrant to the U.S.     “President Trump’s decision to target immigrants from Muslim-majority countries goes against the essential right to religious liberty that is a founding principle of our nation.    “We can, and we must, protect Americans while also recognizing the basic humanity of all people.”","2017-01-28T14:41:02+0000","status",NA,"282703023118_10154953531753119",NA,618,66,67
"282703023118","Congresswoman Doris O. Matsui","Pleased to announce five wonderful Vice Chairs to The Congressional Task Force on Seniors!","2017-01-26T15:09:55+0000","link","https://www.facebook.com/SeniorsTaskForce/posts/1329782470378420","282703023118_10154948201873119","Congresswoman Doris O. Matsui shared The Congressional Task Force on Seniors's post.",27,0,0
"282703023118","Congresswoman Doris O. Matsui","Wasting billions of dollars to put up walls and targeting cities protecting the most vulnerable does nothing but sharpen divisions. We should be working to pass comprehensive immigration reform, not pushing through symbolic attacks that drain resources and put a strain on our local law enforcement. The President’s executive actions today blatantly disregard the contributions millions of immigrants make in our communities.    http://www.latimes.com/politics/la-na-pol-trump-immigration-20170125-story.html","2017-01-25T22:29:13+0000","link","http://www.latimes.com/politics/la-na-pol-trump-immigration-20170125-story.html","282703023118_10154946100698119",NA,288,59,54
"282703023118","Congresswoman Doris O. Matsui","Today I spoke on the House floor against H.R. 7, which is just another attempt by House Republicans to restrict women’s reproductive health choices. We will not be silent as Republicans interfere with a woman’s Constitutional right to choose. #WomenAreWatching","2017-01-24T18:37:51+0000","video","https://www.facebook.com/doris.matsui/videos/10154940612428119/","282703023118_10154940612428119",NA,948,116,193
"282703023118","Congresswoman Doris O. Matsui","After campaigning on a plan that would leave 32 million without health insurance, President Trump is raising the stakes once again. And this time, his attempt to cut Medicaid could leave 21 million Americans in the cold. https://goo.gl/eaDc7d","2017-01-23T21:54:38+0000","link","https://goo.gl/eaDc7d","282703023118_10154936642658119",NA,40,21,39
"282703023118","Congresswoman Doris O. Matsui","This #MLKDay we commit to continuing Dr. Martin Luther King, Jr.'s pursuit of love, opportunity, and equality for all. #MLK365","2017-01-16T17:45:51+0000","photo","https://www.facebook.com/doris.matsui/photos/a.310057723118.145346.282703023118/10154912179758119/?type=3","282703023118_10154912179758119",NA,174,22,9
"282703023118","Congresswoman Doris O. Matsui",NA,"2017-01-13T22:19:53+0000","video","https://www.facebook.com/SeniorsTaskForce/videos/1317641198259214/","282703023118_10154903944713119","Congresswoman Doris O. Matsui shared The Congressional Task Force on Seniors's video.",81,13,0
"282703023118","Congresswoman Doris O. Matsui","I joined House Democratic Leader Nancy Pelosi, Jan Schakowsky, members of The Congressional Task Force on Seniors, and advocates today to send a message to House Republicans about the devastating impact an ACA repeal would have on seniors.    Thanks to the ACA, the Medicare Trust Fund is stronger than ever. Medicare enrollees now have lower prescription drug costs, free preventive services, and more coordinated care.   As a Co-Chair of the Seniors Task Force, I will continue to fight back against Republican attempts to devastate the well-being of seniors and their families through an ACA repeal. #ProtectOurCare","2017-01-12T21:42:10+0000","photo","https://www.facebook.com/doris.matsui/photos/a.310057723118.145346.282703023118/10154900534703119/?type=3","282703023118_10154900534703119",NA,177,20,27
"282703023118","Congresswoman Doris O. Matsui",NA,"2017-01-12T18:58:20+0000","video","https://www.facebook.com/NancyPelosi/videos/10155134617059384/","282703023118_10154900077513119","Congresswoman Doris O. Matsui shared House Democratic Leader Nancy Pelosi's live video.",28,1,0
"282703023118","Congresswoman Doris O. Matsui","It was great meeting with Wendy Spencer yesterday, who has served as the leader of the Corporation for National and Community Service throughout President Obama’s administration. CNCS encourages millions of Americans to serve through programs like AmeriCorps. Wendy’s leadership has made an enormous impact on the lives of volunteers and the communities in which they serve. Thank you Wendy!","2017-01-11T23:14:44+0000","photo","https://www.facebook.com/doris.matsui/photos/a.310057723118.145346.282703023118/10154895981823119/?type=3","282703023118_10154895981823119",NA,91,3,4
"282703023118","Congresswoman Doris O. Matsui","The forecast for Sacramento anticipates continued rain storms in the days ahead. As always, I encourage all residents to be vigilant and remain aware of information provided by local, state, and federal authorities.  https://www.facebook.com/NWSSacramento/","2017-01-06T19:47:47+0000","link","https://www.facebook.com/NWSSacramento/","282703023118_10154881126308119","Congresswoman Doris O. Matsui shared a Page.",34,1,0
"282703023118","Congresswoman Doris O. Matsui","Today, I sent a letter to House Speaker Paul Ryan with 58 House Democratic women calling for an end to attacks on women’s health and medical research. Read the full letter here: https://matsui.house.gov/press-releases/matsui-leads-over-50-democratic-women-in-calling-on-speaker-ryan-to-cease-attacks-on-womens-health-and-medical-research/","2017-01-06T18:42:55+0000","link","https://matsui.house.gov/press-releases/matsui-leads-over-50-democratic-women-in-calling-on-speaker-ryan-to-cease-attacks-on-womens-health-and-medical-research/","282703023118_10154880966118119",NA,711,67,92
"282703023118","Congresswoman Doris O. Matsui","By repealing the #ACA, House Republicans are replacing care with chaos for millions of Americans. Share your story with me of how you have benefitted from the #ACA so we can remind Republicans what’s at stake. #ACAWorks #ProtectOurCare #PeoplesHouse","2017-01-04T16:46:56+0000","photo","https://www.facebook.com/doris.matsui/photos/a.310057723118.145346.282703023118/10154874223588119/?type=3","282703023118_10154874223588119",NA,76,47,20
