"from_id","from_name","message","created_time","type","link","id","story","likes_count","comments_count","shares_count"
"177551525610164","Jaime Herrera Beutler","So pleased the President just signed this bill into law!","2017-06-23T20:45:21+0000","photo","https://www.facebook.com/herrerabeutler/photos/a.185529758145674.40382.177551525610164/1578005892231380/?type=3","177551525610164_1589585117740124","Jaime Herrera Beutler shared their photo.",58,21,0
"177551525610164","Jaime Herrera Beutler","I’d love to hear from you! Residents of Southwest Washington, please join me for a live telephone town hall on Tuesday, June 27th at 5:15pm. You can sign up to receive a call to join the telephone town hall by visiting www.jhb.house.gov and entering your contact information. You can also join at any time during the event by calling 1-877-229-8493 and using the passcode 116365.","2017-06-23T19:20:11+0000","status",NA,"177551525610164_1589521757746460",NA,52,92,59
"177551525610164","Jaime Herrera Beutler","One of the fun, annual events the family gets to attend while Congress is in session voting is the White House Picnic. The cotton candy was a family favorite.","2017-06-23T15:09:32+0000","photo","https://www.facebook.com/herrerabeutler/photos/a.185529758145674.40382.177551525610164/1589284407770195/?type=3","177551525610164_1589284407770195",NA,175,28,2
"177551525610164","Jaime Herrera Beutler","It’s imperative to the future of the country that we provide students with a quality education and opportunities to succeed in our 21st Century economy. I am pleased to join my colleagues in the House today to pass the ""Strengthening Career and Technical Education for the 21st Century Act"" which supports state and local career and technical education programs. Proud of the hard work and dedication of the three career and technical colleges in Southwest Washington: Lower Columbia, Centralia, and Clark.","2017-06-22T19:46:13+0000","photo","https://www.facebook.com/herrerabeutler/photos/a.185529758145674.40382.177551525610164/1588515794513723/?type=3","177551525610164_1588515794513723",NA,48,14,3
"177551525610164","Jaime Herrera Beutler","Protecting the Columbia River Basin from invasive species of mussels that threaten our fisheries and hydropower infrastructure is a top priority. Today, I joined my colleagues in a bipartisan effort requesting Secretary Ryan Zinke maximize federal resources to address this issue. Read more about our efforts here: https://goo.gl/L9cXtL","2017-06-21T21:36:08+0000","link","https://goo.gl/L9cXtL","177551525610164_1587429347955701",NA,38,17,0
"177551525610164","Jaime Herrera Beutler","With the recent tunnel collapse at Hanford as a reminder of its importance, I was pleased to have the opportunity today to ask Energy Secretary Rick Perry for his commitment to partner together on Hanford cleanup. We must continue to ensure the federal government lives up to its obligation in cleaning up Hanford in a safe and effective manner.","2017-06-20T21:48:20+0000","status",NA,"177551525610164_1586327668065869",NA,77,25,3
"177551525610164","Jaime Herrera Beutler","Parents – this is an awesome opportunity for your kiddos! Children enrolled in 4th grade for the 2016-17 school year are eligible for an ""Every Kid in a Park"" which provides free entry onto federal public lands. For more info, visit www.everykidinapark.gov","2017-06-19T18:35:58+0000","link","http://www.everykidinapark.gov/","177551525610164_1585029064862396",NA,48,11,30
"177551525610164","Jaime Herrera Beutler","To all the dads, thank you! And a special thank you to my husband, an amazing father: http://www.oregonlive.com/politics/index.ssf/2017/06/fathers_day_meet_dan_beutler_a.html","2017-06-18T16:51:44+0000","link","http://www.oregonlive.com/politics/index.ssf/2017/06/fathers_day_meet_dan_beutler_a.html","177551525610164_1583842341647735",NA,262,15,11
"177551525610164","Jaime Herrera Beutler","Thank you, Disabled American Veterns, for your strong support for women veterans and these critical provisons.","2017-06-16T20:35:00+0000","link","https://herrerabeutler.house.gov/news/documentsingle.aspx?DocumentID=398906","177551525610164_1581705581861411","Jaime Herrera Beutler shared DAV's post.",61,9,0
"177551525610164","Jaime Herrera Beutler","Women have served our country courageously and it’s high time we ensure they receive the specialized care they need, specifically, maternity and mental health care. Pleased to see several of my provisions were included in our VA funding bill and passed out of Appropriations Committee today. We also increased funding at the VA by $5.3 billion. Read more here: https://goo.gl/LY1dAe","2017-06-15T21:42:43+0000","photo","https://www.facebook.com/herrerabeutler/photos/a.185529758145674.40382.177551525610164/1580640815301221/?type=3","177551525610164_1580640815301221",NA,89,14,7
"177551525610164","Jaime Herrera Beutler","First full committee markup — just passed our veteran-care spending bill. Increased funding for the VA & some good measures approved thinking specifically of our Southwest Washington veterans.","2017-06-15T19:16:57+0000","photo","https://www.facebook.com/herrerabeutler/photos/a.185529758145674.40382.177551525610164/1580521991979770/?type=3","177551525610164_1580521991979770",NA,56,13,5
"177551525610164","Jaime Herrera Beutler","My thoughts and prayers are with Congressman Steve Scalise, Capitol Police and all others affected by this morning’s shooting. The facts are still coming in, but it sounds like there were some heroic acts of bravery. Praying for peace & healing for all.","2017-06-14T13:43:43+0000","status",NA,"177551525610164_1578909168807719",NA,139,24,7
"177551525610164","Jaime Herrera Beutler","I work for veterans. I take that job seriously and am always pleased to see bills come to the House floor that support our military heroes – like this VA accountability act that we passed today. America’s veterans deserve the highest quality medical care and part of that care means ensuring underperforming VA employees are held accountable. Now this bill goes to the President!","2017-06-13T23:38:34+0000","photo","https://www.facebook.com/herrerabeutler/photos/a.185529758145674.40382.177551525610164/1578005892231380/?type=3","177551525610164_1578005892231380",NA,33,13,5
"177551525610164","Jaime Herrera Beutler","I am very concerned by the dwindling health care options for folks in Klickitat County. I’m supporting a bill that would provide immediate relief to those residents who will lose health insurance coverage in 2018. I also sent a letter today to WA Insurance Commissioner urging him to find an immediate solution for residents of rural counties. You can learn more about the bill and read the letter I sent here: https://herrerabeutler.house.gov/news/documentsingle.aspx?DocumentID=398902","2017-06-13T19:38:45+0000","link","https://herrerabeutler.house.gov/news/documentsingle.aspx?DocumentID=398902","177551525610164_1577798795585423",NA,68,55,8
"177551525610164","Jaime Herrera Beutler","Thank you, CNN Politics and Dana Bash, for telling our story. It’s our desire that other families who are facing complex medical diagnoses or a challenging obstacle will have hope. Dan and I are so thankful for the team who have supported us every step of the way.","2017-06-12T15:13:08+0000","link","http://www.cnn.com/2017/06/12/politics/jaime-herrera-beutler-badass-women-of-washington/index.html","177551525610164_1576427429055893",NA,209,44,36
"177551525610164","Jaime Herrera Beutler","Proud to have the NWPCC’s support for my bill which protects the investments being made in salmon recovery on the Columbia River by ratepayers. https://goo.gl/6kNEPf","2017-06-09T16:31:09+0000","link","https://goo.gl/6kNEPf","177551525610164_1573385819360054",NA,46,11,0
"177551525610164","Jaime Herrera Beutler","Thank you, Coastal Conservation Association Washington, for your strong letter of support for my bill, Endangered Salmon and Fisheries Predation Act. I appreciate your partnership in this critical issue of salmon recovery in Southwest Washington. goo.gl/YVo8gs","2017-06-08T21:13:46+0000","link","https://herrerabeutler.house.gov/UploadedFiles/CCA_Letter_of_Support.pdf","177551525610164_1572502756115027",NA,135,19,10
"177551525610164","Jaime Herrera Beutler","Grateful to have Leland Bill, Chairman of the Columbia River Inter-Tribal Fish Commission and a member of the Yakama Nation Tribal Council, join me in testifying in support of my bill at today's hearing.","2017-06-08T17:33:54+0000","photo","https://www.facebook.com/herrerabeutler/photos/a.185529758145674.40382.177551525610164/1572334886131814/?type=3","177551525610164_1572334886131814",NA,99,17,4
"177551525610164","Jaime Herrera Beutler","As long as sea lions overpopulate the Columbia River, I will continue to advocate on behalf of endangered salmon. My bipartisan bill to protect salmon & steelhead received a congressional hearing today and I appreciated the opportunity to testify. I'm glad to see this common-sense legislation moving forward.","2017-06-08T15:05:13+0000","video","https://www.facebook.com/herrerabeutler/videos/1572218369476799/","177551525610164_1572218369476799",NA,875,129,600
"177551525610164","Jaime Herrera Beutler",NA,"2017-06-07T23:32:33+0000","photo","https://www.facebook.com/herrerabeutler/photos/a.185529758145674.40382.177551525610164/1571436542888315/?type=3","177551525610164_1571436542888315","Jaime Herrera Beutler added a new photo.",62,8,0
"177551525610164","Jaime Herrera Beutler","At CNN's #badasswomendc launch event — I'm one, I guess. Humbled to share the stage with these remarkable, inspiring women.","2017-06-07T23:00:42+0000","photo","https://www.facebook.com/herrerabeutler/photos/a.185529758145674.40382.177551525610164/1571411696224133/?type=3","177551525610164_1571411696224133",NA,146,21,3
"177551525610164","Jaime Herrera Beutler","Pleased to see my bill to protect salmon and steelhead in the Columbia River will receive a congressional hearing tomorrow morning. It’ll be live-streamed here: https://naturalresources.house.gov/calendar/eventsingle.aspx?EventID=402057","2017-06-07T19:34:14+0000","photo","https://www.facebook.com/herrerabeutler/photos/a.185529758145674.40382.177551525610164/1571234639575172/?type=3","177551525610164_1571234639575172",NA,164,30,35
"177551525610164","Jaime Herrera Beutler","I may have come up with a different title, but here’s a nice piece from CNN. Bottom line: I’m blessed to have a great husband and family, and I’ll always fight for Southwest Washington. www.cnn.com/badasswomen","2017-06-06T18:14:29+0000","link","http://www.cnn.com/badasswomen","177551525610164_1569901956375107",NA,155,34,9
"177551525610164","Jaime Herrera Beutler","I am pleased that City of Vancouver’s Fire Chief Joseph Molina has been selected to serve as a member of the FEMA National Advisory Council RESPONSE Subcommittee. Chief Molina is deserving of this prestigious appointment. His knowledge of Southwest Washington issues, especially in regards to oil train safety, will be a huge asset as he serves on the federal level.","2017-06-05T19:27:45+0000","status",NA,"177551525610164_1568586216506681",NA,45,11,1
"177551525610164","Jaime Herrera Beutler","Working to keep energy costs down in Southwest Washington. My Pacific NW colleagues and I sent a letter today to Secretary of Energy and Director of OMB urging them not to privatize BPA’s assets. You can see the letter we sent here: https://goo.gl/M4mxN4","2017-06-05T18:56:11+0000","status",NA,"177551525610164_1568542149844421",NA,133,30,8
"177551525610164","Jaime Herrera Beutler","Chehalis schools are going the extra mile to help their students attend college. Read about their challenges, & the progress they’re seeing after just a few years: http://www.seattletimes.com/education-lab/chehalis-washington-rural-semirural-school-district-college-degrees/","2017-06-02T17:52:03+0000","link","http://www.seattletimes.com/education-lab/chehalis-washington-rural-semirural-school-district-college-degrees/","177551525610164_1565160410182595",NA,40,19,4
"177551525610164","Jaime Herrera Beutler","Vancouver School of Arts & Academics was given a huge honor by being recognized as a national arts school. They were designated a 2017-19 Exemplary School by the Arts Schools Network. Congrats, Vancouver School District!","2017-06-02T16:07:05+0000","status",NA,"177551525610164_1565066263525343",NA,159,18,44
"177551525610164","Jaime Herrera Beutler","Veterans: Mark your calendar for Monday, June 5th when the Portland VA Regional Office will host a town hall and claims clinic specifically designed to make the disability claims and vocational rehab process more visible to veterans. The claims clinic will be held on June 5th from 5:00pm to 7:30pm at the VA Portland Health Care System main campus auditorium located at 3710 SW U.S. Veterans Hospital Road, Portland. The town hall will commence at 6:00pm on June 5th. For more info, check out VA Portland Health Care System’s Facebook page: https://www.facebook.com/vaportland/","2017-06-01T17:25:44+0000","link","https://www.facebook.com/vaportland/","177551525610164_1564106056954697","Jaime Herrera Beutler shared a Page.",21,13,0
"177551525610164","Jaime Herrera Beutler","I want to pay special tribute to the families of our troops. You who have supported our servicemen or women – thank you! You are the ones who watched your spouse, child, sibling, or parent leave – not knowing if they would return. And on this day, we especially recognize those who never did come back – those who gave their lives fighting for our freedom. #MemorialDay","2017-05-29T21:37:04+0000","photo","https://www.facebook.com/herrerabeutler/photos/a.840023682696275.1073741825.177551525610164/1561069963924973/?type=3","177551525610164_1561070043924965","Jaime Herrera Beutler added 3 new photos.",86,4,2
"177551525610164","Jaime Herrera Beutler","Revolutionary War General John Stark said: “Live free or die.” For many of our troops, death was the price of ensuring that we could be a free people. And how grateful I am to have grown up in a free country. Today, we honor all those who paid the ultimate price for our freedom by giving their lives in defense of our nation.","2017-05-29T13:42:17+0000","photo","https://www.facebook.com/herrerabeutler/photos/a.185529758145674.40382.177551525610164/1560729050625731/?type=3","177551525610164_1560729050625731",NA,90,15,3
"177551525610164","Jaime Herrera Beutler","I'm pleased we passed a bill today that would ensure VA facilities follow VA’s scheduling rules, and that veterans have timely access to care. And bonus: If each medical director doesn’t comply with the scheduling directive for their facility annually, they won’t receive awards or bonuses.","2017-05-24T20:59:05+0000","status",NA,"177551525610164_1552141764817793",NA,99,29,8
"177551525610164","Jaime Herrera Beutler","Jaime’s Statement on the President’s Proposal to Sell BPA’s Assets","2017-05-24T19:20:39+0000","status",NA,"177551525610164_1551726961525940","Jaime Herrera Beutler published a note.",151,64,1
"177551525610164","Jaime Herrera Beutler","The House passed several bills this week to protect at-risk children, such as the Put Trafficking Victims First Act. This bill directs the Attorney General to provide training to prosecutors on investigating and processing cases with a trauma-informed and victim-centered approach, and encourages states to provide appropriate services to victims of trafficking. It’s so paramount we continue to do everything in our power to combat child abuse and exploitation.","2017-05-24T16:43:06+0000","photo","https://www.facebook.com/herrerabeutler/photos/a.185529758145674.40382.177551525610164/1551444961554140/?type=3","177551525610164_1551444961554140",NA,48,15,5
"177551525610164","Jaime Herrera Beutler","Students discuss their art and techniques at the 2017 Congressional Art Competition Show in Vancouver.","2017-05-22T17:58:32+0000","photo","https://www.facebook.com/herrerabeutler/photos/a.185529758145674.40382.177551525610164/1549019975129972/?type=3","177551525610164_1549019975129972",NA,47,13,2
"177551525610164","Jaime Herrera Beutler","To all our law enforcement officers who put themselves in harm’s way every day to help keep us safe – thank you! I want to especially honor those who give their lives in the line of duty; in particular, Kalama Police Chief Randy Gibson who passed away earlier this year from a duty-related illness. #NationalPoliceWeek","2017-05-19T19:11:23+0000","link","http://tdn.com/news/local/kalama-police-chief-randy-gibson-dies-at/article_15f98a3c-a326-508f-9dd9-da54d5f5e595.html","177551525610164_1544245105607459",NA,103,8,11
"177551525610164","Jaime Herrera Beutler","I commend BPA for listening to and working with Southwest Washington landowners, concerned citizens, community groups and municipalities throughout this process to assess our region’s energy needs and determine the best way to meet them.   Frankly, BPA’s willingness to reverse course on the planned 500-kilovolt lattice-steel-tower transmission line that would have bisected our communities is somewhat unprecedented. It should serve as a model for other public entities who need to be willing to constantly reassess their decisions to make sure the community is at the center of them. I applaud their decision and the process they used to get to this point.   BPA has assured me that it’s committed to meeting the present and future energy needs of our region through careful planning, system changes and innovation, and I stand ready to help meet those needs however I can. BPA’s work in providing carbonless energy to meet the needs of our community is vital.","2017-05-19T17:07:06+0000","link","http://www.columbian.com/news/2017/may/18/bpa-drops-i-5-corridor-project-transmission-line/","177551525610164_1543909988974304",NA,44,10,3
"177551525610164","Jaime Herrera Beutler","Caring for our troops is one of my top priorities. It’s essential that servicemen and women struggling with mental health issues are given the support they need, an issue highlighted by this recent report.","2017-05-18T21:46:19+0000","link","http://www.reuters.com/article/us-usa-military-mentalhealth-idUSKCN18C2OI","177551525610164_1542412272457409",NA,46,13,3
"177551525610164","Jaime Herrera Beutler","Wow, we sure have some talented students in Southwest Washington! Congrats to the winners of our Congressional Art Competition.  I’m proud to have Christine’s “Unity” artwork hanging in the U.S. Capitol this year.  On Friday, May 19, from 6:00-7:00pm, my office will be hosting a Congressional Art Competition Showcase at Boomerang Coffee Shop in downtown Vancouver.","2017-05-18T18:50:12+0000","photo","https://www.facebook.com/herrerabeutler/photos/a.1541780752520561.1073741827.177551525610164/1541780772520559/?type=3","177551525610164_1541780772520559","Jaime Herrera Beutler added 3 new photos to the album: Congressional Art Competition Winners 2017.",33,4,6
"177551525610164","Jaime Herrera Beutler","Happy 1st birthday, Ethan!","2017-05-18T14:25:20+0000","photo","https://www.facebook.com/herrerabeutler/photos/a.185529758145674.40382.177551525610164/1541185632580073/?type=3","177551525610164_1541186125913357","Jaime Herrera Beutler added 3 new photos.",199,17,2
"177551525610164","Jaime Herrera Beutler","It was fun to join my friend and colleague, Rep. Derek Kilmer, at a panel today! Thank you for inviting me to participate in this meeting to discuss the critical issue of mental health care in Washington state. Our bipartisan bill addresses the need for more inpatient beds for those suffering from mental health illness and substance abuse addictions.","2017-05-17T22:04:23+0000","photo","https://www.facebook.com/herrerabeutler/photos/a.185529758145674.40382.177551525610164/1540620809303222/?type=3","177551525610164_1540620809303222",NA,74,25,4
"177551525610164","Jaime Herrera Beutler","I appreciated the opportunity to talk with the National Institute of Health today in the Appropriations Committee. I was able to ask questions on two issues of concern: Ways we can prevent teen suicide and how to better treat depression during pregnancy and postpartum.","2017-05-17T22:01:37+0000","photo","https://www.facebook.com/herrerabeutler/photos/a.185529758145674.40382.177551525610164/1540616742636962/?type=3","177551525610164_1540616742636962",NA,64,14,1
"177551525610164","Jaime Herrera Beutler","In honor of #NationalPoliceWeek, please join me in recognizing the sacrifice and service of our state and local law enforcement officers. I look forward to supporting several bills this week aimed at honoring police officers and ensuring they have the tools they need to do their jobs well. A huge thank you to our local law enforcement heroes!","2017-05-16T15:42:33+0000","photo","https://www.facebook.com/herrerabeutler/photos/a.185529758145674.40382.177551525610164/1539310646100905/?type=3","177551525610164_1539310646100905",NA,64,22,5
"177551525610164","Jaime Herrera Beutler","Attention Veterans: Imposter phone line attempting to access credit card information from Choice Program.   The two phone lines differ only in area code. The correct Choice Program phone line is 1-866-606-8198, while the imposter phone line is using 1-800-606-8198. The fake line does not provide information on the Choice Program or its eligibility criteria, instead it claims to offer callers a $100 rebate if they provide a credit card number.","2017-05-12T19:53:29+0000","photo","https://www.facebook.com/herrerabeutler/photos/a.185529758145674.40382.177551525610164/1535738586458111/?type=3","177551525610164_1535738586458111",NA,13,3,11
"177551525610164","Jaime Herrera Beutler","It was a huge honor to receive the Champion of Change Award from the National Down Syndrome Society. I also got to meet the caring folks who started the Southwest Washington-based organization D.A.N.A. (Differently-Abled, Nationally Accepted) that strives to create a community where every child is valued and given a voice. What a fun day!","2017-05-12T18:51:42+0000","photo","https://www.facebook.com/herrerabeutler/photos/a.185529758145674.40382.177551525610164/1535687623129874/?type=3","177551525610164_1535687803129856","Jaime Herrera Beutler added 3 new photos.",148,26,7
"177551525610164","Jaime Herrera Beutler","Pacific County Veterans: there is still time to visit the VA Mobile Medical Unit this week!   Location: American Legion 203 Duryea St. Raymond, WA 98577  MOBILE MEDICAL UNIT (MMU) HOURS OF OPERATION:  Thursday – 8:00am-12:00pm & 1:00-3:00pm  Friday – 8:00am-12:00pm  If you are a veteran who is already registered within the VA system, walk-up appointments will be available without appointment. If you wish, you can also set up an appointment by calling 1-800-329-8387 ext. 71234 and ask for the mobile medical unit in Raymond. If you are not in the VA system, you can get help with initial registration at the mobile medical unit.","2017-05-10T21:16:45+0000","photo","https://www.facebook.com/herrerabeutler/photos/a.185529758145674.40382.177551525610164/1532154650149838/?type=3","177551525610164_1532154650149838",NA,25,12,5
"177551525610164","Jaime Herrera Beutler","Thousands of health care professionals work together to provide care for our community in Southwest Washington. It was great to join Klickitat Valley Hospital to celebrate National Hospital Week!","2017-05-10T21:05:58+0000","photo","https://www.facebook.com/herrerabeutler/photos/a.185529758145674.40382.177551525610164/1532146083484028/?type=3","177551525610164_1532146083484028",NA,55,21,2
"177551525610164","Jaime Herrera Beutler","I’m hosting a live telephone town hall @ 6:00pm tonight and I’d love for residents of SW Washington to join. If you’d like to participate, please visit jhb.house.gov for call-in info. Talk to you soon!","2017-05-09T23:54:41+0000","status",NA,"177551525610164_1531285266903443","Jaime Herrera Beutler updated her status.",48,81,10
"177551525610164","Jaime Herrera Beutler","Today I applaud all the amazing teachers in SW Washington! Your hard work and selfless dedication doesn’t go unnoticed. THANK YOU! #NationalTeachersDay","2017-05-09T21:05:21+0000","status",NA,"177551525610164_1531166603581976",NA,96,27,1
"177551525610164","Jaime Herrera Beutler","I’m inviting Southwest Washington residents to join me for a live telephone town hall, May 9th at 6:00pm.  Residents can also call in to join the telephone town hall at any point during the event by calling 1-877-229-8493 and using the passcode 116365. Visit my website or call my office at 360-695-6292 for more information.","2017-05-05T18:24:43+0000","link","http://www.jhb.house.gov/","177551525610164_1526531837378786",NA,101,148,65
"177551525610164","Jaime Herrera Beutler","I just joined my Democrat and Republican colleagues in introducing legislation to reauthorize the Secure Rural Schools program. The Secure Rural Schools program is currently the only lifeline for many formerly timber-dependent communities in Southwest Washington to keep schools, emergency services and roads operating.","2017-05-03T22:25:29+0000","link","http://herrerabeutler.house.gov/news/documentsingle.aspx?DocumentID=398871","177551525610164_1523619337670036",NA,148,99,9
"177551525610164","Jaime Herrera Beutler","Congratulations to the Evergreen and Ridgefield and Battle Ground School Districts for having schools ranked in the top 55 in Washington State!  https://www.usnews.com/education/best-high-schools/washington/rankings","2017-05-03T21:34:07+0000","link","https://www.usnews.com/education/best-high-schools/washington/rankings","177551525610164_1523587714339865",NA,136,30,4
"177551525610164","Jaime Herrera Beutler","Do you have unused or expired prescription medicine in your home? You can turn them in tomorrow at collection sites in Vancouver, Battle Ground, and Stevenson. Unused medicines can  increase opportunities for drug abuse and can end up in drinking water if they are flushed down the toilet or put in the trash.","2017-04-28T16:03:47+0000","link","http://dailyinsider.info/drug-take-back-event-this-saturday-collects-unwanted-medications/","177551525610164_1517137331651570",NA,36,27,5
"177551525610164","Jaime Herrera Beutler","We need more resources to address mental health challenges in our community. Right now, much of the burden falls on law enforcement and the criminal justice system, like Clark County Jail. Read more about my tour of the Clark County Jail and bipartisan solution to this challenge:","2017-04-14T19:02:34+0000","link","http://www.columbian.com/news/2017/apr/13/herrera-beutler-tours-county-jail/","177551525610164_1498489243516379",NA,54,58,1
"177551525610164","Jaime Herrera Beutler","Those who have served our country deserve the best medical care. That’s what they were promised and that is what they have earned. Yet I hear from veteran after veteran who has to wait too long to see a doctor or specialist. This is not a simple fix, but one factor that negatively affects the quality of medical care veterans receive is high staff turnover. To find out  more about the seriousness of this issue and my legislative approach to help our veterans in Southwest Washington, read my column in the Goldendale Sentinel.","2017-04-14T18:40:35+0000","link","http://www.goldendalesentinel.com/story/2017/04/12/opinion/we-need-to-improve-medical-care-for-all-our-veterans/8828.html","177551525610164_1498465913518712",NA,88,49,7
"177551525610164","Jaime Herrera Beutler","Touring the Clark County Jail this morning was eye-opening. I saw first-hand the acute need to provide more facilities that can help those suffering from psychiatric disorders and substance abuse addictions. It was helpful for me to hear from the Clark County sheriffs and to better understand the challenges that come from limited resources to assist those with mental illness and opioid addiction. I'm eager to get my bipartisan bill signed into law, which would help communities build additional psychiatric and substance abuse treatment facilities - helping more individuals get the assistance they need, and taking pressure off of law enforcement and jails.","2017-04-13T22:01:10+0000","photo","https://www.facebook.com/herrerabeutler/photos/a.185529758145674.40382.177551525610164/1497262013639102/?type=3","177551525610164_1497262013639102",NA,170,44,13
"177551525610164","Jaime Herrera Beutler","Join my live tele town hall tonight at 6pm by calling 1-877-229-8493 and using the passcode 116365 at any point during the event. You can also listen to a live stream of the event through this link.","2017-04-13T21:27:39+0000","link","https://video.teleforumonline.com/video/streaming.php?client=16365","177551525610164_1497232110308759",NA,41,65,19
"177551525610164","Jaime Herrera Beutler","Our community prioritizes protecting salmon and steelhead in the Columbia River because they are central to our way of life in the Pacific Northwest. I just joined Congressman Kurt Schrader to introduce The Endangered Salmon and Fisheries Predation Prevention Act because sea lion predation is posing a serious threat to our salmon populations, impacting our efforts to ensure their survival. With this solution, we have to tools to better protect the salmon so vital to our recreational, cultural and economic interests.","2017-04-10T21:03:27+0000","link","http://herrerabeutler.house.gov/news/documentsingle.aspx?DocumentID=398867","177551525610164_1492630074102296",NA,158,74,30
"177551525610164","Jaime Herrera Beutler","I’m inviting Southwest Washington residents to join me for a live telephone town hall, April 13th, from 6:00pm-7:30pm. Telephone town halls are a great way for folks from rural farm land and urban centers to all join me for a live, back-and-forth conversation from the convenience of their kitchen tables. I look forward to updating residents on my efforts to improve health care, create jobs, improve education and solve problems back in Congress, and take questions and ideas on any issues that matter to them. I’ve held nearly 70 town halls, public hearings, community coffee meetings and telephone town halls all across Southwest Washington – and I’ll continue to utilize every method there is that fosters productive, civil dialogue with residents from all political viewpoints. There is a lot of interest in what’s happening in Washington, D.C. right now, and there’s no way to communicate live with as many people at once as a telephone town hall.  Southwest Washington residents can sign up to join the event by visiting my website and entering their contact information or by calling my office at 360-695-6292. Southwest Washington residents can also call in to join the telephone town hall at any point during the event by calling 1-877-229-8493 and using the passcode 116365.","2017-04-07T21:28:32+0000","link","https://herrerabeutler.house.gov/forms/form/?ID=3247","177551525610164_1488841417814495",NA,51,100,85
"177551525610164","Jaime Herrera Beutler","Earlier this afternoon I received a classified briefing from General Joe Dunford, chairman of the Joint Chiefs of Staff. A targeted strike against the airfield used by Assad to launch an abhorrent and illegal chemical weapons attack on his own people appears to have been an appropriate response.  If President Trump has any more plans for military action against Syria he needs to bring them before Congress.","2017-04-07T18:43:40+0000","status",NA,"177551525610164_1488678331164137",NA,174,77,12
"177551525610164","Jaime Herrera Beutler","Today the Tsunami Warning, Education, and Research Act passed the U.S. House and is headed to the president to be signed. When it comes to our coastal communities up and down the Washington and Oregon coast, preparedness for seismic and storm events is paramount. I’m pleased to partner with Congresswoman Bonamici on this solution, which will help make citizens safer and could save lives in the event of tsunami by improving the tsunami warning system’s forecasts of tsunami arrival and damage estimates.   The bill will strengthen the National Oceanic and Atmospheric Administration’s hazard mitigation program through additional technical and financial assistance to communities.  It also establishes a working group to provide advice about tsunami science and technology and supports development of community-based outreach and education programs.","2017-04-04T22:00:15+0000","link","http://herrerabeutler.house.gov/news/documentsingle.aspx?DocumentID=398864","177551525610164_1484788874886416",NA,67,10,1
"177551525610164","Jaime Herrera Beutler","Empowering students with quality education is so important to their success, and we should identify and eliminate obstacles to achieving that goal. Unfortunately, Washington state has the most public school districts that face chronic absenteeism in the U.S. I’m pleased to have introduced a solution today that will empower educators at the local level with tools and support to address factors that are leading to kids in Southwest Washington missing school.","2017-04-03T20:10:34+0000","link","http://herrerabeutler.house.gov/news/documentsingle.aspx?DocumentID=398863","177551525610164_1483250461706924",NA,49,25,4
"177551525610164","Jaime Herrera Beutler","I remain steadfast in my commitment to repeal and replace Obamacare with health care solutions that better serve all residents of Southwest Washington. But we can do better than the current House replacement plan, and I cannot support it in its current form.  While I appreciate this week's effort by Speaker Ryan and his leadership team to better protect older Americans from health care cost increases, the difficulties this bill would create for millions of children were left unaddressed.  I’m disappointed that it appears my amendment to strengthen the Medicaid safety net for the kids who depend on it for their health care will not be considered.  Protecting vulnerable children is a core purpose of the Medicaid program and when the program fails to do so, it fails entirely.   I will not vote to let those kids fall through the cracks.  Southwest Washington residents also deserve a greater commitment to lowering health costs so that out-of-pocket expenses, premiums and taxes are taking up less of their monthly paychecks.  Congress should more purposefully move ahead with free market reforms that increase competition between insurance providers and drive down premiums and deductibles.  Obamacare also levied numerous taxes on hardworking Americans, and in our effort to pull back this harmful law we should more quickly repeal them.  In the final analysis, this bill falls short.  We can't give up on replacing Obamacare with a solution that provides affordable, high-quality health care to all Americans.  I will remain active and engaged at every step until Congress gets this right.","2017-03-23T13:48:45+0000","status",NA,"177551525610164_1469962596369044",NA,744,676,148
"177551525610164","Jaime Herrera Beutler","Today the U.S. House of Representatives adopted my amendment and passed The Small Business Health Fairness Act, a bill to protect health care for 400,000 Washingtonians who receive health care through Association Health Plans. This important solution puts small businesses on an equal playing field with those bigger employers in their efforts to attract and retain employees by offering quality, affordable health care. It also helps eliminate the tremendous uncertainty individuals, families and small businesses face when their health care plans are repeatedly threatened by state officials with other agendas.","2017-03-22T21:39:34+0000","link","http://herrerabeutler.house.gov/news/documentsingle.aspx?DocumentID=398861","177551525610164_1469171726448131",NA,92,124,6
"177551525610164","Jaime Herrera Beutler","Today, I successfully amended a bill to address the high staff turnover at the VA that leads to long wait times for veterans. My amendment strengthens anonymity protections for VA employees who fill out surveys upon their departures. Only if VA providers are telling the honest truth about what they saw, heard and experienced in the workplace can the VA fix the problems that plague its facilities. It also requires this exit survey data to be more localized so that the agency can better solve region-specific problems.","2017-03-17T20:31:55+0000","video","https://www.facebook.com/herrerabeutler/videos/1463637690334868/","177551525610164_1463637690334868",NA,160,67,18
"177551525610164","Jaime Herrera Beutler","It was great to hear from Jennifer Garner, a fellow mom, about the importance of early education and childhood development.","2017-03-16T18:37:32+0000","photo","https://www.facebook.com/herrerabeutler/photos/a.185529758145674.40382.177551525610164/1462021110496526/?type=3","177551525610164_1462021110496526",NA,118,48,2
"177551525610164","Jaime Herrera Beutler","Karcher, an employer in Camas, showed me some of the equipment they manufacture that’s vital to protecting our waterways from invasive species like Quagga and Zebra mussels.   Contamination would wreak havoc on the Columbia River system, and be a devastating blow to our economy and environment. Read more about my efforts to prevent the spread of invasive species in the Northwest.","2017-03-15T20:47:44+0000","link","http://herrerabeutler.house.gov/news/documentsingle.aspx?DocumentID=398814","177551525610164_1460945093937461",NA,72,36,4
"177551525610164","Jaime Herrera Beutler","Kidneys are one of the several organs that can be given by a living donors. There are over 100,000 people currently waiting for kidney transplants in the United States.  Today I spoke at a press conference about the need for the Living Donor Protection Act that gives living donors access to FMLA for recovery from a transplant surgery. It also makes sure these life-giving donors are not penalized by insurance companies for volunteering to donate.","2017-03-07T22:18:11+0000","link","http://herrerabeutler.house.gov/news/documentsingle.aspx?DocumentID=398852","177551525610164_1450649838300320",NA,245,81,95
"177551525610164","Jaime Herrera Beutler","My new bipartisan legislation introduced today will allow states to address preventable maternal deaths. The United States is ranked 50th globally for its maternal mortality rate, which is why The Preventing Maternal Deaths Act is critical #Act2SaveMoms","2017-03-02T22:51:47+0000","link","http://herrerabeutler.house.gov/news/documentsingle.aspx?DocumentID=398851","177551525610164_1445605815471389",NA,65,69,9
"177551525610164","Jaime Herrera Beutler","Whenever I attend a presidential speech to Congress, I look first for areas of common ground where we can work together to improve conditions for the people I serve in Southwest Washington.  Tonight was no exception and I look forward to working with President Trump to truly improve health care in this country for everyone – including protecting access for those who currently have coverage, and those with pre-existing conditions.  Where Obamacare has failed, we need health care solutions that will actually make quality health care affordable and accessible for everyone.  I was also encouraged by the president's championing of efforts to make the workplace better for parents and to protect good jobs and create better-paying ones by strengthening opportunities for small businesses.  And I stand ready to partner with him on rebuilding our infrastructure to get our economy moving again. After tonight's speech, I see a number of areas we can cooperate and make life better for Southwest Washington residents, and I’m ready to get to work.","2017-03-01T03:52:56+0000","status",NA,"177551525610164_1443966602301977",NA,362,231,23
"177551525610164","Jaime Herrera Beutler","Many people are struggling with mental health and substance abuse in our communities, and because of the shortage of inpatient beds it can be weeks or months before individuals can receive treatment. I just introduced a bipartisan bill with Rep. Derek Kilmer that will be a benefit to many individuals and families struggling with mental health disorders. Too often, hospitals and law enforcement are having to overcommit resources and are simply ill-equipped to try and assist those individuals in a mental health crisis.  Our effort will provide relief and strengthen our communities without putting any additional burdens on taxpayers.","2017-02-28T22:51:39+0000","link","http://herrerabeutler.house.gov/news/documentsingle.aspx?DocumentID=398849","177551525610164_1443774478987856",NA,98,61,13
"177551525610164","Jaime Herrera Beutler","Meeting with crab fishermen about protecting coastal jobs and their industry. It will help if we have the resources to complete dredging and get my Dungeness crab fisheries management bill across the finish line and signed into law.","2017-02-20T20:42:16+0000","photo","https://www.facebook.com/herrerabeutler/photos/a.185529758145674.40382.177551525610164/1435848223113815/?type=3","177551525610164_1435848223113815",NA,107,120,4
"177551525610164","Jaime Herrera Beutler","There is currently a loophole that shields convicted child abusers from paying the restitution they owe if their income comes from military retirement pay. I joined with Congresswoman Suzan DelBene to close this loophole and bring justice to the survivors of these horrible acts. Read more.","2017-02-17T20:11:10+0000","link","http://herrerabeutler.house.gov/news/documentsingle.aspx?DocumentID=398848","177551525610164_1432579463440691",NA,135,65,11
"177551525610164","Jaime Herrera Beutler","The IRS says Americans shouldn’t have a “reasonable expectation of privacy” in emails and other online communication.  That’s wrong, and unconstitutional. Yesterday, the U.S. House passed bipartisan legislation that would extend the same privacy protections to electronic communications that exist for hard mail and other personal, paper documents.  Under this bipartisan bill, a government agency would not be able to access a U.S. citizen’s emails without a court-ordered search warrant.","2017-02-07T16:55:19+0000","link","http://herrerabeutler.house.gov/news/documentsingle.aspx?DocumentID=398847","177551525610164_1422874271077877",NA,259,87,27
"177551525610164","Jaime Herrera Beutler","Click here to read Pennie Saum’s tragic story and how it inspired Congresswoman Suzan DelBenee and me to develop a bill to help survivors of sexual assault seek justice.","2017-01-31T21:51:03+0000","link","http://komonews.com/news/komo-4-investigators/congress-could-change-law-following-komo-story","177551525610164_1415724231792881",NA,58,35,3
"177551525610164","Jaime Herrera Beutler","I’m pleased that my colleagues in the House passed the permanent extension of the tri-state agreement that is imperative for the future success of the West Coast Dungeness crab fishery, bringing certainty to an industry that helps support 60,000 maritime jobs in Washington state.","2017-01-31T00:01:38+0000","link","http://herrerabeutler.house.gov/news/documentsingle.aspx?DocumentID=398843","177551525610164_1414635021901802",NA,125,79,7
"177551525610164","Jaime Herrera Beutler","Just kicked off the Congressional Maternity Care Caucus for 2017 with my colleague, Rep. Lucille Roybal-Allard. 2016 was great year with new initiatives & bills passed to help moms & babies!","2017-01-27T21:44:30+0000","status",NA,"177551525610164_1411148835583754",NA,70,63,3
"177551525610164","Jaime Herrera Beutler","Please see a letter that my Washington GOPcolleagues and I sent to Governor Jay Inslee and Insurance Commissioner Mike Kreidler responding to their correspondence concerninghealth care. While we agree that all Washington state residents deserve access to quality health care, there are too many failures in the Affordable Care Act to achieve that goal.  We are working to do better.","2017-01-24T23:22:32+0000","link","http://herrerabeutler.house.gov/news/documentsingle.aspx?DocumentID=398842","177551525610164_1406734936025144",NA,141,185,18
"177551525610164","Jaime Herrera Beutler","It was a great honor to be part of veteran Craig Robinson’s pinning ceremony earlier this week. Please check out this article to read more about his brave and sacrificial service to our county and fellow service members right after the bombing of the Marine barracks in Beirut.","2017-01-19T22:26:12+0000","link","http://www.chronline.com/lewis-county-veteran-honored-for-combat-heroism-years-later/article_bc715812-dce8-11e6-bbdd-c326688d5bae.html","177551525610164_1400601129971858",NA,54,14,1
"177551525610164","Jaime Herrera Beutler","Next week, I will have the honor of recognizing a true American hero. Craig Robinson assisted in caring for critically wounded Marines in the immediate aftermath of the 1983 Marine barracks bombing in Beirut, going beyond the call of duty on his first day in the Navy. His courage and strength are trademarks of all our military men and women, and I'm proud to share our gratitude and appreciation with him. If you're near Chehalis, I hope you will join us for this public ceremony next Monday.","2017-01-11T22:40:18+0000","link","http://www.chronline.com/local-veteran-to-receive-medal-years-after-heroic-efforts/article_9905ff92-d4a3-11e6-84e6-bb301f032f43.html","177551525610164_1392583530773618",NA,77,14,1
"177551525610164","Jaime Herrera Beutler","This week, I introduced a bill that would permanently extend a decades-long fishery agreement to support the jobs within Washington state’s Dungeness crab industry. Reauthorizing the agreement between Washington, Oregon and California will ensure managers use state coordination to appropriately manage the West Coast crab fishery in federal waters. The agreement is vital for Washington’s economy, as our crab industry brings $61 million into the state’s economy annually and provides more than 60,000 maritime jobs.","2017-01-11T14:18:41+0000","link","http://herrerabeutler.house.gov/news/documentsingle.aspx?DocumentID=398836","177551525610164_1392106940821277",NA,43,12,1
"177551525610164","Jaime Herrera Beutler","It’s vital that we move forward with replacing the Affordable Care Act in a manner that doesn't cause additional disruption to those families who have already endured higher costs and the loss of their doctors and plans since the ACA was forced upon them.  As such, any action to repeal on the U.S. House floor should be accompanied by a simultaneous and immediate strategy for replacing it. Read my letter from today to Speaker Paul Ryan about making health care better in Southwest Washington.","2017-01-10T19:48:39+0000","link","http://herrerabeutler.house.gov/news/documentsingle.aspx?DocumentID=398838","177551525610164_1391495980882373",NA,196,158,15
"177551525610164","Jaime Herrera Beutler","Today is Law Enforcement Appreciation Day, and we thank the brave men and women serving in law enforcement in Southwest Washington, and throughout our nation. I will continue to support our officers who put themselves in harm’s way for the safety of our communities.","2017-01-09T22:58:29+0000","photo","https://www.facebook.com/herrerabeutler/photos/a.185529758145674.40382.177551525610164/1390726854292619/?type=3","177551525610164_1390726854292619",NA,118,14,11
"177551525610164","Jaime Herrera Beutler","I learned of Lewis County veteran John Weston’s tragic death after a delay in care. I am asking the VA secretary for an internal investigation to see what happened and make sure it doesn’t happen to other veterans.","2017-01-09T22:30:37+0000","link","http://herrerabeutler.house.gov/news/documentsingle.aspx?DocumentID=398830","177551525610164_1390710417627596",NA,133,35,15
"177551525610164","Jaime Herrera Beutler","We are less than a week into 2017 and federal agencies have wasted no time releasing a stack of new regulations! Federal regulations often are prohibitively costly and unnecessary, and they harm local job creators and communities. Yesterday, Congress passed the REINS Act requiring federal government agencies to submit major regulations to Congress for approval.","2017-01-06T16:16:50+0000","photo","https://www.facebook.com/herrerabeutler/photos/a.185529758145674.40382.177551525610164/1387425551289416/?type=3","177551525610164_1387425551289416",NA,76,41,6
"177551525610164","Jaime Herrera Beutler","It was an honor to once again take the oath of office. I am thankful and humbled to continue representing  the residents of Southwest Washington in the U.S. Congress.","2017-01-04T20:57:21+0000","photo","https://www.facebook.com/herrerabeutler/photos/a.185529758145674.40382.177551525610164/1384971644868140/?type=3","177551525610164_1384971644868140",NA,826,76,45
