"from_id","from_name","message","created_time","type","link","id","story","likes_count","comments_count","shares_count"
"53481427529","Congressman Jared Polis","Late last week, Senate Republicans released their disastrous and cruel healthcare plan that was written behind closed doors in secret.  That's why this Monday at 7:00 p.m. MT, I'm hosting a panel of experts who will help shine light on what the legislation would mean for you and your family.  I invite the people of the Second Congressional District to ask the experts questions about how the bill would affect Medicaid, seniors, women, people with pre-existing conditions, or anything else that is on your mind.  So tune in from the comfort of your home Monday at 7:00 p.m. MT right here on my Facebook Page or on my YouTube Channel.","2017-06-24T22:30:45+0000","video","https://www.facebook.com/jaredpolis/videos/10155242143237530/","53481427529_10155242143237530",NA,413,23,95
"53481427529","Congressman Jared Polis","Republicans have sidestepped the basics of an open democratic process, drafting their cruel healthcare plan behind closed doors. Only a few were let in on this shameful secret.  Republicans actually allowed insurance companies to review the legislation before members of Congress and the public, choosing special interests over everyone else.    At its heart, Trumpcare is a tax cut for billionaires and special interests disguised as a healthcare plan.  Millions of Americans would lose their insurance and the rest of us would pay more. If the Republican “healthcare” bill passes, it would be one of the largest transfers of wealth from working families and the middle-class to the top 1 percent in our nation’s history.  I believe that if we’re going to vote on a bill that affects one-sixth of the nation’s economy and is literally a matter of life or death, it should be an open, bipartisan process that allows amendments to expand coverage and reduce costs, while giving the public ample time to weigh in.","2017-06-22T16:50:18+0000","status",NA,"53481427529_10155234365072530",NA,536,81,225
"53481427529","Congressman Jared Polis","""There are real differences when it comes to policy, but what we need in government is civility. We need to resolve our differences civilly through debates, through elections, nobody should resort to violence or physical actions that put other people's lives in jeopardy.""","2017-06-19T17:00:00+0000","video","https://www.facebook.com/jaredpolis/videos/10155224346572530/","53481427529_10155224346572530",NA,167,14,15
"53481427529","Congressman Jared Polis","A few days ago, I filed a lawsuit with over 150 members of Congress against President Trump in order to enforce the Constitution’s Foreign Emoluments Clause. The Foreign Emoluments Clause prohibits any officer of the U.S. from accepting anything of value from any foreign government or its agents or instrumentalities without prior Congressional consent. This means that it is unconstitutional for a President to receive financial benefits from foreign countries while serving our nation.  President Trump has failed to separate himself from his business holdings in any meaningful way.  Since taking office, he has continued to receive payments and other benefits from many foreign governments -all without Congressional consent. Whether it’s payments for rooms and events at the Trump Hotel in Washington from the Embassy of Kuwait, the government of Georgia, and a lobbying firm working for Saudi Arabia; lease payments for space in Trump Tower paid by the Industrial and Commercial Bank of China and the United Arab Emirates; or the countless other business and property interests abroad which we might not even know about.  I don’t take this action lightly, but I firmly believe politicians have an obligation to follow the Constitution, and it certainly appears that the President is in violation of the Emoluments Clause.  In the U.S. everyone needs to be equally accountable under the law.","2017-06-16T22:18:51+0000","video","https://www.facebook.com/jaredpolis/videos/10155215106817530/","53481427529_10155215106817530",NA,1421,124,149
"53481427529","Congressman Jared Polis","Tonight, as my colleagues and I unite to support an important cause, I continue to send my thoughts and prayers to all those impacted by the horrific tragedy that happened yesterday and am thankful to those who protect us every day.  Since 1909, (with a couple of breaks here and there) the Congressional Baseball Game has been a tradition where Republicans and Democrats come together on the field, outside of regular debates and partisan votes.  I grew up loving baseball, and as a member of Congress, I have always loved participating in the congressional game, wearing a Rockies uniform (of course!)   To me, baseball has always meant more than simply hits and runs, and that was especially true tonight.  The game was about sharing in what we love, sportsmanship, and unity.  We may have differences when it comes to policy, but this baseball game is a reminder that we are all playing for America, and we have to root for the home team.","2017-06-16T01:59:22+0000","photo","https://www.facebook.com/jaredpolis/photos/a.130848302529.105829.53481427529/10155211829087530/?type=3","53481427529_10155211829087530","Congressman Jared Polis at Nationals Park.",834,28,26
"53481427529","Congressman Jared Polis","Watch Live: The Congressional Baseball Game","2017-06-15T23:09:19+0000","video","https://www.facebook.com/cnn/videos/10156849558346509/","53481427529_10155211531027530","Congressman Jared Polis shared CNN's live video.",115,13,0
"53481427529","Congressman Jared Polis","Every year I participate in the Congressional Baseball Game for charity. Today was the final practice before the big game tomorrow.   In addition to raising money for charity, the game also brings Democrats and Republicans together in a spirit of friendship around our national pastime.  We practice at a field a few miles from where the Republicans practice. At practice this morning, Coach Mike Doyle (D-PA) suddenly called us in from the field and told us shocking news: there had been a shooting at Republican practice. Capitol Police then told us to hold in place in the dugout as they secured the area.  The Democratic Team gathered together and said a prayer for our friend and colleague Steve Scalise (R-LA) and the officers and staff who were shot. We all called or texted our loved ones to tell them we were ok. We were held in the dugout for about 40 mins while the SWAT team secured the area and allowed us to return to our vehicles parked near the field.  I was just notified that votes in Congress today are cancelled in light of this tragedy. My thoughts and prayers are with the victims of this senseless act of violence.","2017-06-14T14:14:39+0000","status",NA,"53481427529_10155207030977530",NA,498,57,73
"53481427529","Congressman Jared Polis","""I really enjoyed being an entrepreneur, and I got to work with and be involved with hiring decisions around everything from programmers to salespeople. It really got me interested in what goes into preparing the next generation of businesspeople and kids to work in the jobs of the future.""  Check out my interview with The 74, an education publication, on Betsy DeVos, the Every Student Succeeds Act, Denver Schools, & Special Education  bit.ly/2s6wxbj","2017-06-13T22:42:58+0000","link","http://bit.ly/2s6wxbj","53481427529_10155204571887530",NA,163,5,9
"53481427529","Congressman Jared Polis","My thoughts on former FBI Director James Comey testifying before the Senate Intelligence Committee.","2017-06-08T22:24:17+0000","video","https://www.facebook.com/jaredpolis/videos/10155189076907530/","53481427529_10155189076907530",NA,409,45,31
"53481427529","Congressman Jared Polis","Today, House Republicans passed the Financial “CHOICE” Act, a bill that is the wrong choice for the American people and caters to Wall Street and special interests rather than the rest of us.  This bill is a blatant attempt to dismantle critical consumer protections for seniors, service members, teachers, middle-class Americans, and small businesses - protections that were established after the economy crashed in 2008. The bill will once again endanger our economy and undercut essential financial protections that provide a check on corporate greed.","2017-06-08T20:43:58+0000","video","https://www.facebook.com/jaredpolis/videos/10155188840397530/","53481427529_10155188840397530",NA,183,51,81
"53481427529","Congressman Jared Polis","WATCH: Former FBI Director James Comey testifies before the Senate Intelligence Committee","2017-06-08T14:03:27+0000","video","https://www.facebook.com/CSPAN/videos/10155669351680579/","53481427529_10155187732957530","Congressman Jared Polis shared C-SPAN's live video.",86,8,0
"53481427529","Congressman Jared Polis","We succeeded! ¡Tenemos éxito!  I am proud that our group of Mexican and American legislators from all political parties came together in a joint declaration of support for the close friendship between the United States and Mexico and a renewed desire to work together on immigration, security, trade, and border improvements.  Our work shows that Democrats and Republicans, members of PRI, PAN, PRD, and MORENA all value the close friendship and ties between our two great nations.  At our final roundtable, I made the point that our relationship will not only endure but can become stronger despite the ignorant rhetoric of our President. While there are those in both countries who engage in scapegoating and hatemongering for political gain, I am proud that our group of legislators put pen to paper around such a powerful statement of respect and cooperation that reflects our great esteem for one another.  https://mx.usembassy.gov/joint-declaration-mexico-united-states-delegations/","2017-06-06T17:40:49+0000","link","https://mx.usembassy.gov/joint-declaration-mexico-united-states-delegations/","53481427529_10155181686902530",NA,223,9,9
"53481427529","Congressman Jared Polis","This morning we covered immigration and trade in our meeting between US and Mexican legislators. I remarked that if only the legislators around the table could negotiate a new trade treaty, we would get a vastly improved product from NAFTA for both countries. Unfortunately President Trump appoints our negotiators and none of us really have any idea what changes he is seeking.   I spoke out for including stronger environmental and labor standards and enforcement, as well as suggested coming up with a way of resolving interstate disputes without putting health, safety, and environmental protections at risk.  On immigration, the Mexican Representatives expressed how hurtful our President's insults have been. To their credit, all of the Republicans and Democrats in our delegation were respectful and distanced themselves from Trump's words. I let everyone know how grateful we are that we have many Mexican nationals in Colorado, some of whom plan to return to Mexico and others who plan to become American and that they are critical not only for our economy but also our culture and society. We then went outside for a group picture and quick lunch, and now our meeting is beginning again to discuss security and ""a border for the 21st century"" and work on our joint declaration.","2017-06-05T21:21:16+0000","photo","https://www.facebook.com/jaredpolis/photos/a.10151838298962530.1073741827.53481427529/10155179173417530/?type=3","53481427529_10155179194737530","Congressman Jared Polis added 3 new photos.",205,14,13
"53481427529","Congressman Jared Polis","For the next day and a half I am in Mexico City, as a delegate to the US-Mexico Parliamentary exchange. I'm joined by ten other members of the US House to meet with Deputados, our Mexican counterparts in their House. I've been part of this international meeting most years that I've been in Congress, but our legislative outreach is more important this year than ever before.   As the Co-Chair of the US-Mexico Friendship Caucus I know that we have our work cut out for us to represent our country well and earn back the trust of our Mexican counterparts who have been on the receiving end of hostile rhetoric from our President.  Our topics include migration and security, economic relationship and trade, and ""a border for the 21st century.""  I look forward to building bridges, not walls, with our Mexican friends.  Let me know if there is anything you would like me to bring up below in the comments.","2017-06-05T03:40:50+0000","photo","https://www.facebook.com/jaredpolis/photos/a.10151838298962530.1073741827.53481427529/10155176682532530/?type=3","53481427529_10155176682687530","Congressman Jared Polis added 3 new photos.",312,35,10
"53481427529","Congressman Jared Polis","This is the kind of work that makes my job meaningful. My job's not just about the big issues and constant battles, it's about being able to help my constituents one at a time. If you are facing red tape or delays with a federal agency, give us a call we are here to help:  Boulder: (303) 484-9596 Fort Collins: (970) 226-1239 Frisco: (970) 409-7301 Washington DC: (202) 225-2161  Here are some of the many areas my office can help you with:  Student Financial Aid , Housing Assistance , U.S. Citizenship and Immigration Services, Internal Revenue Service, FCC - Federal Communications Commission, Workforce Issues, Medicare, Military, Passport and Visa Service, Postal Service, Social Security Administration, Department of Veteran's Affairs","2017-06-02T17:25:55+0000","link","http://www.coloradoan.com/story/opinion/2017/06/02/letter-polis-office-helps-senior-need/358221001/","53481427529_10155168151632530",NA,195,15,18
"53481427529","Congressman Jared Polis","The President’s decision to withdraw from the Paris Agreement, the largest multi-national climate agreement in history, flies in the face of both economics and science. While 195 other nations are moving forward to create 21st century jobs, reduce carbon emissions, and advance innovative energy, the United States will now be less competitive in the global economy.   We cannot afford to disregard the health and well-being of future generations and the overwhelming evidence that humans are the leading contributors to climate change. Companies, states, and local governments throughout the United States, have already begun to fill the void left by this administration’s actions, leading the way on clean energy initiatives and reducing our carbon footprint.   Unlike this administration, I will continue to help find ways for Colorado and the United States to strongly address climate change and further clean energy technologies and jobs.  http://www.npr.org/2017/06/01/531056661/5-things-that-could-change-when-the-u-s-leaves-the-paris-climate-deal","2017-06-01T20:21:00+0000","link","http://www.npr.org/2017/06/01/531056661/5-things-that-could-change-when-the-u-s-leaves-the-paris-climate-deal","53481427529_10155165529657530",NA,760,129,196
"53481427529","Congressman Jared Polis","WATCH NOW: Mike Quigley and I discuss climate change and protecting our parks and public lands.","2017-06-01T17:49:14+0000","video","https://www.facebook.com/LCVoters/videos/10154885861284735/","53481427529_10155165081292530","Congressman Jared Polis shared League of Conservation Voters's live video.",72,5,0
"53481427529","Congressman Jared Polis","Memorial Day is a humbling day.   We are humbled by the men and women of the Armed Forces who have sacrificed their lives in service to this nation.    We are proud of our history of freedom, which has endured because of those who have served at home and abroad.   There are brave men and women throughout our country who serve in the Armed Forces today, willing to follow the fate of those before them and give their lives.  We honor that fact, take it with the utmost seriousness, and always remember those lost.   I hope this weekend, you enjoy your freedoms with a profound sense of pride and gratitude.","2017-05-29T16:00:35+0000","photo","https://www.facebook.com/jaredpolis/photos/a.130848302529.105829.53481427529/10155153317837530/?type=3","53481427529_10155153317837530",NA,117,9,11
"53481427529","Congressman Jared Polis","Never put the cart before the horse!   Weeks after passing TrumpCare, Republicans have finally learned what it would do. The nonpartisan analysis that came out today reveals the devastation that the Republican health care plan will cause. TrumpCare will move us backward, and reverse the important protections we achieved under the Affordable Care Act.  According to the analysis, the Republican bill that passed would leave 23 million Americans without health insurance and raise insurance rates for the rest of us.  It would also be giving health care insurers a pass on providing affordable coverage for patients with pre-existing conditions.  My benchmark for supporting changes to the ACA are: 1) does it expand coverage? 2) does it reduce costs? 3) does it maintain or improve quality?  As I suspected, we now know that the Republican bill fails this simple test.","2017-05-25T00:00:00+0000","photo","https://www.facebook.com/jaredpolis/photos/a.130848302529.105829.53481427529/10155137956127530/?type=3","53481427529_10155137956127530",NA,188,37,32
"53481427529","Congressman Jared Polis","We found a good place for it.","2017-05-23T21:00:47+0000","photo","https://www.facebook.com/jaredpolis/photos/a.130848302529.105829.53481427529/10155134105277530/?type=3","53481427529_10155134105277530",NA,1099,67,155
"53481427529","Congressman Jared Polis","A reckless budget that would weaken America.  President Trump's budget not only goes against his campaign promise to protect Medicare and Social Security and ensure that no American would lose their health insurance, it does so while increasing deficit military spending even though we spend more than the next seven nations combined on our military already.  The budget is a clear statement of the President’s values. In it, special interests win over the middle-class, multi-national corporations win over small businesses, and millionaires and billionaires are afforded a huge tax cut at the expense of children, science, and our future.  In the 21st century, we need solutions that lift Americans up rather than knocking them down, and the President's budget would knock down the very foundations that make our country great.","2017-05-23T15:10:00+0000","status",NA,"53481427529_10155133069737530","Congressman Jared Polis updated their status.",283,38,54
"53481427529","Congressman Jared Polis","Over a million Americans made their desire clear by providing public input in support of net neutrality. We must protect the free and open exchange of information on the internet, which is essential for our economy and innovation. If the FCC takes away net neutrality protections, internet providers could manipulate access to content ending the Internet as we know it.  Today, I join the millions of Americans in urging the Chairman and the FCC to keep in place the 2015 Open Internet Order, support an open and free internet, and stand with consumers not special interests.  http://www.huffingtonpost.com/entry/591f6747e4b0b28a33f62c23","2017-05-21T15:00:00+0000","link","http://www.huffingtonpost.com/entry/591f6747e4b0b28a33f62c23","53481427529_10155126336037530",NA,188,5,24
"53481427529","Congressman Jared Polis","Our recreation, tourism, and robust outdoor industry rely on access to public lands. I will continue to fight to protect the lands that belong to all Americans, and push back against any policies or legislation that would sell off our majestic wilderness to the highest bidder. Today, we recognize the importance of public lands to Colorado, and we also recommit to protecting our most treasured places.  Happy (First Ever!) Colorado Public Lands Day!  Read my Medium post on the importance of protecting our public lands.  https://medium.com/@RepJaredPolis/celebrating-colorado-public-lands-day-fdd894c1a4b9","2017-05-20T19:17:36+0000","link","https://medium.com/@RepJaredPolis/celebrating-colorado-public-lands-day-fdd894c1a4b9","53481427529_10155124186667530",NA,318,7,11
"53481427529","Congressman Jared Polis","If there is one major item that I hope every member of Congress can agree on, regardless of party, it is that we need to fix our failing infrastructure, everything from roads and bridges to broadband and public rail. NOW is the time to act on an infrastructure plan that alleviates traffic, invests in our schools, increases energy efficiency, and encourages commerce and jobs.","2017-05-18T20:44:13+0000","video","https://www.facebook.com/jaredpolis/videos/10155118292257530/","53481427529_10155118292257530",NA,236,34,16
"53481427529","Congressman Jared Polis","Today's appointment of a Special Counsel to investigate the shady Russian connections and potential collusion of Trump campaign officials is a positive step.  In addition to the criminal investigation we also owe the American people a full public account of what occurred. Therefore today I signed a ""discharge petition"" to force a vote on our bill to create an independent commission to provide a full public report on what occurred and what we should do to prevent future manipulations of our elections.","2017-05-17T22:15:41+0000","link","http://www.cnn.com/2017/05/17/politics/special-counsel-robert-mueller/index.html","53481427529_10155112966052530",NA,923,50,59
"53481427529","Congressman Jared Polis","Today, I signed a ""discharge petition"" to force the House of Representatives to vote on the Protecting Our Democracy Act. This bill gives Americans what they deserve - honest answers.  It will establish an independent, nonpartisan commission to investigate Russian Interference in the 2016 election.","2017-05-17T19:03:50+0000","video","https://www.facebook.com/jaredpolis/videos/10155112513717530/","53481427529_10155112513717530",NA,1391,149,135
"53481427529","Congressman Jared Polis","The entire staff is taking over Rep. Polis's Facebook page to wish him a happy birthday!   Even today, on his birthday, he is dedicating his energy and time to serving the people of Colorado.  Thank you to everyone at the Evergreen town hall who helped us celebrate tonight!    Jared, you are a wonderful boss with your incredible optimism and integrity.  Happy birthday to the best congressman out there!","2017-05-13T03:05:38+0000","video","https://www.facebook.com/jaredpolis/videos/10155096622012530/","53481427529_10155096622012530",NA,428,68,8
"53481427529","Congressman Jared Polis","Today Jeanette Vizguerra was finally able to leave the church basement where she was hiding out for months, and play freely with her children outside on this sunny Colorado day.  I was able to introduce legislation to give Jeanette more time while her immigration case resolves itself, and for now it has worked!  But her extended temporary stay is only a bandaid, and it only helps her - not the hundreds of thousands of aspiring Americans caught up in our dysfunctional system.  It's past time we find a comprehensive solution that fixes our broken immigration system as a whole.  Yes, today we can celebrate the fact that Jeanette has two more years for due process to run its course, but tomorrow we need to hunker down and think about what happens after those two years.  https://www.denverite.com/jeanette-vizguerra-colorados-famous-undocumented-immigrant-granted-stay-deportation-35546/","2017-05-12T20:13:52+0000","link","https://www.denverite.com/jeanette-vizguerra-colorados-famous-undocumented-immigrant-granted-stay-deportation-35546/","53481427529_10155095713427530",NA,454,42,40
"53481427529","Congressman Jared Polis","Where there is smoke, there is fire. Now that the President has removed FBI Director James Comey, he is able to directly appoint a new director. To ensure the integrity of the investigation of Russian interference in the 2016 election, now more than ever, we must separate the investigation from the president, his administration, and his appointments.  Now we must act and pass the Protecting Our Democracy Act, which establishes an independent, nonpartisan commission. I will continue to be a vocal advocate for a full investigation and transparency. The health of our democracy is on the line.  https://www.nytimes.com/2017/05/09/us/politics/james-comey-fired-fbi.html","2017-05-09T22:55:00+0000","link","https://www.nytimes.com/2017/05/09/us/politics/james-comey-fired-fbi.html","53481427529_10155086578287530",NA,1574,205,214
"53481427529","Congressman Jared Polis","Under this Republican plan, millions of Americans will lose their health insurance, rates will increase for the rest of us, and insurance companies will be allowed to price out anyone with a pre-existing condition.   This attack on Americans’ health care is devastating. At its core, the GOP's health care plan is a tax cut for the wealthy at the expense of middle-class families, small businesses, and the destitute. With the passage of this bill, it’s clear that Republicans value special interests over people, the wealthy over the middle class, and ideology over economics.","2017-05-04T18:26:55+0000","status",NA,"53481427529_10155070906652530",NA,366,181,161
"53481427529","Congressman Jared Polis","Live Now: Debate on the House floor over the Republicans disastrous health care bill","2017-05-04T15:54:15+0000","video","https://www.facebook.com/housebudgetdems/videos/10154671801774952/","53481427529_10155070469102530","Congressman Jared Polis shared House Budget Committee Democrats's live video.",53,44,0
"53481427529","Congressman Jared Polis","Marijuana Big Thinker Talks","2017-05-03T16:14:03+0000","video","https://www.facebook.com/jaredpolis/videos/10155067143382530/","53481427529_10155067143382530","Congressman Jared Polis was live.",129,60,70
"53481427529","Congressman Jared Polis","Avoidable. What occurred in Firestone, while devastating, was predictable because Colorado sadly does not have adequate protections against dangerous oil and gas developments in our neighborhoods. The days where oil and gas profits are valued more than Coloradans’ safety, property, and quality of life needs to end.   I call upon the Colorado Oil and Gas Conservation Commission to take immediate steps to protect the public and implement new standards to prevent disasters like this from happening in the future.  We cannot continue to delay local control, stricter safety standards, and greater setbacks.   http://polis.house.gov/news/documentsingle.aspx?DocumentID=398372","2017-05-02T22:06:53+0000","link","http://polis.house.gov/news/documentsingle.aspx?DocumentID=398372","53481427529_10155065095422530",NA,530,53,95
"53481427529","Congressman Jared Polis","Today, we reintroduced the Equality Act, a landmark bill that would extend civil rights protections to LGBTQ Americans, helping to finally end discrimination - at the workplace, in housing, and elsewhere.  Now more than ever, we need the Equality Act to finally give all Americans, regardless of who they love, equal protection under the law.","2017-05-02T20:48:18+0000","video","https://www.facebook.com/jaredpolis/videos/10155064764887530/","53481427529_10155064764887530",NA,656,42,90
"53481427529","Congressman Jared Polis","I’m not kidding you, today President Donald J. Trump said, ""Why was there the Civil War? Why could that one not have been worked out?""  Mr. President the Civil War was fought to preserve the union and to abolish the evil institution of slavery. Your statement is grossly offensive and historically ignorant.  It’s shameful to the millions of Americans' ancestors who were enslaved for centuries, the hundreds of thousands of Americans who lost their lives fighting for the union, and to the integrity of the office in which you serve.  Tonight, before going to sleep, I urge not only the President of the United States, but all of you to take a moment to re-read one of the most eloquently crafted reiterations of human equality, and the need for equality to preserve our nation.  Gettysburg Address:  Fourscore and seven years ago our fathers brought forth on this continent a new nation, conceived in liberty and dedicated to the proposition that all men are created equal.   Now we are engaged in a great civil war, testing whether that nation or any nation so conceived and so dedicated can long endure. We are met on a great battlefield of that war. We have come to dedicate a portion of that field as a final resting-place for those who here gave their lives that that nation might live. It is altogether fitting and proper that we should do this.   But in a larger sense, we cannot dedicate, we cannot consecrate, we cannot hallow this ground. The brave men, living and dead who struggled here have consecrated it far above our poor power to add or detract. The world will little note nor long remember what we say here, but it can never forget what they did here. It is for us the living rather to be dedicated here to the unfinished work which they who fought here have thus far so nobly advanced. It is rather for us to be here dedicated to the great task remaining before us--that from these honored dead we take increased devotion to that cause for which they gave the last full measure of devotion--that we here highly resolve that these dead shall not have died in vain, that this nation under God shall have a new birth of freedom, and that government of the people, by the people, for the people shall not perish from the earth.""","2017-05-02T02:22:30+0000","status",NA,"53481427529_10155062692992530",NA,1174,103,197
"53481427529","Congressman Jared Polis","What would you do if a law enforcement officer, without a warrant, requested that you turn over your mobile phone and password?  Most of us would be alarmed given that today’s average smart phone is a portal to an abundance of our private information, often linking to health records, personal contacts, private emails and a bank account. The federal government should not be allowed to demand that U.S. citizens release that information without a warrant, whether it is stored on a mobile phone or not.  That’s why I introduced the Protecting Data at the Border Act, which requires law enforcement to obtain a warrant based on probable cause prior to searching or seizing a device of a U.S. citizen.   http://thehill.com/blogs/congress-blog/judicial/330547-lets-end-warrantless-searches-at-the-border","2017-05-01T01:00:00+0000","link","http://thehill.com/blogs/congress-blog/judicial/330547-lets-end-warrantless-searches-at-the-border","53481427529_10155059128737530",NA,505,45,54
"53481427529","Congressman Jared Polis","President Donald J. Trump must stop signing unconstitutional executive orders and creating sensationalized propaganda that targets our immigrant communities. In the absence of congressional action, I’m proud to see cities across the country stand up to the administration and say, “We value our immigrant communities!”   It’s time for the President to end his hateful programs and rhetoric and work with Congress to create a modern system of lawful migration that aligns with our values & economic needs as a nation.  http://www.msnbc.com/msnbc-news/watch/an-immigration-crossroads-for-the-american-polis-933183555593","2017-04-30T21:56:35+0000","video","http://www.msnbc.com/msnbc-news/watch/an-immigration-crossroads-for-the-american-polis-933183555593","53481427529_10155059124527530",NA,567,48,52
"53481427529","Congressman Jared Polis","Today, millions of people across the world marched through the snow, the heat, and the rain to raise awareness about the impacts of climate change. The message of the march was simple: we deserve clean air, clean water, and a healthy future for generations to come. We all play a role in preserving our planet.   That’s why last week, I introduced the Solar EDGE Act. This bill would simply increase our current investment for small solar projects, with the goal of growing the domestic solar market. Colorado is the perfect example of state where solar energy is a viable energy option for families, and renewable energy is an industry that can create jobs and reshape our economy for the 21st century.  Now is the time for alternative energy, not alternative facts. We must act in order to protect our planet for generations to come. Denial is not a policy.  http://www.reporterherald.com/news/loveland-local-news/ci_30935914/rep-jared-polis-tours-loveland-solar-facility-talks","2017-04-29T22:12:46+0000","link","http://www.reporterherald.com/news/loveland-local-news/ci_30935914/rep-jared-polis-tours-loveland-solar-facility-talks","53481427529_10155056138777530",NA,396,16,25
"53481427529","Congressman Jared Polis","The first 115 days in the 115th Congress: three bills passed out of the House of Representatives; thousands of letters, emails, and calls; 30 town halls and events in Colorado; and meeting face-to-face with over 6,000 Coloradans. All while holding the Trump administration accountable. It's been a busy 115 days, but all of you continue to be the wind in my sails.","2017-04-28T02:50:59+0000","video","https://www.facebook.com/jaredpolis/videos/10155050695912530/","53481427529_10155050695912530",NA,617,89,44
"53481427529","Congressman Jared Polis","President Trump’s Victims of Immigration Crime Engagement (VOICE) office will spew propaganda and ‘alternative facts’ by highlighting crimes committed by immigrants, as opposed to equally harmful crimes committed by U.S. citizens. It is a wasteful use of taxpayer resources that will manipulate law enforcement data in an attempt to play on fears and anxieties.  I am countering VOICE with the Saved by American Immigrants National Taskforce (SAINT), which is grounded in reality and positivity, highlighting the many valuable contributions of immigrants within our communities. SAINT will collect stories of the countless immigrants who are contributing to U.S. society through heroic acts.  http://www.huffingtonpost.com/entry/5900f209e4b06feec8ac92e0","2017-04-26T20:49:10+0000","link","http://www.huffingtonpost.com/entry/5900f209e4b06feec8ac92e0","53481427529_10155046723232530",NA,326,32,100
"53481427529","Congressman Jared Polis","Nearly 100 million miles away from the Sun lies a little green and blue planet we call home.  Though it may be hard to believe given the vastness of space, all-life, as we know it, is on this planet. We're fortunate to have the ability to not only ride on this planet throughout the cosmos, but also live in a place with unparalleled geological formations, outstanding wildernesses, and beautiful animals.   Given this, we must take action to protect the only place we call home. Humankind deserves strong action now to slow the pace of climate change, which in turn helps our economy and our health. The scientific evidence is clear – climate change is occurring and immediate action is needed to ensure that our next generation will be able to not only live, but enjoy the beauty of our planet.  This Earth Day, I hope you get the chance to enjoy the outdoors, but if you don't, I hope you take the time to recognize just how lucky we are to spend time on our tiny, but glorious rock. Happy Earth Day!","2017-04-22T15:48:43+0000","photo","https://www.facebook.com/jaredpolis/photos/a.130848302529.105829.53481427529/10155033305392530/?type=3","53481427529_10155033305392530",NA,412,19,38
"53481427529","Congressman Jared Polis","Today, Time Magazine revealed its list of the most influential people of 2017, including Jeanette Vizguerra, who has been hiding out in a church basement in Denver since early February.    I visited Jeanette last month and admire her willingness to be such a public face for the millions of people directly impacted by our broken immigration system.     I have introduced legislation since 2013 to help Jeanette by halting her removal.  But now, under the Trump Administration, she has been designated for deportation despite her pending legal U-Visa.    Deportation would tear her family apart and separate her from her American children.  Tearing apart families and detaining productive members of our communities is against everything we hold dear, and I urge ICE to reconsider its enforcement actions against her.    We can all agree that our immigration system needs to be reformed, but we ought to reform it in a way that provides greater opportunity for those who - like Jeanette - seek to make a better life for themselves and contribute to their communities legally.  I could only hope that Jeanette’s case will help lead to meaningful, swift change.  http://time.com/collection/2017-time-100/4736271/jeanette-vizguerra/","2017-04-20T21:25:24+0000","link","http://time.com/collection/2017-time-100/4736271/jeanette-vizguerra/","53481427529_10155025938072530",NA,289,9,46
"53481427529","Congressman Jared Polis","The federal government can no longer turn a blind eye to the rapidly expanding marijuana industry. The Trump administration’s refusal to take a stance on the regulation of cannabis only further hinders our businesses and medical options, causing worry about arbitrarily or even politically motivated selective enforcement.   I will continue to advocate and fight for pragmatic marijuana policy in Congress, and it’s about time our president tells us where exactly he stands on marijuana.  http://www.denverpost.com/2017/04/14/jared-polis-cannabis-regulation-states/","2017-04-14T23:20:14+0000","link","http://www.denverpost.com/2017/04/14/jared-polis-cannabis-regulation-states/","53481427529_10155004607857530",NA,266,21,16
"53481427529","Congressman Jared Polis","130 plus miles logged yesterday traveling to Greeley, Fort Collins, and Loveland on a sunny Colorado day!  Fittingly, we had discussions with students and educators about how we can ensure that all students have a sunny and bright future.  Thank you to Early College Academy, Salida Del Sol Academy, the Poudre School District's Board of Education, The Family Center/La Familia, and the Thompson School District's Board of Education for hosting us.  As a member of the Education and Workforce Committee and the top Democrat on the early childhood through high school subcommittee, and member of the higher education subcommittee, I plan to continue to reach out to schools and districts in Colorado who are leading the way on education equity, innovation, and affordability.  http://www.reporterherald.com/ci_30920691/polis-discusses-innovation-funding-tsd","2017-04-14T20:23:51+0000","link","http://www.reporterherald.com/ci_30920691/polis-discusses-innovation-funding-tsd","53481427529_10155004326897530",NA,214,10,5
"53481427529","Congressman Jared Polis","By first bombing Assad and now Assad's (and our) enemy Isis (in a different region), The President is establishing the Trump doctrine as ""bomb them all to hell.""  These kinds of large scale overseas military operations often backfire, have unintended consequences including the loss of innocent lives, and can pull us into even more conflict. The big question is: does this make Americans safer?  I look forward to receiving classified and unclassified briefings on these actions and the intelligence leading to them when Congress reconvenes.","2017-04-13T17:37:13+0000","link","http://www.cnn.com/2017/04/13/politics/afghanistan-isis-moab-bomb/index.html","53481427529_10155000190792530",NA,471,347,273
"53481427529","Congressman Jared Polis","As a member of the Jewish community, I am hurt every time our history is denied, and as an American and human being, I am appalled by Sean Spicer's recent assertion that Hitler did not use chemical weapons. It is a fact that the Nazis used lethal gas to murder millions of Jews and other minorities. To say the contrary is to undermine the memory of each innocent victim. Every time the administration spews alternative facts, the entire nation suffers and loses credibility worldwide. I strongly implore the administration to retract the comparison set out by Sean Spicer. If we deny history, we're bound to repeat it.  http://polis.house.gov/news/documentsingle.aspx?DocumentID=398336","2017-04-11T22:15:10+0000","link","http://polis.house.gov/news/documentsingle.aspx?DocumentID=398336","53481427529_10154993550012530",NA,1206,136,230
"53481427529","Congressman Jared Polis","Wow! Thank you to everyone who came out to my town halls over the weekend. I am amazed and inspired by the civic participation that is emerging across the country. On Friday, I even had Alex, an 8 year-old, ask me in a room of 800 people, what I was doing to protect PBS Kids (everything I can!).  I did want to take a moment to respond to a question that I continue to hear at my town halls, “What can I do to help?”  You’ve already done so much! Your phone calls, your letters, your emails, your engagement on social media, and your voice have made a tremendous difference.  Your stories played a significant role in (for now!) halting the Republicans efforts to pass their disastrous health care bill which would have cost over 20 million Americans their insurance. Your opinions assisted in getting Steve Bannon removed from the National Security Council. Your love for public lands halted legislation that would sell our beautiful public lands to the highest bidder. Your feedback is truly the wind in my sails in Washington D.C., so please continue to provide it.  As for my part, I will continue to work tirelessly to hold the Trump administration accountable, and I will continue to legislate in areas that benefit all Coloradans and Americans. Again, thank you for your participation, and please continue to provide me with feedback!","2017-04-11T18:12:52+0000","photo","https://www.facebook.com/jaredpolis/photos/a.130848302529.105829.53481427529/10154992765717530/?type=3","53481427529_10154992765717530",NA,973,69,45
"53481427529","Congressman Jared Polis","Boulder Town Hall","2017-04-07T23:38:32+0000","video","https://www.facebook.com/jaredpolis/videos/10154977125737530/","53481427529_10154977125737530","Congressman Jared Polis was live.",178,58,29
"53481427529","Congressman Jared Polis","Any act of war requires a formal declaration from Congress, and I strongly urge the President to fulfill his constitutional responsibility by consulting Congress before taking any further military action in Syria. I also believe the U.S. cannot disregard the continued terror in Syria, and that is why I have called for an increase in the admission of Syrian refugees, and why the President must reconsider his policies that seek to shut down all migration from Syria. Earlier today, I signed on to a bill to encourage the use of all diplomatic and economic means to compel the Assad regime to transfer power peacefully.  http://polis.house.gov/news/documentsingle.aspx?DocumentID=398334","2017-04-07T22:39:25+0000","link","http://polis.house.gov/news/documentsingle.aspx?DocumentID=398334","53481427529_10154976965677530",NA,647,59,85
"53481427529","Congressman Jared Polis","Today, I introduced the Protecting Data at the Border Act. The government should not have the right to access your personal electronic devices without probable cause.   Whether you are at home, walking down the street, or at the border, we must make it perfectly clear that our Fourth Amendment protections extend regardless of location.   This bill is overdue, and I'm glad we can come together in a bicameral, bipartisan manner to ensure that Customs and Border Patrol agents don’t continue to violate essential privacy safeguards.  https://www.buzzfeed.com/hamzashaban/new-bill-would-outlaw-warrantless-phone-searches-at-the?utm_term=.iugPVxLqZ6#.lkZDo6dK1q","2017-04-05T01:30:46+0000","link","https://www.buzzfeed.com/hamzashaban/new-bill-would-outlaw-warrantless-phone-searches-at-the?utm_term=.iugPVxLqZ6#.lkZDo6dK1q","53481427529_10154963242207530",NA,825,54,80
"53481427529","Congressman Jared Polis","80 percent is not fair and is not enough. That's why I support equal pay for equal work.","2017-04-04T20:47:28+0000","video","https://www.facebook.com/jaredpolis/videos/10154962521767530/","53481427529_10154962521767530",NA,1086,54,196
"53481427529","Congressman Jared Polis","At a time when we’re seeing an increase in global temperatures due to human impact (that’s a fact!) the Trump administration is taking drastic steps to hurt our economy, environment, and health.  Last week, President Trump formally approved the Keystone XL Pipeline, and followed that up this week by dismantling President Obama’s work to protect our environment, including the Clean Power Plan, one of the most important climate policies every crafted. These acts are occurring while the Dakota Access Pipeline is about to begin operating, and Congressional Republicans continue to pass bills that undermine and attack science.  I want all of you to know that I will continue to fight against these disastrous actions! That’s why today I introduced the CLIMATE Act, along with several colleagues, to attempt to prevent President Trump’s most recent Executive Orders from being implemented. We must continue to fight to protect our environment. It’s our responsibility to uphold all the progress made to combat climate change and to ensure the safety of our planet for ourselves and future generations.","2017-03-31T02:23:36+0000","photo","https://www.facebook.com/jaredpolis/photos/a.130848302529.105829.53481427529/10154945775682530/?type=3","53481427529_10154945775682530",NA,293,65,34
"53481427529","Congressman Jared Polis","Colorado has proven that allowing responsible adults to legally purchase marijuana, gives money to classrooms, not cartels; creates jobs, not addicts; and boosts our economy, not our prison population. Now, more than ever, it is time we end the federal prohibition on marijuana. This budding industry can’t afford to be stifled by the Trump administration and its mixed-messages scare tactics about cannabis.    https://t.co/vhRXvAVenk","2017-03-30T14:37:58+0000","link","https://t.co/vhRXvAVenk","53481427529_10154944018677530",NA,1116,83,165
"53481427529","Congressman Jared Polis","Today, disappointingly, Republicans chose to allow broadband internet providers to sell off your personal information without your permission. Lawmakers who voted in favor of this bill just sold out the American people to special interests.   http://polis.house.gov/news/documentsingle.aspx?DocumentID=398330","2017-03-28T22:06:12+0000","link","http://polis.house.gov/news/documentsingle.aspx?DocumentID=398330","53481427529_10154938438612530",NA,413,128,389
"53481427529","Congressman Jared Polis","Just now the Republicans pulled their repeal of the Affordable Care Act! Thank you for the thousands of calls, emails, and feedback!  YOU did it!!!! (for now at least)  #ProtectOurCare","2017-03-24T19:41:38+0000","status",NA,"53481427529_10154924015112530",NA,1711,172,100
"53481427529","Congressman Jared Polis","Today, we defend progress. Today, we fight for 24 million Americans' health coverage.","2017-03-24T18:03:04+0000","video","https://www.facebook.com/jaredpolis/videos/10154923704302530/","53481427529_10154923704302530",NA,995,182,81
"53481427529","Congressman Jared Polis","Congratulations to my constituent Xiuhtezcatl Martinez and his fellow plaintiffs who won an important Appeals court case that will help keep Coloradans healthy and protect our environment.  The decision says that protecting the public health and environment in Colorado is “a condition that must be fulfilled” BEFORE oil and gas drilling is approved. Thank you Xiuhtezcatl for putting yourself out there as a guardian of our planet, air, water, and health.","2017-03-24T03:22:53+0000","link","http://www.denverpost.com/2017/03/23/colorado-appeals-court-state-must-protect-health-environment/","53481427529_10154921909057530",NA,1149,44,256
"53481427529","Congressman Jared Polis","While Democrats in the House of Representatives are facing off in Committee defending the progress made by the Affordable Care Act, Senate Republicans are attempting to sneak through a bill to eliminate broadband consumer privacy protections, affecting nearly everyone who uses the Internet (I kid you not!).  As our gateway to the Internet, Broadband Internet Service Providers – commonly referred to as ISPs - have access to a wealth of personal information, from your physical location to your shopping habits and the medical issues you research – they reveal potentially sensitive details about our personal lives. Should they be able to sell your information without your permission?  Rather than building an economy that works for everyone, fixing our broken immigration system, or making college more affordable, Republicans are spending time undermining your privacy protections. I wrote about this horrific bill in the Huffington Post, take a look.  http://www.huffingtonpost.com/entry/58d2d5fce4b002482d6e6dbd","2017-03-23T02:30:02+0000","link","http://www.huffingtonpost.com/entry/58d2d5fce4b002482d6e6dbd","53481427529_10154917679462530",NA,230,38,213
"53481427529","Congressman Jared Polis","Well now, we know! 230 members of Congress (all Republicans) don’t believe we need to release President Donald Trump’s tax information. A few days ago, I introduced a privileged resolution that forced a vote today on basic transparency at our highest level of government.  Today, we held a vote and unfortunately, it didn’t pass. I want to thank every single Democrat and Rep. Walter Jones (the only Republican!) who voted to have this vital information released. We may have lost this vote, but I am forging ahead and will use every lever available to hold the Trump administration accountable and bring more transparency to the American people.  https://origin-nyi.thehill.com/policy/finance/325223-house-votes-to-block-dem-resolution-on-trumps-tax-returns","2017-03-22T21:54:41+0000","link","https://origin-nyi.thehill.com/policy/finance/325223-house-votes-to-block-dem-resolution-on-trumps-tax-returns","53481427529_10154917188922530",NA,588,217,178
"53481427529","Congressman Jared Polis","What's the goal of the Republicans' health care plan?  Is it to find a way to make health care cost more? To create a policy that will cover fewer Americans?  If that's the goal, the Republican bill is the perfect fit. Pay more for less coverage.","2017-03-21T23:24:09+0000","video","https://www.facebook.com/jaredpolis/videos/10154913595187530/","53481427529_10154913595187530",NA,406,77,64
"53481427529","Congressman Jared Polis","In 2009, I was appointed to the Board of Visitors of the United States Air Force Academy. I was appointed to serve at a time when gay and lesbian cadets were forced to remain closeted because of the discriminatory “don't ask, don't tell” policy.   Now, just six years after the end of that policy, the incoming Commandant of the Air Force Academy Kristin Goodwin will be moving to Colorado Springs with her wife and kids. How far we've come that she has the opportunity to be a Brigadier General and pursue the next phase of her career in such an important position, preparing the next generation of Air Force Officers. I look forward to personally welcoming her to Colorado.  http://www.csindy.com/IndyBlog/archives/2017/03/20/new-female-afa-commandant-moving-here-soon-with-her-wife","2017-03-21T16:50:11+0000","link","http://www.csindy.com/IndyBlog/archives/2017/03/20/new-female-afa-commandant-moving-here-soon-with-her-wife","53481427529_10154912201737530",NA,422,14,61
"53481427529","Congressman Jared Polis","Tonight on the floor of the House of Representatives, I brought a privileged resolution that would require President Donald J. Trump  to release his tax information. Congress has the legal authority to act in the Ways and Means Committee under Section 6103 of the Internal Revenue Code.  The House deferred action on this resolution for two days, which now means in two days' time I'll be able to force a vote on this resolution, and if it passes then, we will finally get answers to so many vital questions.  This is a common sense request for basic transparency in our government. This resolution is entirely consistent with the longstanding tradition of Presidents and Presidential candidates disclosing their tax returns.  The public deserves to know President Trump’s financial ties, and whether he is economically beholden to foreign interests.  Politicians have an obligation to be public servants, not profiteers. We need answers.  Article: http://thehill.com/blogs/floor-action/house/324894-gop-blocks-dem-effort-to-request-trump-tax-returns  Video: https://www.c-span.org/video/?c4662125/rep-jared-polis-privileged-resolution","2017-03-20T23:29:05+0000","link","https://www.c-span.org/video/?c4662125%2Frep-jared-polis-privileged-resolution","53481427529_10154910087072530",NA,2526,296,448
"53481427529","Congressman Jared Polis","President Trump's budget proposal is a carelessly crafted wrecking ball.   The President's budget says less diplomacy, more bombs.  He's saying less resources for underserved students, and more for private schools. He’s saying less funding for our world-renowned scientists, and more dollars for walls. He's saying less environmental protections, and more pollution in our air and water.   His budget is a statement of his principles, and it is deeply troubling. In the 21st century, our budget needs to solve problems not roll back progress.   http://polis.house.gov/news/documentsingle.aspx?DocumentID=398316","2017-03-16T18:15:12+0000","link","http://polis.house.gov/news/documentsingle.aspx?DocumentID=398316","53481427529_10154896955447530",NA,508,72,115
"53481427529","Congressman Jared Polis","Today, Attorney General Jeff Sessions said a blatant and dangerous lie by delivering the follow remarks: “I am astonished to hear people suggest that we can solve our heroin crisis by legalizing marijuana – so people can trade one life-wrecking dependency for another that’s only slightly less awful.  Our nation needs to say clearly once again that using drugs will destroy your life.”  Wow. Every responsible adult, medical expert, and scientist knows that the dangers of heroin far outweigh the effects of responsible marijuana use.   Medical marijuana, which is far less addictive and harmful than opioids, can play a significant role in reducing the current epidemic of opioid addiction and deaths. 2014 data from the Journal of the American Medical Association showed that medical cannabis laws are associated with significantly lower (24.8%) state-level opioid overdose mortality rates. In cases where marijuana works for chronic pain management, it should be a preferred option over opioids.  Colorado is living proof that allowing responsible adults to use marijuana if they choose gives money to classrooms instead of cartels, creates jobs instead of addicts, and boosts our economy instead of our prison population. It’s time for AG Jeff Sessions to catch up with the times and end this fake-fact based witch hunt.","2017-03-16T02:00:28+0000","status",NA,"53481427529_10154894841967530",NA,838,81,142
"53481427529","Congressman Jared Polis","Dear President Donald J. Trump,  Today, I wanted to write briefly on a topic that has been extraordinarily troubling to my community. That is your administration’s war on science.  I’m proud to represent a district that is home to world-renowned research and science facilities. Our federal laboratories and institutions are sources of ingenuity and generate advancements ranging from lifesaving devices to renewable energy tech to weather prediction tools. They provide good-paying professional jobs that do important work in the public interest, and help our community attract and retain a highly educated workforce, which in-turn fuels further innovation.  Since I’ve been in office, there has never been a time until now when hundreds of acclaimed scientists, researchers, and analysts have called my office worried about losing funding for research projects and scientific programs. I believe when some of the brightest minds in the world call my office, at the bare minimum, we should listen, and more likely than not, we should act.  Mr. President, we’re at a critical time; at this moment, some of the most intelligent thinkers on our planet are extraordinarily concerned about the direction that we’re heading with regard to our nation’s acceptance of science, and also worried that decades of progress are about to come to a halt because of your administration’s inability to accept scientific facts, theories, and publications.  Mr. President, your administration must accept science and the validity of the scientific process, or it will take our country and world into a tailspin economically. You must accept the fact that dismantling our federal laboratories, crippling science budgets, and placing a gag order on scientific agencies harms our nation’s growth and prosperity.   I strongly urge you to support and fully fund our federal research laboratories and research grants to our Universities. America must continue to be a model on the global platform for innovators, entrepreneurs, and leaders in the scientific community. For America to be great, we need to continue to be the global leader in science.  Mr. President, please understand that the scientific community is not only beneficial to the American economy, but also vital for the betterment of humankind.  Writing this to you in 2017,  Rep. Jared Polis (D-Colo.)  Proudly representing the Second Congressional District of Colorado and several outstanding scientific and research institutions including: National Oceanic and Atmospheric Administration (NOAA) , National Institute of Standards and Technology (NIST), Centers for Disease Control and Prevention (CDC), the National Center for Atmospheric Research (NCAR), and high quality research institutions University of Colorado Boulder, and Colorado State University.","2017-03-15T20:00:14+0000","status",NA,"53481427529_10154894018412530",NA,2092,184,542
"53481427529","Congressman Jared Polis","The non-partisan Congressional Budget Office announced the score for Republican's health care plan that provides less health care coverage for more money.   Here is the timeline of Americans' losing insurance under the proposed GOP health care plan:   2018 ➡️ 14 million Americans' lose insurance  2020 ➡️ 21 million Americans' lose insurance  2026 ➡️ 24 millions Americans' lose insurance   But that's not all, under this plan families and individuals with health care insurance will see their rates increase. Drastic price hikes for seniors!   This health care plan is reckless. It results in Americans' paying more for less health care coverage.    My office has been bowled over by so many of your stories about how the ACA has helped you and your families.  I will keep advocating on your behalf.","2017-03-14T14:52:31+0000","status",NA,"53481427529_10154889284552530","Congressman Jared Polis updated their status.",185,65,55
"53481427529","Congressman Jared Polis","Thank you to the over 1,800 people who came out for my Broomfield and Fort Collins town hall meetings this weekend. I am amazed and inspired by the renewed civic engagement and activism that is emerging across the country as demonstrated in these record-breaking town halls.  The silver lining of this President's false and outrageous statements coupled with the legitimate and serious doubts around his integrity and conflicts of interest is that Americans are realizing that we can no longer afford to sit on the sidelines. I have NEVER seen this level of attendance or engagement and I return to Washington D.C. reinvigorated to fight on for truth, transparency, and to defend our inclusive American values.","2017-03-13T23:24:39+0000","link","http://www.reporterherald.com/news/larimer-county/ci_30852757/polis-town-hall-draws-800-fort-collins","53481427529_10154887384947530",NA,1348,64,109
"53481427529","Congressman Jared Polis","Fort Collins Town Hall:","2017-03-13T00:04:02+0000","video","https://www.facebook.com/Coloradoan/videos/10154274632106472/","53481427529_10154884050727530","Congressman Jared Polis shared The Coloradoan's live video.",302,40,0
"53481427529","Congressman Jared Polis","This week, Republicans rushed an Affordable Care Act repeal bill through two Committees, giving Americans little time to review how this alternate proposal would affect their health.   I believe fixing our health care system - not tearing it down - is the only way forward, and am proud to offer amendments such as one to create a public insurance plan option that would increase health coverage and save taxpayers $50 billion. My amendment was defeated in a party line vote.","2017-03-10T22:31:16+0000","video","https://www.facebook.com/jaredpolis/videos/10154876067182530/","53481427529_10154876067182530",NA,398,98,64
"53481427529","Congressman Jared Polis","EPA Administrator Scott Pruitt questioned the fact that carbon dioxide is a primary contributor to climate change. So, my five year-old son CJ and I sat down to share a few facts of our own.","2017-03-10T00:36:48+0000","video","https://www.facebook.com/jaredpolis/videos/10154872840997530/","53481427529_10154872840997530",NA,763,65,338
"53481427529","Congressman Jared Polis","While the Trump administration has already made it clear that they will not stand up for transgender Americans, I am proud to stand in support of transgender students like Gavin Grimm whose case was sent to the U.S. Court of Appeals for the Fourth Circuit by the Supreme Court today.  I've heard so many concerns from members of the LGBT + community and their families that we are convening a Digital Roundtable tonight (Tuesday, 3/7) at 6:30 MT that will be moderated by the outstanding Eden Lane!   If you want to hear more about how this case and the Trump administration could impact the rights of LGBTQ students and the community at-large, join me and several folks from our community.   Post questions you have in the comments section and please tune into the Google Hangout live tomorrow!  https://www.youtube.com/watch?v=QYiRlDARrsg","2017-03-07T00:52:07+0000","link","https://www.youtube.com/watch?v=QYiRlDARrsg","53481427529_10154861304922530",NA,140,11,7
"53481427529","Congressman Jared Polis","On Tuesday, I was honored to bring Oscar Juarez-Luna to President Donald Trump's address to Congress.  Oscar grew up only knowing the US as home, he was a captain of his high school soccer team, and wanted to serve our nation in the Armed Forces.  When he tried to enlist, he learned he was unable to do so because he was undocumented.  Oscar is now a DACA recipient (a DREAMer) and at the age of 25, he's running a small business, pursuing a degree in mechanical engineering, and has grown into an advocate for other immigrants who he says are ‘left in the shadows.’  Oscar is an outstanding representative for the millions of aspiring Americans throughout this great nation who contribute so much to our communities and economy. See his bio here: http://bit.ly/2mBgzWY","2017-03-03T18:30:55+0000","video","https://www.facebook.com/jaredpolis/videos/10154849615812530/","53481427529_10154849615812530",NA,271,20,34
"53481427529","Congressman Jared Polis","Every day, more and more evidence is discovered about the dangerous ties between the Trump campaign and administration with Russia.  The development involving Attorney General Jeff Sessions is gravely concerning. Obviously, Jeff Sessions is not the best person to investigate Jeff Sessions, and I am pleased that he is finally recusing himself from investigations involving Russia and the Trump campaign.In addition, if Sessions is found guilty of perjuring himself during his Senate confirmation hearing, he should resign.    Americans deserve to have people of only the highest level of integrity leading the Department of Justice, and now more than ever, we need a 9/11-like, non-partisan, independent commission to investigate any forms of collusion.  http://polis.house.gov/news/documentsingle.aspx?DocumentID=398310","2017-03-02T22:12:31+0000","link","http://polis.house.gov/news/documentsingle.aspx?DocumentID=398310","53481427529_10154846434692530",NA,712,84,51
"53481427529","Congressman Jared Polis","Today I announced the Saved by American Immigrants National Taskforce or “SAINT” to collect stories of immigrants who have positively contributed to U.S. society through heroic acts.  This taskforce comes in response to President Trump’s fearmongering announcement in his Joint Address -- that he would create a Victims of Immigration Crime Engagement office, or VOICE, which will artificially highlight crimes committed by immigrants.  President Trump was wrong when he insinuated immigrants are a greater threat to public safety than American citizens. This fear is misplaced and perpetuated by ‘alternative facts’ or lies.  In actuality, immigrants are much less likely to commit crimes than people born in the United States.   The truth is that hard working immigrants help vitalize our economy at home and bolster our global competitiveness, and yes, some of them save the lives of Americans.  Please SHARE/LIKE this post and comment below with any stories, articles, or personal experiences you’ve heard or witnessed of immigrants completing heroic acts. Let’s give voice to the stories of the SAINTS among US.  https://www.c-span.org/video/?c4658953/rep-jared-polis-launches-saved-american-immigrants-national-taskforce","2017-03-01T21:47:44+0000","link","https://www.c-span.org/video/?c4658953%2Frep-jared-polis-launches-saved-american-immigrants-national-taskforce","53481427529_10154843005302530",NA,3070,253,2022
"53481427529","Congressman Jared Polis","WATCH LIVE press conference: Democrats Bring Diverse Guests to Trump’s Joint Address to Congress","2017-02-28T18:14:25+0000","video","https://www.facebook.com/jaredpolis/videos/10154839639132530/","53481427529_10154839639132530","Congressman Jared Polis was live.",138,42,24
"53481427529","Congressman Jared Polis","Hemp on the Hill","2017-02-28T17:04:59+0000","video","https://www.facebook.com/jaredpolis/videos/10154839458932530/","53481427529_10154839458932530","Congressman Jared Polis was live.",203,77,57
"53481427529","Congressman Jared Polis","Oscar, my guest to President Trump’s Joint Address, arrived in D.C. today.  He came to my office on Capitol Hill, and fit right in with my young D.C. staff … nearly all of whom like him were born after 1990.      You see – Oscar is just like other young Americans.  He is trying to build a life for himself, give back to his community, and make a difference in the world.   The only difference is Oscar is undocumented, and even though he grew up here, went to school here, and only knows this country as his home – he constantly has to wonder if today is the day that President Trump will rescind the DACA program, which allows him to live and work legally in the U.S.  Like 750,000 other young people, Oscar is a DREAMer, and I want him to know he’s welcome here.  And I want President Trump to know that I will fight for Oscar and other immigrants like him.  I hope that President Trump looks at the gallery and sees the great future of our nation rather than something to fear and someone to demonize.  http://www.timescall.com/longmont-local-news/ci_30823684/undocumented-longmont-immigrant-will-be-jared-polis-guest","2017-02-28T05:25:55+0000","link","http://www.timescall.com/longmont-local-news/ci_30823684/undocumented-longmont-immigrant-will-be-jared-polis-guest","53481427529_10154838194097530",NA,1052,103,73
"53481427529","Congressman Jared Polis","Today, I had hundreds of calls from my constituents asking that I sign onto the Nadler Resolution. This bill would direct the Department of Justice to release any information relevant to President Trump’s conflicts of interests, ethical violations, or Russian ties. Um...yeah! I want my constituents to know that I am proud to be a co-sponsor of this resolution.   While, I’m writing about the Nadler Resolution I also want to share with you other bills I have signed onto that represent constituent concerns, as I do my best to ensure the integrity, transparency, and legality of the President and his actions:  Co-sponsored the “Presidential Accountability Act” extends federal conflict of interest law to all federal politicians, banning the President and Vice President from promoting their business or personal profits when in public office.   Co-sponsored the “No Funds for Unconstitutional Executive Orders Act” defunds the executive order banning refugees.  Co-sponsored the “Presidential Tax Transparency Act” requires presidents and presidential candidates to disclose tax information.   Co-sponsored the “DREAMer Information Protection Act” protects young beneficiaries of the Deferred Action for Childhood Arrivals program.  Co-sponsored the “Protecting Our Democracy Act” to call for the investigation of Russian interference in the past election.  Co-sponsored a resolution to abolish the Electoral College and have presidents elected directly by the people.  As you know, it will be an uphill battle to get any of this legislation signed into law, but it is my duty to try to do everything possible to hold this administration accountable.  I am proud to have so many of you alongside me in the push to protect our democratic republic and our Constitutional rights.","2017-02-25T02:34:13+0000","status",NA,"53481427529_10154829418197530","Congressman Jared Polis updated their status.",2904,410,305
"53481427529","Congressman Jared Polis","The President has said time and again that the decision about marijuana needs to be left to the states. Now either the President is flip-flopping or his staff, once again, is chaotically speaking out of turn. Either way these comments leave doubt and uncertainty for the marijuana industry and for law-abiding customers, stifling job growth in my state.   I've already received calls to my office from constituents and business owners not knowing how to proceed. The public has spoken on regulated recreational marijuana, we’ve seen it work in Colorado, and now is the time to lift the federal prohibition.","2017-02-24T03:00:04+0000","link","http://polis.house.gov/news/documentsingle.aspx?DocumentID=398308","53481427529_10154825691647530",NA,778,66,181
"53481427529","Congressman Jared Polis","Experts disagree as to whether we have enough nuclear bombs to destroy human life on Earth five times over or ten times over. What's clear is that we can kill every human on the planet, level every city, and that plenty of nuclear bombs will rust away unused on whatever is left of a dead planet. Now, from a man who just a few months ago didn't know what our Nuclear Triad is (submarine, bomber, and missile delivery), a call for spending even more of our taxpayer money and increasing our budget deficit to be ""top of the pack,"" because of course blowing up the planet five times simply isn't enough.   But smile everyone, the best case is it only plunges us deeper in debt.","2017-02-23T23:26:59+0000","link","https://www.google.com/amp/mobile.reuters.com/article/amp/idUSKBN1622IF","53481427529_10154825682657530",NA,242,143,233
"53481427529","Congressman Jared Polis","The First Amendment is a cornerstone to our democracy. In America, it's ok to have a difference of opinion, but we should never dispute facts.","2017-02-22T21:00:27+0000","video","https://www.facebook.com/jaredpolis/videos/10154821886747530/","53481427529_10154821886747530",NA,760,49,134
"53481427529","Congressman Jared Polis","My family, like many immigrant families, came to this country seeking freedom, economic opportunity, and an escape from religious discrimination. Fleeing terror and persecution by the Tsar and Cossacks, Bertha and Mendel Polis crossed the Atlantic Ocean in 1905.  It is 2017, and as a Jewish American, I am horrified by the anti-Semitic acts throughout the nation. Now more than ever, we must stand up against all hatred and discrimination including the recent threats against dozens of Jewish Community Centers including the Boulder JCC. The entire world is watching.  https://www.c-span.org/video/?c4655519/rep-jared-polis-holocaust-speech","2017-02-22T02:01:58+0000","link","https://www.c-span.org/video/?c4655519%2Frep-jared-polis-holocaust-speech","53481427529_10154820249782530",NA,784,65,82
"53481427529","Congressman Jared Polis","The results are in. A majority of Americans live in a state that has some form of legal access to cannabis, yet the federal prohibition of marijuana continues to infringe on the rights of states and individuals.  At a time when partisanship is at an all-time high (pun intended!), I’m glad that both Democrats and Republicans can come together and work to reform marijuana laws to align with science and the will of the American people.   I'm proud to be a founding member of the new Congressional Cannabis Caucus, where we will seek ways to regulate marijuana more like alcohol.  http://www.denverpost.com/2017/02/16/jared-polis-cannabis-caucus-congress/","2017-02-18T00:01:24+0000","link","http://www.denverpost.com/2017/02/16/jared-polis-cannabis-caucus-congress/","53481427529_10154808134817530",NA,512,47,47
"53481427529","Congressman Jared Polis","Last week, when President Trump learned that North Korea was testing nuclear weapons, he didn’t get up from where he was on an outdoor patio at the swanky Mar-A-Largo resort.  Instead, President Trump continued to sit on the patio, discussing nuclear security strategy in the presence of onlookers while using his unsecured phone.    It doesn't stop there.  There are now reports that senior White House staff may have even been using unsecured, political email accounts from within the White House.   That is why yesterday I sent a letter to the House Oversight and Government Reform Committee requesting that they hold a public hearing into the troubling reports that the President is jeopardizing national security by failing to comply with basic security measures.","2017-02-17T20:25:11+0000","photo","https://www.facebook.com/jaredpolis/photos/a.130848302529.105829.53481427529/10154807692122530/?type=3","53481427529_10154807693872530","Congressman Jared Polis added 3 new photos.",1954,297,826
"53481427529","Congressman Jared Polis","I kid you not - today the Republicans passed a Puppy Killing bill that would allow the gassing and slaughter of wolf pups in and near their dens, the shooting of bears from aircraft, and the use of painful steel-jaw traps on bears who reside in our Federal Wildlife Refuge in Alaska.   A refuge by definition is a place of “being safe or sheltered from pursuit, danger, or trouble,"" and this bill completely undermines wildlife protections allowing for the most inhumane and painful forms of wolf and bear slaughter. Today, I argued against this horrific bill on the floor of the US House:   https://www.c-span.org/video/?c4657246/rep-jared-polis-repealing-hunting-rule-alaska","2017-02-16T20:49:46+0000","link","https://www.c-span.org/video/?c4657246%2Frep-jared-polis-repealing-hunting-rule-alaska","53481427529_10154803604897530",NA,1296,1399,8159
"53481427529","Congressman Jared Polis","Now more than ever, I support an independent, nonpartisan commission to thoroughly investigate Russian interference in the 2016 election. We need to know how far this disease has spread throughout the administration and who knew what and when.  http://www.cnn.com/2017/02/14/politics/michael-flynn-russia-resignation-politics/index.html","2017-02-14T17:36:13+0000","link","http://www.cnn.com/2017/02/14/politics/michael-flynn-russia-resignation-politics/index.html","53481427529_10154795379442530",NA,1018,171,133
"53481427529","Congressman Jared Polis","Today, Kellyanne Conway, unabashedly promoted a Trump brand on national television, even admitting that she was giving the brand a ""free commercial.""   That's why I just signed onto a letter to the House Committee on Oversight and Government Reform calling on Chairman Chaffetz to examine this ethics violation.   This is a cut-and-dry violation of the Office of Government Ethics, which clearly states, “an employee shall not use his public office for his own private, for the endorsement of any product, service of enterprise, or for the gain of friends, relatives, or person with the employee is affiliated in a nongovernmental capacity.”  UPDATE: Around 5:30 p.m. ET, Chairman Chaffetz and Ranking Member Cummings of the House Committee on Oversight and Government Reform, sent a letter to the US Office of Government Ethics requesting for a review of Conway's statements. https://oversight.house.gov/wp-content/uploads/2017/02/Letter-to-OGE-re-Conway-Endorsement-FINAL.pdf  https://www.nytimes.com/2017/02/09/us/politics/kellyanne-conway-ivanka-trump-ethics.html","2017-02-09T21:34:32+0000","link","https://www.nytimes.com/2017/02/09/us/politics/kellyanne-conway-ivanka-trump-ethics.html","53481427529_10154780847022530",NA,1148,247,124
"53481427529","Congressman Jared Polis","Last night Sen. Elizabeth Warren wasn't allowed to read a letter written by Coretta Scott King on the Senate Floor. So, I figured I'd share it with all of you!","2017-02-08T18:18:46+0000","video","https://www.facebook.com/jaredpolis/videos/10154777533282530/","53481427529_10154777533282530",NA,1298,145,192
"53481427529","Congressman Jared Polis","I am appalled by President Trump's choice of his political advisor, white-nationalist and propagandist Steve Bannon. This was a decision President Trump made that does not require approval by the House or Senate and there will be no vote on Steve Bannon. He is President Trump's hire.   Even worse, Steve Bannon is not just a member of President Trump's personal staff, he is now on the National Security Council. This unprecedented action makes Bannon more powerful than the Director of National Intelligence and the Joint Chiefs of Staff.  Because we have no say in his appointment, I recently cosponsored a bill aimed at stopping the process that allowed Steve Bannon to gain so much undeserved power. America's safety is too important to let a man like Bannon gain so much influence and potentially politicize our safety and security.  http://thehill.com/blogs/floor-action/house/317347-dem-offers-bill-to-remove-bannon-from-security-council","2017-02-08T03:14:00+0000","link","http://thehill.com/blogs/floor-action/house/317347-dem-offers-bill-to-remove-bannon-from-security-council","53481427529_10154775480392530",NA,2937,304,399
"53481427529","Congressman Jared Polis","Today we had several victories for public lands, Coloradans, and all Americans.  The House of Representatives approved five bills that I either sponsored or co-sponsored!  Four of the bills will preserve Colorado’s majestic public lands and expand outdoor access.  Read more about them here: http://polis.house.gov/news/documentsingle.aspx?DocumentID=398288  #1: “Bolts Ditch Access and Use Act” #2: “Arapaho National Forest Boundary Adjustment Act” (aka Wedge Act) #3: “Elkhorn Ranch and White River National Forest Conveyance Act” #4: “Crags, Colorado Land Exchange Act”  I'm excited that the House acted so quickly on my Bolts Ditch Bill and Wedge Act and hope that the U.S. Senate passes them soon.  The fifth bill has been a top priority for my district and all Americans!  The House of Representatives unanimously approved the Email Privacy Act.  This bill affects every American who uses email!   It updates federal law to require the government to obtain a warrant before searching Americans’ emails.  As your Representative, I can promise you that regardless of who controls Congress or how uphill the climb, I will keep pushing forward while defending all the progress we have made.","2017-02-07T01:18:16+0000","link","http://polis.house.gov/news/documentsingle.aspx?DocumentID=398288","53481427529_10154772147507530",NA,1132,133,107
"53481427529","Congressman Jared Polis","Over the last 11 days, I’ve received thousands of calls and emails to my office, I’ve read numerous letters, and seen the countless social media posts. I want you to know that I hear you and will continue to fight for all Coloradans and Americans to protect our values as a free and open society!","2017-01-31T18:28:00+0000","video","https://www.facebook.com/jaredpolis/videos/10154751441907530/","53481427529_10154751441907530",NA,1688,298,220
"53481427529","Congressman Jared Polis","The United States was here for my great grandparents in 1905 fleeing massacres, pogroms, and religious discrimination in what is now Ukraine and Poland. I wouldn't be here today if she had shut her doors.  I will continue to do my best to ensure that we are here for today's refugees, whose children, grandchildren and great grandchildren will give back to our great nation by serving in our military, our public schools as educators, and even as members of Congress.","2017-01-29T20:10:42+0000","photo","https://www.facebook.com/jaredpolis/photos/a.130848302529.105829.53481427529/10154744631937530/?type=3","53481427529_10154744631937530","Congressman Jared Polis with Minhaz.",1193,139,88
"53481427529","Congressman Jared Polis","There is no reason to pick a fight with our ally, friend, and neighbor Mexico. A strong, prosperous, and stable Mexico is in our interests. A trade war with Mexico threatens 4.9 million American jobs that depend on trade with Mexico and damages the Mexican economy, therefore increasing illegal immigration.  http://video.cnbc.com/gallery/?video=3000588374&play=1","2017-01-27T20:55:51+0000","link","http://video.cnbc.com/gallery/?video=3000588374&play=1","53481427529_10154739158062530",NA,1034,73,103
"53481427529","Congressman Jared Polis","We cannot afford to wait four years to protect our climate. And while we need to continue our uphill national efforts, there is great opportunity now to significantly reduce carbon emissions at the state and local level. It's time for Colorado to join California and lead on climate change.  http://www.denverpost.com/2017/01/25/its-time-for-states-to-step-up-on-climate-change/","2017-01-26T18:06:55+0000","link","http://www.denverpost.com/2017/01/25/its-time-for-states-to-step-up-on-climate-change/","53481427529_10154735819877530",NA,726,57,66
"53481427529","Congressman Jared Polis","Asking American taxpayers to pay billions of dollars for a fence along our southern border will not do anything to fix our broken immigration system. Nearly half of the immigrants who reside in our country illegally migrated in a legal manner, and then overstayed their visa. A wall will do nothing to reduce or stop this other than waste your money.  Further, holding cities hostage by threatening to cut federal funding places an unfunded burden on local municipalities to enforce federal immigration law, and runs contrary to their constitutional rights. If the president is serious about reforming our immigration system, he should begin by working with Congress to create a modern system of lawful migration that is consistent with our values and economic needs as a nation.  In our bipartisan comprehensive immigration plan, we had three times as much funding for border security as President Trump, and we didn’t spend a penny of taxpayer money, we actually would have reduced the deficit by nearly $200 billion over ten years.  http://polis.house.gov/news/documentsingle.aspx?DocumentID=398278","2017-01-25T20:19:32+0000","link","http://polis.house.gov/news/documentsingle.aspx?DocumentID=398278","53481427529_10154733219812530",NA,1310,159,224
"53481427529","Congressman Jared Polis","For decades, scientists have proven the devastating impact of burning fossil fuels on our climate. After years of environmental protections under the Obama administration, such as his action to reject the Keystone XL pipeline, it’s disheartening to see President Trump put the oil and gas industry ahead of the health of our planet, wellbeing of people, and – in the case of the Dakota Pipeline – sovereignty of Native Americans.   I will continue to tirelessly fight to protect our planet for future generations and prevent these oil pipelines from moving forward. In the 21st century, we should be investing in renewable energy and pursue climate technologies that safeguard our planet rather than subsidizing fossil fuel pipelines like the proposed Keystone XL and Dakota Access Pipeline.   http://polis.house.gov/news/documentsingle.aspx?DocumentID=398277","2017-01-24T17:15:01+0000","link","http://polis.house.gov/news/documentsingle.aspx?DocumentID=398277","53481427529_10154728256577530",NA,1321,209,274
"53481427529","Congressman Jared Polis","There have been hundreds of stories shared with my office about how the Affordable Care Act has helped families and residents in my community. This one I needed to share with all of you.   Dear Rep. Polis,  I participated in your town hall meeting by phone Sunday, and I am following up with a personal story regarding my daughter and me, as it relates to the possible loss of the Affordable Care Act. I have been on the Affordable Care Act – better known as Obamacare – since close to its inception.  One year after my fifth and last surgery for breast cancer (my mother is a survivor as well), Grace, my youngest child and beautiful daughter was inconceivably diagnosed with ALL Children's Leukemia. Grace was eight-and-a-half and in third grade, here in Boulder.  As a beautiful girl with a contagious laugh and personality, Grace was pursued and eventually signed with a talent agency that spotted her. So, we were in California, meeting and having photos done during spring break, and Grace was asked to read for Alice in Wonderland (the movie)! After this amazing opportunity, as we flew home, Grace became ill.  Two days later, our family doctor suspected the worst, ran tests, and sent us home to pack before going to check in at Children's Hospital. Our lives changed overnight, as the unimaginable ""journey,"" as it's called, began. My husband was at a loss, wringing his hands and crying. I put my work on the back-burner and became a full-time advocate for my daughter's survival. Grace endured 26 months of extensive ""treatment;” one year of which included up to 3-4 intensive chemo therapy sessions per week. We called me the “shock absorber”, doing whatever was necessary for Grace’s survival and to make it tolerable for her. Following the first year of intensive treatment, we were given a gift of some family counseling, and were actually diagnosed with PTSD, as a family; myself in particular.  Without health insurance, we could not - would not have survived. We will be forever grateful to our family, friends, community, and wonderful school, who rallied at our side, but the cost of giving up my work and the supplemental expenses involved in treatment of a life-threatening disease are a struggle alone; we never could have sustained 26 needed months of treatment, economically. There is no doubt it would have necessitated bankruptcy, and possibly the inability to complete treatment. In addition, there is subsequent treatment.   Child cancer survivors are ""followed for life"" in a different division of Children's (the ""Hope Clinic""), with follow-up labs, scans and check-ups, as the after-effects of certain intensive chemos can range from weakened heart muscles, infertility, endocrine-related issues and many more; let alone the learning disabilities that the after-effects of chemo typically bring. I must say that we continue to struggle, as it is, to get our family back on its feet. The thought of trying to imagine doing that ""journey"" without the assistance of healthcare--in other words, without the support of our U.S. government is unimaginable. And looking at it that way, it would instill a sense that our country, our government does not care about us--the taxpayers. Again, unimaginable. It brings the tears back to my own eyes.  Thank you for your support, for caring about your constituents, Jared, and for your tireless work. Our community has great appreciation of you!  Best Regards,  Marcia","2017-01-19T22:00:00+0000","photo","https://www.facebook.com/jaredpolis/photos/a.130848302529.105829.53481427529/10154708748582530/?type=3","53481427529_10154708748582530",NA,184,29,30
"53481427529","Congressman Jared Polis","I applaud the Obama Administration for finalizing the International Entrepreneur Rule, a rule that will help attract the best and brightest entrepreneurs from around the world to the U.S. I first cosponsored the Startup Visa Act in 2012, and I'm thrilled that we were able to work with the administration to see it through completion.   Under the new rule, promising immigrant entrepreneurs will be allowed to temporarily reside in the U.S. to grow their companies.   The Colorado economy stands to benefit from this rule! It is the immigrant experience and our diversity as a nation that sets us apart, making America the land of innovation and opportunity—and this rule is an important step towards continuing that legacy.","2017-01-18T00:27:15+0000","photo","https://www.facebook.com/jaredpolis/photos/a.130848302529.105829.53481427529/10154703306742530/?type=3","53481427529_10154703306742530",NA,96,8,6
"53481427529","Congressman Jared Polis","Today, the Senate is questioning Betsy DeVos, who President-elect Trump nominated to be Secretary of Education.  The Secretary of Education leads the Department of Education, guiding federal programs and disbursing resources to K-12 and postsecondary education institutions. It's a very important job!  As a member of the House of Representatives, I do not get to participate in the confirmation hearings; the Senate has that duty. But I have thought a lot about the nominees, and given my background in education,  I wanted to share with you a few questions I would ask Betsy DeVos.  https://medium.com/@RepJaredPolis/five-questions-for-betsy-devos-10a443da2e98#.r95h2jegi","2017-01-17T16:01:00+0000","link","https://medium.com/@RepJaredPolis/five-questions-for-betsy-devos-10a443da2e98#.r95h2jegi","53481427529_10154702226592530",NA,134,34,17
"53481427529","Congressman Jared Polis","When he marched, he pioneered a trail.  When he spoke, he elicited hope.  When he died, he left a legacy of determination.    The words of MLK are as poignant now as ever:   “We must accept finite disappointment, but never lose infinite hope.""   While we have made progress in achieving MLK’s dream, as we have done so, we have endured the pains of the past.  If we remain resilient, though, we can persist in our journey toward equality for all.    This year, I am doubling down on my commitment to equality.  If we want a world where we can freely love who we choose; have access to a twenty-first century education, regardless of zip code; be judged by our actions, not our skin color; and practice our faith openly – we can’t take anything for granted.","2017-01-16T16:00:37+0000","photo","https://www.facebook.com/jaredpolis/photos/a.130848302529.105829.53481427529/10154697506797530/?type=3","53481427529_10154697506797530",NA,256,25,26
"53481427529","Congressman Jared Polis","This week Republicans moved forward to repeal the Affordable Care Act without any indication of a REPLACEMENT! We need to find ways to improve our healthcare system, not throw out all of the progress we've made. Please SHARE/LIKE this video because every American deserves to know about the critical protections in the Affordable Care Act.","2017-01-13T22:18:00+0000","video","https://www.facebook.com/jaredpolis/videos/10154690665662530/","53481427529_10154690665662530",NA,513,83,369
"53481427529","Congressman Jared Polis","The Senate is in the process of confirming an Attorney General, and as you likely know, President-elect Trump nominated Alabama Sen. Jeff Sessions for the post.  As a member of the U.S. House of Representatives, I do not get to ask Senator Jeff Sessions questions during his confirmation hearing (the Senate has that duty), I have been thinking a lot about what I would ask, and what I encourage Senators to ask, with what is at stake.  http://www.huffingtonpost.com/jared-polis/5-questions-id-ask-senato_b_14105062.html","2017-01-11T16:05:17+0000","link","http://www.huffingtonpost.com/jared-polis/5-questions-id-ask-senato_b_14105062.html","53481427529_10154680069047530",NA,83,19,5
"53481427529","Congressman Jared Polis","YES WE CAN!  Thank you President Barack Obama.   As a U.S. Representative, I thank you for signing into law legislation that assisted in the recovery of our economy and protected the middle-class from Wall Street greed.  (American Recovery and Reinvestment Act in 2009 Dodd-Frank Wall Street Reform and Consumer Protection Act in 2010).   As a father, I thank you for addressing climate change and taking actions to protect our beautiful wilderness for my children and generations to come (Paris Climate Accords, Clean Power Plan, and the countless actions by your Administration to protect our public lands, clean air, and water).     As a citizen, I thank you for fighting for my right to love whomever I love and standing up for LGBTQ Americans, not because it was popular, but because it was morally just (Repealing of Don’t Ask, Don’t Tell and your strong support for the Equality Act).   Perhaps, most importantly though, I thank you for serving as Commander and Chief of the United States with dignity, respect, and honor.   Though your Presidency will have lasted only eight years, I’m quite certain your positive impact will endure an eternity.   In Congress, we will continue to fight to preserve the laws and values that benefit all Americans.   Because of the Affordable Care Act, the young man with a congenital heart defect from Fort Collins, Colorado can now receive health insurance under the preexisting condition provision.   Because of the DACA program, the hardworking woman in Loveland, Colorado can continue to work without fear of being deported from the only nation she has ever called home.    Because of the Every Student Succeeds Act, now any K-12 student, regardless of their income, background or zip code, can receive a higher-quality education.   Yes We Can preserve the progress we have made together alongside all Americans.    Thank you.","2017-01-11T02:59:37+0000","photo","https://www.facebook.com/jaredpolis/photos/a.130848302529.105829.53481427529/10154678408692530/?type=3","53481427529_10154678408692530","Congressman Jared Polis with Barack Obama.",759,33,24
"53481427529","Congressman Jared Polis","Did you know that under a loophole in current law, the government can warrantlessly search your emails that are 180-days or older?   It sounds crazy, but it's true that we are rely on an outdated law from 1986 that fails to protect the privacy of our emails.  For most of us, email wasn't even a thing in the 1980s.  That's why yesterday I reintroduced the Email Privacy Act.   The House of Representatives passed this bill unanimously last Congress, but then it stalled in the Senate.  This time around, I am confident that this time around we can get it signed into law. It's past time, we update our privacy laws to match today's realities.","2017-01-10T21:00:00+0000","photo","https://www.facebook.com/jaredpolis/photos/a.130848302529.105829.53481427529/10154676901987530/?type=3","53481427529_10154676901987530",NA,114,12,16
"53481427529","Congressman Jared Polis","Bridges to nowhere and goose poop!  As expected, the ""drain the swamp"" Republicans are planning to bring back pork barrel spending and earmarks. I'll be voting against it, but with Republicans in firm control of both chambers it's just a matter of time until Congress returns to it's free-spending pork barrel ways...","2017-01-09T23:06:30+0000","link","http://www.washingtontimes.com/news/2017/jan/8/tom-coburn-says-restoring-earmarks-will-backfire-o/","53481427529_10154674860522530",NA,78,31,43
"53481427529","Congressman Jared Polis","Yesterday, I signed on to the Protect Our Democracy Act, a bill that creates an independent, nonpartisan commission to thoroughly investigate Russian interference in the 2016 election.  Over the last couple of months, it’s become more apparent that foreign actors undermined our election process.  U.S. intelligence agencies - from the CIA to the FBI - have found that the Russian government directly interfered in the election, and members of Congress in both political parties agree that an investigation is necessary.  Most importantly, I support this bill because the American people deserve a complete accounting of what happened this election cycle and how we can prevent attacks like this from occurring in the future.  Our democracy depends on the people’s faith in it.  We all have the right to know about foreign attempts to obstruct our elections, and this commission would evaluate any interference in an independent, nonpartisan manner.  It’s time to get answers.  UPDATE: New declassified report: Russian President Vladimir Putin 'ordered' campaign to influence presidential election. https://www.dni.gov/files/documents/ICA_2017_01.pdf   http://www.npr.org/2017/01/05/508355408/intelligence-chiefs-stand-more-resolutely-behind-finding-of-russia-election-hack","2017-01-06T19:00:00+0000","link","http://www.npr.org/2017/01/05/508355408/intelligence-chiefs-stand-more-resolutely-behind-finding-of-russia-election-hack","53481427529_10154664846137530",NA,331,76,31
"53481427529","Congressman Jared Polis","I figured this would happen. Now that he has been elected, President-elect Trump is throwing away his fantasy promise that somehow Mexico was going to pay for his 2000 mile border wall. He now wants Congress to pay for this boondoggle with your taxes. He will probably have to raise taxes and take even more of your hard-earned money. Do you want to pay more in taxes to build Donald Trump's enormous wall?  Edit: now Trump has a new statement that while we will have to pay for the wall now, somehow Mexico will pay us back someday. Unbelievable.","2017-01-06T05:27:32+0000","link","http://www.cnn.com/2017/01/05/politics/border-wall-house-republicans-donald-trump-taxpayers/index.html","53481427529_10154663722507530",NA,246,212,174
