"from_id","from_name","message","created_time","type","link","id","story","likes_count","comments_count","shares_count"
"21146775942","John Barrasso","Looking forward to sitting down with Brit Hume on Fox News Sunday tomorrow morning to discuss the draft Senate health care bill. In Wyoming, you can watch it at 8 am MT on your local FOX station.","2017-06-24T16:08:34+0000","photo","https://www.facebook.com/johnbarrasso/photos/a.10150091505520943.304058.21146775942/10155271344370943/?type=3","21146775942_10155271344370943",NA,43,54,8
"21146775942","John Barrasso","After seven years of disruption and disappointment, it’s urgent that we act now to replace Obamacare with a new law that finally puts patients first and begins to stabilize insurance markets that teeter on the verge of collapse.  What we are proposing today steers health care sharply away from federal mandates, higher taxes and government control. Instead, our draft bill puts the focus on affordability, access to care with more choices, and safeguards Medicaid for the most vulnerable and needy.  The bill is not perfect, and because of budget rules it doesn’t include every prescription I would have liked. What I do know is that our path is a vast improvement over Obamacare and will finally start to build a health care system that works for many more Americans.  Over the next week, we will be working to improve on this draft with broad input from health care providers, patients, and every member of the U.S. Senate.","2017-06-22T21:46:16+0000","status",NA,"21146775942_10155265655815943",NA,287,317,52
"21146775942","John Barrasso","Congratulations to Casper's Jerry Knight on winning the #JeffersonAward for his unwavering commitment to community service. #WYinDC","2017-06-22T20:13:25+0000","photo","https://www.facebook.com/johnbarrasso/photos/a.10154862568790943.1073741833.21146775942/10155265428050943/?type=3","21146775942_10155265428620943","John Barrasso added 2 new photos.",72,52,4
"21146775942","John Barrasso","Students from all over Wyoming were in DC this week. They represented Casper, Jackson, Lander, Laramie, Torrington & Wheatland. #WYinDC","2017-06-16T15:39:22+0000","photo","https://www.facebook.com/johnbarrasso/photos/a.10154862568790943.1073741833.21146775942/10155244975745943/?type=3","21146775942_10155244977710943","John Barrasso added 5 new photos.",167,50,9
"21146775942","John Barrasso","Thank you to United States Capitol Police for their bravery today and every day. Our thoughts are with them, Congressman Steve Scalise and the other victims of this attack.","2017-06-14T15:08:05+0000","link","https://www.washingtonpost.com/local/public-safety/multiple-people-injured-after-shooting-in-alexandria/2017/06/14/0289c768-50f6-11e7-be25-3a519335381c_story.html?hpid=hp_hp-top-table-main_axshooting-825a%3Ahomepage%2Fstory&utm_term=.d4797551b396","21146775942_10155238444240943",NA,256,44,22
"21146775942","John Barrasso","Today, the United States and China announced the end of a 13-year ban on U.S. beef imports to China. This is a huge step forward for American producers who have been shut out of the market for more than a decade. After recently traveling to China to meet with Chinese Premier Li on this issue, I’m pleased he worked with the Trump administration to make this a reality. Ranchers in Wyoming will now have access to a larger market to sell our high-quality American beef.","2017-06-12T21:43:10+0000","photo","https://www.facebook.com/johnbarrasso/photos/a.10150091505520943.304058.21146775942/10155233063955943/?type=3","21146775942_10155233063955943",NA,296,38,111
"21146775942","John Barrasso","Had a great discussion with the Wyoming Stock Growers Association RealRanchers.com today with Senator Mike Enzi and Rep. Liz Cheney.","2017-06-08T16:17:04+0000","photo","https://www.facebook.com/johnbarrasso/photos/a.10150091505520943.304058.21146775942/10155219130540943/?type=3","21146775942_10155219130540943",NA,88,47,4
"21146775942","John Barrasso","It was nice to be in Douglas this morning with Wyoming veterans to remember those who made the ultimate sacrifice. #MemorialDay","2017-05-29T16:12:42+0000","photo","https://www.facebook.com/johnbarrasso/photos/a.10150091505520943.304058.21146775942/10155185187015943/?type=3","21146775942_10155185187015943",NA,146,36,2
"21146775942","John Barrasso","This #MemorialDay we honor and remember those who gave their lives in service to our country.","2017-05-29T14:43:39+0000","photo","https://www.facebook.com/johnbarrasso/photos/a.10150091505520943.304058.21146775942/10155184885720943/?type=3","21146775942_10155184885720943",NA,86,18,12
"21146775942","John Barrasso","""What is Casper, Wyoming."" The ""Oil City"" actually. Thanks Jeopardy!","2017-05-26T15:22:09+0000","photo","https://www.facebook.com/johnbarrasso/photos/a.10150091505520943.304058.21146775942/10155175035980943/?type=3","21146775942_10155175035980943",NA,433,40,48
"21146775942","John Barrasso","Enjoyed meeting with the junior class of Cokeville High School today during their visit to the nation’s capital. #WYinDC","2017-05-25T19:57:25+0000","photo","https://www.facebook.com/johnbarrasso/photos/a.10150091505520943.304058.21146775942/10155172664800943/?type=3","21146775942_10155172664800943",NA,125,32,12
"21146775942","John Barrasso","Sgt. Shelby Atkins of the Wyoming National Guard is being honored by the Congressional Caucus for Women’s Issues this week for her courage & achievements. Sgt. Atkins is the first woman to be qualified as an infantry non-commissioned officer in the United States Army.","2017-05-23T16:03:00+0000","photo","https://www.facebook.com/johnbarrasso/photos/a.10154862568790943.1073741833.21146775942/10155166070040943/?type=3","21146775942_10155166090530943","John Barrasso added a photo and a video.",270,24,57
"21146775942","John Barrasso","Congrats to Powell's Rhett Pimentel & Farson's Grace Estes for winning the Prudential Spirit of Community awards. #PruSpirit2017 #WYinDC","2017-05-09T17:15:23+0000","photo","https://www.facebook.com/johnbarrasso/photos/a.10154862568790943.1073741833.21146775942/10155121640760943/?type=3","21146775942_10155121641500943","John Barrasso added 2 new photos.",115,34,5
"21146775942","John Barrasso","It was fun to join some of the Natrona County High School awardees at the 2017 Casper Academic Awards Banquet this weekend. These seniors were recognized as some of Casper's most outstanding students.","2017-05-01T15:35:52+0000","photo","https://www.facebook.com/johnbarrasso/photos/a.10150091505520943.304058.21146775942/10155096512500943/?type=3","21146775942_10155096512500943",NA,52,26,5
"21146775942","John Barrasso","It was great to visit with so many people at the Bridger Valley Health Fair and Rural Electric meeting today. Thanks to the #FFA team for serving up breakfast.","2017-04-29T20:05:51+0000","photo","https://www.facebook.com/johnbarrasso/photos/a.10154862568790943.1073741833.21146775942/10155091223250943/?type=3","21146775942_10155091224390943","John Barrasso added 2 new photos.",81,68,3
"21146775942","John Barrasso","Enjoyed visiting with students from Casper, Guernsey, Riverton, Wheatland and Worland this morning during #WyomingWednesday.","2017-04-26T14:57:21+0000","photo","https://www.facebook.com/johnbarrasso/photos/a.10154862568790943.1073741833.21146775942/10155081509445943/?type=3","21146775942_10155081510230943","John Barrasso added 2 new photos.",74,17,3
"21146775942","John Barrasso","Today, the U.S. Court of Appeals for the District of Columbia released its final order concerning the gray wolf in Wyoming. The order upholds the U.S. Fish and Wildlife Service’s 2012 decision to delist the gray wolf in Wyoming from the endangered species list. This puts the management of the wolf where it should have been all along, under the control of Wyoming, not Washington.","2017-04-26T01:59:05+0000","link","https://www.epw.senate.gov/public/index.cfm/press-releases-republican?ID=9E8CE088-21C2-450E-BEB4-B36465EB6F6D","21146775942_10155080159690943",NA,257,35,41
"21146775942","John Barrasso","Had a great time speaking with students from Sheridan High School and Jackson Hole High School who are visiting the nation's capital today.","2017-04-25T16:04:41+0000","photo","https://www.facebook.com/johnbarrasso/photos/a.10154862568790943.1073741833.21146775942/10155078901740943/?type=3","21146775942_10155078903600943","John Barrasso added 2 new photos.",94,11,1
"21146775942","John Barrasso","It was great to see such a big crowd at the Wyoming Association of Rural Water Systems Spring Training Conference in Casper today.","2017-04-19T21:04:00+0000","photo","https://www.facebook.com/johnbarrasso/photos/a.10150091505520943.304058.21146775942/10155060933360943/?type=3","21146775942_10155060933360943",NA,66,14,4
"21146775942","John Barrasso","Today, the Senate confirmed one of the most highly qualified judges in the country to sit on the U.S. Supreme Court. During his career on the bench, Judge Gorsuch has been a model of integrity, intelligence and independence. He will also bring a unique Rocky Mountain perspective to the court. Judge Gorsuch is a fitting replacement for the seat vacated by the late Justice Scalia, and I’m proud to have supported his confirmation.   Here is a video of my meeting with Judge Gorsuch back in March. I presented him with a photo of the The Historic Wolf Hotel and Restaurant in Saratoga. Judge Gorsuch’s family built the Wolf Hotel before Wyoming was even a state.","2017-04-07T16:39:55+0000","video","https://www.youtube.com/watch?v=6Yqw_UVgD6A&feature=youtu.be","21146775942_10155017806785943",NA,241,47,21
"21146775942","John Barrasso","It was fun to join Albin Elementary School's virtual field trip to Washington, D.C. today. Always great to visit with #Wyoming students.","2017-04-05T21:31:02+0000","photo","https://www.facebook.com/johnbarrasso/photos/a.10150091505520943.304058.21146775942/10155009854760943/?type=3","21146775942_10155009854760943",NA,127,15,4
"21146775942","John Barrasso","It was great to visit with the Lemley family from Cheyenne today. I last saw Jonathan in 2014 when he was deployed with the Wyoming National Guard in Qatar.","2017-03-30T20:14:09+0000","photo","https://www.facebook.com/johnbarrasso/photos/a.10150091505520943.304058.21146775942/10154989474495943/?type=3","21146775942_10154989474495943",NA,94,4,4
"21146775942","John Barrasso","It was an honor to be at the Environmental Protection Agency today to watch President Trump sign the energy independence executive order. This executive order is welcome news for energy-producing states like Wyoming. The Obama administration’s punishing regulations have done far more harm to our economy than good for the environment. I applaud President Trump for taking action on behalf of America’s families and energy workers. Federal agencies will now have the opportunity to identify ways to improve the environment without hurting job growth.","2017-03-28T21:43:35+0000","link","https://www.epw.senate.gov/public/index.cfm/press-releases-republican?ID=24A6CAAA-F1C6-4F9F-AAD8-67E89169CF9C","21146775942_10154984371900943",NA,229,86,18
"21146775942","John Barrasso","Today, President Trump signed a resolution to roll back another harmful Obama administration midnight rule. The misguided BLM Planning 2.0 rule would have taken authority away from local land managers who have the most knowledge and experience overseeing resources in their own districts. Local management plans must include key input from county commissioners, sportsmen, local businesses and those who interact daily with these landscapes.   I want to thank Representative Liz Cheney and Senator Lisa Murkowski for taking the lead on this resolution in the House and Senate. Now that this rule is overturned, we can work together on a new policy that makes the planning process more efficient and improves input at the local level.","2017-03-27T22:35:05+0000","video","https://www.youtube.com/watch?v=nnnEGeUDwCU","21146775942_10154981285805943",NA,95,28,9
"21146775942","John Barrasso","Today, President Trump signed a resolution to roll back another harmful Obama administration midnight rule. The misguided BLM Planning 2.0 rule would have taken authority away from local land managers who have the most knowledge and experience overseeing resources in their own districts. Local management plans must include key input from county commissioners, sportsmen, local businesses and those who interact daily with these landscapes.   I want to thank Representative Liz Cheney and Senator Lisa Murkowski for taking the lead on this resolution in the House and Senate. Now that this rule is overturned, we can work together on a new policy that makes the planning process more efficient and improves input at the local level.","2017-03-27T22:34:57+0000","video","https://www.youtube.com/watch?v=nnnEGeUDwCU","21146775942_10154981285635943",NA,83,15,9
"21146775942","John Barrasso","Great to be at the White House for the signing ceremony today of a resolution overturning BLM's Planning 2.0 rule. Here is Sublette County Commissioner Joel Bousman giving his cowboy hat to President Trump.","2017-03-27T20:45:07+0000","photo","https://www.facebook.com/johnbarrasso/photos/a.10150091505520943.304058.21146775942/10154981007820943/?type=3","21146775942_10154981007820943",NA,225,30,50
"21146775942","John Barrasso","This is why i support Judge Neil Gorsuch.","2017-03-21T18:44:17+0000","video","https://www.facebook.com/johnbarrasso/videos/10154959994140943/","21146775942_10154959994140943","John Barrasso was live.",186,62,17
"21146775942","John Barrasso","Enjoyed showing the Peterson family from Cheyenne around the United States Capitol on this snowy day.","2017-03-14T20:48:12+0000","photo","https://www.facebook.com/johnbarrasso/photos/a.10150091505520943.304058.21146775942/10154937229075943/?type=3","21146775942_10154937229075943",NA,111,19,3
"21146775942","John Barrasso","#Wyoming is well represented at the 2017 United States Senate Youth Program by Devils Tower's Grace Anderson and Powell's Nicole Sanders. Both Grace and Nicole will receive scholarships. Senator Mike Enzi and I had the opportunity to congratulate them on this wonderful achievement. #USSYP","2017-03-08T23:11:44+0000","photo","https://www.facebook.com/johnbarrasso/photos/a.10154862568790943.1073741833.21146775942/10154917048635943/?type=3","21146775942_10154917050815943","John Barrasso added 2 new photos.",77,14,5
"21146775942","John Barrasso","I had a great time at the Rawlins Friends of the NRA banquet this weekend. #Wyoming #SecondAmendment","2017-03-06T21:45:24+0000","photo","https://www.facebook.com/johnbarrasso/photos/a.10150091505520943.304058.21146775942/10154910010715943/?type=3","21146775942_10154910010715943",NA,233,41,36
"21146775942","John Barrasso","Great news for Wyoming today. A federal court ruled to uphold the U.S. Fish and Wildlife Service’s 2012 decision to remove the gray wolf in Wyoming from the endangered species list. The state of Wyoming has put together a working plan to protect the state’s wolf population. I am pleased that the court agrees that the wolf has recovered enough to be removed from the endangered species list. As a result of this ruling, the state’s wolves will be under the control of Wyoming, not Washington.","2017-03-03T21:51:24+0000","link","https://www.epw.senate.gov/public/index.cfm/press-releases-republican?ID=351AA771-57DF-4C19-AA57-EC0E5669C8AD","21146775942_10154900314140943",NA,312,42,39
"21146775942","John Barrasso","I just had a great visit with Neil Gorsuch. Neil Gorsuch, in my opinion, is the right person for America and certainly from a Wyoming standpoint. His mom was born in Casper. The family built the Wolf Hotel in Saratoga before Wyoming was even a state.  But the thing I like best about Judge Gorsuch is that he believes and understands fully that the Constitution is a legal document, not a living document. It was built for rigidity, not flexibility. He is one justice who will make sure that he applies the law and doesn’t write the law. I look forward to supporting his nomination.","2017-03-01T23:31:40+0000","video","https://www.facebook.com/johnbarrasso/videos/10154894432990943/","21146775942_10154894432990943",NA,475,43,151
"21146775942","John Barrasso","Here’s a behind the scenes look at my meeting with Supreme Court nominee Judge Gorsuch today. More photos and video to follow.","2017-03-01T20:48:22+0000","photo","https://www.facebook.com/johnbarrasso/photos/a.10150091505520943.304058.21146775942/10154894093470943/?type=3","21146775942_10154894093470943",NA,121,16,3
"21146775942","John Barrasso","Here is why yesterday's executive order on #WOTUS is so significant for farmers, ranchers and small businesses across the country.","2017-03-01T20:04:23+0000","video","https://www.facebook.com/johnbarrasso/videos/10154893999080943/","21146775942_10154893999080943",NA,177,14,20
"21146775942","John Barrasso","The president gave an address filled with the same spirit of optimism that I hear from people all around Wyoming. Tonight, he spoke to all Americans. In particular, I commend his emphasis on creating jobs and giving Americans relief from the failed Obamacare law.   It’s encouraging to see that President Trump is already moving to keep his promises to the American people. I look forward to working with the White House on ways to expand opportunities for people in Wyoming and across the country.","2017-03-01T03:41:56+0000","status",NA,"21146775942_10154892264425943",NA,583,85,33
"21146775942","John Barrasso","It was great to be at the White House today when President Trump signed the executive order to revise the misguided Waters of the United States (WOTUS) rule. The WOTUS rule, issued under the Obama administration, placed backyard ponds, large puddles, and plowed farm fields under Washington’s control. Small businesses, farmers, and ranchers would be hurt by this excessive rule, and there was bipartisan opposition to it in Congress.  We need to clarify the distinction between state and federal waters. It is vital we do so in a responsible way that respects state and local authority while using common sense. I will continue to work with the Trump administration as it addresses WOTUS.","2017-03-01T00:17:21+0000","video","https://www.facebook.com/johnbarrasso/videos/10154891795575943/","21146775942_10154891795575943",NA,361,30,97
"21146775942","John Barrasso","Thanks to the students at Casper's Park Elementary for welcoming me to their school today. It was great to visit with so many future Wyoming leaders.","2017-02-21T21:05:39+0000","photo","https://www.facebook.com/johnbarrasso/photos/a.10150091505520943.304058.21146775942/10154871609095943/?type=3","21146775942_10154871609095943",NA,148,34,3
"21146775942","John Barrasso","Interns play a vital role in both my D.C. and state offices. The deadline for our summer program is fast approaching. My staff will be in Laramie at the UW Career and Internship Fair today to talk about all that our internships entail, but you can also find more information on my website.","2017-02-21T16:37:03+0000","link","http://www.barrasso.senate.gov/public/index.cfm/intern-program","21146775942_10154870990310943",NA,35,15,13
"21146775942","John Barrasso","Bobbi and I join all of Wyoming in mourning the loss of Wyoming legend John Wold.   As a former U.S. Congressman, entrepreneur and philanthropist, John did it all. He truly exemplified our Wyoming values and Western spirit. Even after retiring from public office, he never stopped working for the people of Wyoming. John and his wife Jane were famous for their kind hearts and their generosity to organizations across our great state. As a professional geologist, John’s contributions to the mining industry revolutionized the way our nation extracts minerals today.   I will miss John’s friendship and his love for all things Wyoming. Bobbi and I send our heartfelt condolences to his children Peter, Jack, and Priscilla, and the entire Wold family.","2017-02-20T21:16:26+0000","link","http://trib.com/business/energy/casper-oil-and-gas-man-john-wold-dies/article_20fc50d4-a57e-5962-b152-e4b67e47cd90.html","21146775942_10154869040025943",NA,70,13,30
"21146775942","John Barrasso","It was wonderful to be at the Casper airport to help welcome home six Wyoming National Guard members who are returning home from Afghanistan.   It was great to see the service members again. I had the opportunity to visit with them in Afghanistan this past Thanksgiving. Welcome home to all of the members of the B Battery, 2nd Battalion, 300th Field Artillery from across Wyoming. I'm so glad they're home safe and reunited with their loved ones.","2017-02-18T15:43:04+0000","photo","https://www.facebook.com/johnbarrasso/photos/a.10154862568790943.1073741833.21146775942/10154862559650943/?type=3","21146775942_10154862568815943","John Barrasso added 2 new photos.",302,18,17
"21146775942","John Barrasso","Great visiting with Lander's Susan Fessler, gold medalist in cycling at the 2014 Special Olympics USA Games.","2017-02-15T21:33:29+0000","photo","https://www.facebook.com/johnbarrasso/photos/a.10150091505520943.304058.21146775942/10154851614000943/?type=3","21146775942_10154851614000943",NA,87,48,3
"21146775942","John Barrasso","Great to hear from so many people across #Wyoming tonight on our tele-town hall. Mike Enzi and I always enjoy hearing your thoughts and ideas.","2017-02-14T02:01:07+0000","photo","https://www.facebook.com/johnbarrasso/photos/a.10150091505520943.304058.21146775942/10154846498800943/?type=3","21146775942_10154846498800943",NA,177,76,14
"21146775942","John Barrasso","Thanks to the Wyoming Legislature for letting me visit with you today--it's an event I always look forward to.","2017-02-10T22:13:13+0000","photo","https://www.facebook.com/johnbarrasso/photos/a.10150091505520943.304058.21146775942/10154837015460943/?type=3","21146775942_10154837015460943",NA,124,38,3
"21146775942","John Barrasso","Congratulations to Wilson’s Mike Hoeft and the Aspen Pines Water and Sewer District for winning gold in the National Rural Water Association (NRWA)'s 2017 Great American Water Taste Test.","2017-02-08T18:49:19+0000","photo","https://www.facebook.com/johnbarrasso/photos/a.10150091505520943.304058.21146775942/10154830247530943/?type=3","21146775942_10154830252850943","John Barrasso added 2 new photos.",32,14,1
"21146775942","John Barrasso","Today, the Senate delivered a major victory for coal country. The Senate and House both passed a resolution of disapproval, brought under the Congressional Review Act, that repeals the Obama administration's anti-coal stream rule.   This flawed stream rule ignored the input of state regulators, including those in Wyoming, and put thousands of jobs in jeopardy. I look forward to working with Congress and the Trump administration to repeal more midnight regulations like this one.","2017-02-02T23:09:00+0000","link","http://www.barrasso.senate.gov/public/index.cfm/news-releases?ID=ECA1F721-4F18-4B66-AB68-9DB3E1D7309F","21146775942_10154812940755943",NA,540,213,65
"21146775942","John Barrasso","Our next Supreme Court justice will make decisions that impact our country for generations. That’s why it’s important to confirm someone who will apply the law, not legislate from the bench.    Judge Gorsuch is a mainstream nominee with an extensive and impressive judicial career. He has a record of fiercely defending religious freedoms. His experience with issues affecting the Rocky Mountain West will make him unique among his fellow justices. I look forward to a thorough confirmation process.","2017-02-01T14:23:36+0000","status",NA,"21146775942_10154808754785943",NA,253,87,17
"21146775942","John Barrasso","Great opportunity to meet with President Trump and Vice President Pence today in Philadelphia at Senate GOP meetings.","2017-01-26T18:54:50+0000","photo","https://www.facebook.com/johnbarrasso/photos/a.10150091505520943.304058.21146775942/10154791943840943/?type=3","21146775942_10154791943840943",NA,545,119,25
"21146775942","John Barrasso","Here are some behind the scenes photos from the inauguration today. One of the photos includes three former U.S. presidents, including President Carter, President Clinton and President Bush. The second photo includes some of the justices of the U.S. Supreme Court.","2017-01-20T21:18:21+0000","photo","https://www.facebook.com/johnbarrasso/photos/a.10150091505520943.304058.21146775942/10154767855460943/?type=3","21146775942_10154767857720943","John Barrasso added 2 new photos.",248,45,10
