"from_id","from_name","message","created_time","type","link","id","story","likes_count","comments_count","shares_count"
"72680720883","Peter Welch","Vermont’s community hospitals provide high quality medical care in our rural communities. By slashing funding for Medicaid, the GOP health care bill will hit hard hospitals that rely on Medicaid payments to keep their doors open. If this bill becomes law, President Trump will have betrayed rural voters who provided his margin of victory in the election.","2017-06-23T18:36:13+0000","link","http://www.npr.org/sections/health-shots/2017/06/22/533680909/republicans-proposed-medicaid-cuts-would-hit-rural-patients-hard","72680720883_10156390226560884",NA,74,43,56
"72680720883","Peter Welch","Skyrocketing prescription drug prices are crushing hardworking Americans. In March, Representative Elijah E. Cummings and I met with President Donald J. Trump to enlist his support for our bill to cut prices on prescription drugs. On the campaign trail, he said he was all for it. In the Oval Office, he said he was all for it.  Fast forward to today, news reports indicate he is poised to issue an executive order that implements the wish list of the big drug companies and provides ZERO relief to Americans struggling to pay for their medicine. Rep. Cummings and I WILL hold his feet to the fire. You should too. Share if you agree. – Peter","2017-06-22T21:17:49+0000","link","http://thehill.com/policy/healthcare/medical-devices-and-prescription-drug-policy/338755-house-members-slam-trump","72680720883_10156386704120884",NA,112,30,97
"72680720883","Peter Welch","Unimaginably, the Senate today took a bad House health care bill and made it much worse for the American people. Millions would lose their health insurance to pay for tax cuts for the wealthiest Americans. The cost of coverage for seniors and low income Americans would increase. And Vermont’s community hospitals would be placed in severe financial jeopardy. The Senate should kill this bad bill and Congress should get about the business of improving the Affordable Care Act so that all Americans finally have access to affordable health care. – Peter","2017-06-22T20:30:48+0000","status",NA,"72680720883_10156386483860884",NA,416,107,87
"72680720883","Peter Welch","I was inspired to hear the stories of young Vermont farmers this week at the amazing Conant's Riverside Farm in Richmond. I heard about barriers that prevent them from taking over family farms and pursuing agricultural careers, including excessive student loan debt. My bipartisan bill would provide loan relief to young farmers committed to a career in Vermont agriculture.","2017-06-21T14:40:25+0000","link","http://www.wcax.com/story/35701118/rep-welch-wants-college-loan-forgiveness-for-farmers","72680720883_10156381197565884",NA,255,35,34
"72680720883","Peter Welch","Last week, President Trump outsourced to the Pentagon his duty as our civilian commander-in-chief to make decisions regarding military strategy and troop levels in Afghanistan. Our military commanders must have flexibility to implement a plan, but it is the President’s responsibility to clearly articulate our policy and the parameters of our engagement. I strongly oppose this war but it is the responsibility of the President to submit a plan to Congress and it is the responsibility of Congress to debate it and vote up or down. After 16 years, nearly a trillion dollars spent, and nearly 3,000 American lives lost, the American people have a right to know what the President’s plan is to end this seemingly endless war. – Peter","2017-06-20T17:53:00+0000","link","https://www.nytimes.com/2017/06/18/world/asia/us-troops-afghanistan-trump.html?_r=0","72680720883_10156377165950884",NA,83,47,23
"72680720883","Peter Welch","Vermont has always welcomed refugees fleeing violence and persecution around the world, and we are stronger for it. Earlier this year, I met with two Syrian families who were just getting settled in their new homes in Rutland. They are brave, warm and generous people intent on doing whatever it takes to give their children a better chance at life. They are working hard every day and enriching the Rutland community. On World Refugee Day, I am reflecting on the struggle of these brave new Vermonters and all refugees who flee horrendous violence and persecution at home in search of freedom, security and liberty in the United States of America. – Peter","2017-06-20T14:42:43+0000","photo","https://www.facebook.com/PeterWelch/photos/a.113455755883.119725.72680720883/10156376836435884/?type=3","72680720883_10156376836435884",NA,538,47,58
"72680720883","Peter Welch","President Trump’s decision to “cancel” key elements of the Obama Administration’s historic opening of Cuba is profoundly misguided. Two years ago, the United States broke away from our outdated Cold War mentality towards Cuba. His short-sighted decision unnecessarily turns back the clock to a failed policy of the past while placing at risk business, travel and cultural opportunities for Vermonters and all Americans. – Peter","2017-06-16T19:25:33+0000","link","http://www.cnn.com/2017/06/16/politics/trump-cuba-policy/index.html","72680720883_10156361754545884",NA,132,77,36
"72680720883","Peter Welch","The world-renowned Vermont maple syrup industry logged another stellar year, producing just short of 2 million gallons of Vermont’s finest! Highest numbers—along with last year—in nearly a century. Congrats! #VT #Maple","2017-06-15T21:33:00+0000","link","http://www.burlingtonfreepress.com/story/money/2017/06/15/vermonts-maple-industry-had-banner-year/393597001/","72680720883_10156357562195884",NA,337,8,40
"72680720883","Peter Welch","The American people should have every confidence that decisions made by President Donald J. Trump are in the best interest of our country rather than his personal financial interests. Divesting all his financial holdings would eliminate any real or perceived conflict of interest. Yet, he refuses to do so. I have joined with 198 colleagues in a lawsuit to force the President to comply with the Constitution, which prohibits him from receiving gifts and benefits from foreign leaders through his business holdings. – Peter","2017-06-15T18:19:20+0000","link","https://www.washingtonpost.com/politics/congressional-democrats-to-file-emoluments-lawsuit-against-trump/2017/06/13/270e60e6-506d-11e7-be25-3a519335381c_story.html?utm_term=.93cb954a3a0c","72680720883_10156357647220884",NA,673,105,66
"72680720883","Peter Welch","ICYMI: Peter spoke with MSNBC's Richard Lui this weekend about former FBI Director Jim Comey's testimony and the ongoing FBI investigation into the Trump campaign's ties to Russia.","2017-06-12T22:38:00+0000","video","https://www.facebook.com/PeterWelch/videos/10156335665710884/","72680720883_10156335665710884",NA,87,25,9
"72680720883","Peter Welch","A year ago at Pulse Nightclub, 49 people were murdered in an unconscionable act of terror targeting the LGBTQ community. Today, we honor their memory and grieve alongside their family and friends. This month, as Americans exemplify the values of love and acceptance in Pride Celebrations across the country, we stand united in solidarity. The values of love, diversity, and acceptance must always triumph over hate.","2017-06-12T21:03:26+0000","photo","https://www.facebook.com/PeterWelch/photos/a.113455755883.119725.72680720883/10156335649525884/?type=3","72680720883_10156335649525884",NA,155,7,14
"72680720883","Peter Welch","Happy #DairyMonth, Vermont! Dairy is an integral part of our state’s economy, culture, and landscape. It contributes over $2 billion to the state’s economy and supports some 6,000+ Vermont jobs. I am thankful for the 850+ Vermont dairy farms that produce high quality dairy products every day. I’ll continue to fight for their success in Congress.  – Peter  (Photo by Harriet Chase in Braintree)","2017-06-09T20:39:00+0000","photo","https://www.facebook.com/PeterWelch/photos/a.113455755883.119725.72680720883/10156323305270884/?type=3","72680720883_10156323305270884",NA,76,13,8
"72680720883","Peter Welch","Speaker Paul Ryan and the House majority voted today to gut Dodd-Frank financial reforms that reined in bad actors on Wall Street after the 2008 financial meltdown. They cynically used the good reputation of community banks to create an opening for bad Wall Street actors from 2008 who caused the Great Recession.","2017-06-08T21:14:51+0000","video","https://www.facebook.com/PeterWelch/videos/10156319981655884/","72680720883_10156319981655884",NA,77,29,57
"72680720883","Peter Welch","Prescription drug prices are out of control. Drug companies produce lifesaving drugs but their prices are killing us. The market is broken. Today I introduced an amendment in the House Committee on Energy and Commerce that would allow Vermonters and Americans to import safe, low-cost drugs from Canada.","2017-06-07T21:15:12+0000","video","https://www.facebook.com/PeterWelch/videos/10156316167475884/","72680720883_10156316167475884",NA,265,59,26
"72680720883","Peter Welch","In yet another assault on reproductive rights and women’s health, President Donald J. Trump appears poised to deny birth control benefits to hundreds of thousands of women currently covered by the Affordable Care Act. The decision would put a personal health care decision in the hands of employers and insurance companies rather than where it belongs -- between a woman and her doctor. Outrageous. I will do what I can to stop this offensive and discriminatory policy. – Peter","2017-06-06T14:33:45+0000","link","https://www.nytimes.com/2017/06/01/us/politics/birth-control-women-trump-health-care.html?smprod=nytcore-iphone&smid=nytcore-iphone-share&_r=0","72680720883_10156311167265884",NA,106,58,33
"72680720883","Peter Welch","Today, President Trump walked away from the greatest challenge of our time. His decision to withdraw from the Paris Climate Agreement is a stunning rejection of science, international cooperation, and economic opportunity. It imperils our national and global security, and will do irreversible harm to our planet. American leadership is essential to preserving our planet for future generations. This fight is not over. We will move forward without him. – Peter  https://www.nytimes.com/2017/06/01/climate/trump-paris-climate-agreement.html?hp&action=click&pgtype=Homepage&clickSource=story-heading&module=span-ab-top-region&region=top-news&WT.nav=top-news","2017-06-01T20:33:12+0000","link","https://www.nytimes.com/2017/06/01/climate/trump-paris-climate-agreement.html?hp&action=click&pgtype=Homepage&clickSource=story-heading&module=span-ab-top-region&region=top-news&WT.nav=top-news","72680720883_10156291569975884",NA,287,118,123
"72680720883","Peter Welch","No one is above the law—even if you’re the president’s son-in-law. Last week, the Washington Post reported that Jared Kushner sought a secret communication channel with the Russians, using Russian facilities. This follows the revelation that he failed to disclose on his application for a top secret clearance a meeting with the Russian ambassador. It’s time to revoke Jared Kushner’s access to the nation’s secrets. Today, Peter and Congressman Don Beyer took action to do exactly that.    http://www.politico.com/story/2017/05/31/kushner-security-clearance-democrats-239001","2017-06-01T19:14:47+0000","link","http://www.politico.com/story/2017/05/31/kushner-security-clearance-democrats-239001","72680720883_10156291267035884",NA,436,79,32
"72680720883","Peter Welch","This story is appalling. Earlier this year, while most in Congress were focused on stopping Speaker Ryan’s disastrous attempt to unravel the Affordable Care Act, Republican leaders and lobbyists secretly plotted an under-the-radar repeal of a major Federal Communications Commission rule protecting consumers' right to privacy on the internet. President Trump quietly signed it into law, allowing internet service providers to sell to marketers the data collected from your web browsing and app usage history. As Stephen Colbert said, ""I guarantee you there is not one person, not one voter of any political stripe anywhere in America who asked for this.”   Let's make sure #netneutrality doesn't suffer the same fate. It’s time to speak up. Make sure the FCC knows that you favor a free and open internet by submitting a comment here: https://www.fcc.gov/ecfs/filings/express. (In the ""Proceeding(s)"" box, enter ""17-108"" or ""restoring internet freedom."")","2017-05-31T21:34:00+0000","link","https://www.washingtonpost.com/politics/how-congress-dismantled-federal-internet-privacy-rules/2017/05/29/7ad06e14-2f5b-11e7-8674-437ddb6e813e_story.html?utm_term=.c0dac044ee69","72680720883_10156287561955884",NA,65,22,68
"72680720883","Peter Welch","Climate change is real and it threatens our environment, economy, and health. If President Donald J. Trump pulls out of the #ParisAgreement, he’ll unravel years of progress combating global warming and do irreversible harm to our planet. Combating climate change is the challenge of our time. American leadership is essential. We cannot afford to bury our heads in the sand.","2017-05-31T17:42:23+0000","link","http://www.politico.com/story/2017/05/31/trump-paris-climate-change-agreement-238974","72680720883_10156287459935884",NA,130,70,36
"72680720883","Peter Welch","Vermonters have always answered the call to duty. On this Memorial Day, and every day, we honor the tremendous sacrifice of fallen service members and thank those who put themselves in harm’s way to protect our country. May their stories be told and legacies be revered for generations to come. – Peter","2017-05-29T12:47:00+0000","photo","https://www.facebook.com/PeterWelch/photos/a.113455755883.119725.72680720883/10156268533895884/?type=3","72680720883_10156268533895884",NA,101,2,4
"72680720883","Peter Welch","Sunrise over Mount Mansfield. Photo taken by Jan Ferris of Essex Junction.","2017-05-26T16:31:19+0000","photo","https://www.facebook.com/PeterWelch/photos/a.10150890220405884.523975.72680720883/10156268520945884/?type=3","72680720883_10156268521395884","Peter Welch updated their cover photo.",83,1,2
"72680720883","Peter Welch","Every American should have affordable health care. Expanding Medicare to cover all Americans is how we can get it done. I'm proud to be an original cosponsor of #MedicareForAll legislation with Congressman John Conyers, Jr. and Senator Bernie Sanders. We have 100+ cosponsors in the House. The time has come. Momentum is building. – Peter","2017-05-24T18:58:02+0000","photo","https://www.facebook.com/PeterWelch/photos/a.113455755883.119725.72680720883/10156261401795884/?type=3","72680720883_10156261401795884",NA,377,57,62
"72680720883","Peter Welch","The message to Americans in President Trump’s budget is clear: You are on your own. It doubles down on defense spending while gutting numerous programs that Vermonters depend on, including home heating assistance, Meals on Wheels, and student aid. And the savings from these draconian cuts will pay for tax cuts for the wealthiest Americans. This budget should be dead on arrival in Congress. I will do all I can to defeat it. – Peter","2017-05-23T19:20:01+0000","link","http://www.politico.com/story/2017/05/22/trump-budget-cut-social-programs-238696","72680720883_10156257794655884",NA,423,161,136
"72680720883","Peter Welch","Thanks everyone for joining. Gotta go. See you next time (yes, it really is me) Peter","2017-05-18T21:21:13+0000","status",NA,"72680720883_10156240060880884","Peter Welch started a Q&A.",130,75,10
"72680720883","Peter Welch","Robert Mueller is a great choice. Time to get to the bottom of this mess. – Peter","2017-05-17T22:21:24+0000","link","https://www.washingtonpost.com/world/national-security/deputy-attorney-general-appoints-special-counsel-to-oversee-probe-of-russian-interference-in-election/2017/05/17/302c1774-3b49-11e7-8854-21f359183e8c_story.html?pushid=591cc8bffdd5491d00000056&tid=notifi_push_breaking-news&utm_term=.31d9f72d083d","72680720883_10156236549370884",NA,661,42,51
"72680720883","Peter Welch","It seems as though every day there is another ""breaking news"" story coming out of Washington. Peter will be at his computer tomorrow evening at 5:30 p.m. for a live Q&A to take your questions, hear your concerns, and try to make sense of it all. Be sure to check his Facebook page tomorrow evening at 5:30 p.m. to join in!","2017-05-17T21:25:00+0000","photo","https://www.facebook.com/PeterWelch/photos/a.113455755883.119725.72680720883/10156236264825884/?type=3","72680720883_10156236264825884",NA,33,4,16
"72680720883","Peter Welch","Needless to say, there is a lot going on in Washington these days. One consequence of a daily stream of controversies is the overshadowing of attempts by the Trump Administration to roll back important consumer protections. On Thursday, the Federal Communications Commission (FCC) will vote on whether to initiate a process that will overturn its policy of a free and open internet. Doing so would allow internet service providers to create a fast lane on the internet for large corporate customers willing to pay a fee to move their content ahead of other internet users. This is bad for consumers, bad for entrepreneurs and bad for our democracy. If you support net neutrality, make your voice heard before Thursday’s FCC meeting. You can do so by completing an online FCC comment form at https://www.fcc.gov/ecfs/filings/express. (In the ‘Proceeding(s)’ box, enter ’17-108’ or ‘restoring internet freedom.’) – Peter","2017-05-16T17:40:23+0000","photo","https://www.facebook.com/PeterWelch/photos/a.113455755883.119725.72680720883/10156231823455884/?type=3","72680720883_10156231823455884",NA,138,24,64
"72680720883","Peter Welch","For #PoliceOfficersMemorialDay and #PoliceWeek2017, we honor the men and women who put their lives on the line every day to keep our communities safe. – Peter","2017-05-15T20:15:22+0000","status",NA,"72680720883_10156228663340884",NA,42,1,0
"72680720883","Peter Welch","Congratulations to Jocelyn Pike of Lyndon Institute for winning the 36th Annual Congressional Art Competition! Her brilliant work, “Peru,” was selected from 161 student entries representing 35 Vermont high schools. It will be displayed for one year in the United States Capitol complex along with other winners from congressional districts across the country. I am amazed at the creativity of the many talented young artists across Vermont. A job well done to all participants. I’m looking forward to seeing Jocelyn’s artwork in the Capitol! – Peter","2017-05-10T20:40:14+0000","photo","https://www.facebook.com/PeterWelch/photos/a.113455755883.119725.72680720883/10156209497680884/?type=3","72680720883_10156209497680884",NA,141,4,21
"72680720883","Peter Welch","President Trump’s sudden decision to fire James Comey has compromised the FBI’s ongoing investigation into the Russian government’s attempts to influence the outcome of our presidential election. The American people have a right to know what happened. It is in the best interest of the country and the President to quickly remove the dark cloud that has now descended over the Administration. The only credible way to do so is through the appointment of an independent prosecutor or a nonpartisan commission appointed by the Congress. We need to follow the facts and get to the bottom of this mess. – Peter","2017-05-10T14:37:42+0000","status",NA,"72680720883_10156208387300884",NA,757,132,77
"72680720883","Peter Welch","Tonight, I’ll be hosting a Congress in Your Community event from 5:30 to 6:30 p.m. at Study Hall on College Street in Burlington, Vermont. I want to hear your hopes and concerns for the new Congress and Administration. Hope you can stop by!  WHAT: Congress in Your Community WHEN: Tuesday May 9th at 5:30 p.m. WHERE: Study Hall, 209 College Street, Third Floor","2017-05-09T13:28:43+0000","photo","https://www.facebook.com/PeterWelch/photos/a.113455755883.119725.72680720883/10156204835310884/?type=3","72680720883_10156204835310884",NA,52,5,7
"72680720883","Peter Welch","Happy Green Up Day, Vermont! Started in 1970 by Governor Deane Davis, it's become one of Vermont's most cherished and important traditions. It's a day to take great pride in our state and in one another in what we can do in small ways to keep Vermont as beautiful as it is. – Peter","2017-05-06T12:00:00+0000","video","https://www.facebook.com/PeterWelch/videos/10156191837745884/","72680720883_10156191837745884",NA,211,8,23
"72680720883","Peter Welch","Today was a dark day in the history of the United States Congress. By a vote of 217-213, the House of Representatives voted to take away health coverage from 24 million Americans, gut protections for people with preexisting conditions, raise premiums for those approaching retirement, take money from Medicare, and give a tax cut to the wealthiest Americans. I am hopeful the Senate will scrap this trash and start from scratch. Going forward, I will be working on bipartisan ideas to make the Affordable Care Act work better for Vermonters and all Americans. – Peter","2017-05-04T19:32:19+0000","link","https://www.nytimes.com/2017/05/04/us/politics/health-care-bill-vote.html?hp&action=click&pgtype=Homepage&clickSource=story-heading&module=span-ab-top-region&region=top-news&WT.nav=top-news","72680720883_10156188362785884",NA,396,227,228
"72680720883","Peter Welch","President Donald J. Trump won the election on the backs of hard working rural Americans. This so-called “repeal and replace” is a betrayal of rural America. I will vote HELL NO this afternoon! – Peter","2017-05-04T16:39:01+0000","video","https://www.facebook.com/PeterWelch/videos/10156187911115884/","72680720883_10156187911115884",NA,1072,172,169
"72680720883","Peter Welch","This afternoon, the House passed bipartisan legislation funding the federal government through the end of September. It protects important environmental programs and home heating assistance and increases funding for Pell grants, medical research, and the fight against opioid abuse. President Donald J. Trump’s proposal to build a wall on the southern border was not funded while Planned Parenthood was fully funded. While not perfect, it is a good compromise that meets many of the pressing needs of our country. – Peter","2017-05-03T20:37:49+0000","status",NA,"72680720883_10156184895930884",NA,515,84,33
"72680720883","Peter Welch","“It’s not a question of vetting. It’s a question of did General Flynn break the law. And there is enormous evidence that he did.”","2017-05-02T12:57:27+0000","video","https://www.facebook.com/PeterWelch/videos/10156179936290884/","72680720883_10156179936290884",NA,187,32,21
"72680720883","Peter Welch","Climate. Jobs. Justice. Combating climate change is the challenge of our time. Addressing it head-on will create jobs and strengthen our commitment to justice. Vermont has led the way.  Hope to see you at the Vermont People’s Climate March at the Vermont State House in Montpelier this Saturday at 1 PM.","2017-04-28T13:54:46+0000","photo","https://www.facebook.com/PeterWelch/photos/a.113455755883.119725.72680720883/10156165964645884/?type=3","72680720883_10156165964645884",NA,103,17,3
"72680720883","Peter Welch","Today, the Trump Federal Communications Commission reversed course on the guarantee of a free and open internet, also known as net neutrality. Creating a fast lane on the internet for those who can afford it is a gift to internet service providers and bad for consumers and entrepreneurs. Make your voice heard during the public comment period: https://www.fcc.gov/ecfs/filings/express. Now is the time to speak up! It will make a difference. – Peter","2017-04-27T20:28:34+0000","link","https://www.washingtonpost.com/news/the-switch/wp/2017/04/26/heres-the-fccs-plan-to-undo-its-own-net-neutrality-rules/?utm_term=.e37924048853","72680720883_10156163334595884",NA,44,20,88
"72680720883","Peter Welch","Over the last two weeks, I traveled throughout our state to hear from Vermonters about the impact President Donald J. Trump's budget would have on them and their communities. The message of this draconian budget is, simply put, ‘You’re on your own.’  I was inspired to hear their stories. – Peter","2017-04-26T21:57:41+0000","video","https://www.facebook.com/PeterWelch/videos/10156160100430884/","72680720883_10156160100430884",NA,196,48,15
"72680720883","Peter Welch","We will not go back to the days when Wall Street banks and credit card companies were ripping off Main Street merchants and consumers with unchecked debit card swipe fees. The reforms we passed in 2010 brought transparency and competition to the debit card system. Small businesses in Vermont and across the country, as well as their customers, have more money in their pockets due to the Durbin-Welch amendment. Senator Durbin and I will do everything we can to block this effort by big banks and credit card companies to claw back to their heyday of charging the highest debit card swipe fees in the world. – Peter","2017-04-26T17:13:52+0000","link","https://www.washingtonpost.com/business/economy/washingtons-busy-agenda-is-getting-more-so-with-bill-to-roll-back-dodd-frank/2017/04/25/283e69c0-291c-11e7-a616-d7c8a68c1a66_story.html?utm_term=.252dde929e5a","72680720883_10156159238980884",NA,97,24,16
"72680720883","Peter Welch","Peter spent the last two weeks on a statewide tour to hear from Vermonters about the impact President Donald J. Trump's budget would have on their lives and communities. Throughout the tour, he held press conferences, convened roundtables, and hosted town hall meetings. Check out the photos and their captions for more on what he was up to.","2017-04-26T13:23:29+0000","photo","https://www.facebook.com/PeterWelch/photos/a.10156158572905884.1073741910.72680720883/10156158573080884/?type=3","72680720883_10156158573080884","Peter Welch added 12 new photos to the album: On the Road with Peter: Statewide Budget Tour.",68,5,1
"72680720883","Peter Welch","There is no doubt the world is warming, and at an alarming rate. The latest one, two, three, four and five year periods rank as the warmest in 122 years of record-keeping for the continental U.S., according to the National Oceanic and Atmospheric Administration (NOAA). The science is clear, and ought to matter. President Donald J. Trump: this is the time to recommit to policies and accords like the Clean Power Plan and Paris Agreement that would lower the world's collective carbon footprint.","2017-04-19T20:13:00+0000","link","https://www.washingtonpost.com/news/capital-weather-gang/wp/2017/04/18/the-nation-is-immersed-in-its-warmest-period-in-recorded-history/?utm_term=.08c4c57862e6","72680720883_10156130672715884",NA,105,15,41
"72680720883","Peter Welch","Tomorrow, I’ll be hosting a Congress on Your Campus town hall event from 3:30 to 4:30 p.m. at the Moore Community Room on the campus of Lyndon State College. I want to hear from students and the LSC community about their hopes and concerns for the new Congress and Administration.  WHAT: Congress on Your Campus town hall with Peter WHEN: Thursday, April 20th from 3:30 to 4:30 p.m. WHERE: Moore Community Room, Lyndon State College","2017-04-19T17:56:05+0000","photo","https://www.facebook.com/PeterWelch/photos/a.113455755883.119725.72680720883/10156130650100884/?type=3","72680720883_10156130650100884",NA,23,4,1
"72680720883","Peter Welch","Catch Peter live on Vermont Public Radio's Vermont Edition at noon today.","2017-04-14T14:43:50+0000","link","http://digital.vpr.net/post/rep-peter-welch-live-friday-noon","72680720883_10156107455020884",NA,31,12,4
"72680720883","Peter Welch","Last week, The New York Times reported that Jared Kushner, President Donald J. Trump son-in-law and top adviser, omitted meetings with Russians when he sought security clearance that would give him access to the nation’s secrets.   This week, Congressman Don Beyer and Peter took action. The fact that Kushner is President Trump’s son-in-law does not place him above the law. Anyone else would face severe discipline for failing to disclose such meetings with foreign officials.","2017-04-13T17:08:21+0000","link","http://www.politico.com/story/2017/04/jared-kushner-security-clearance-revoke-democrats-237177","72680720883_10156103660930884",NA,491,68,90
"72680720883","Peter Welch","Tomorrow, I’ll be hosting a Congress in Your Community town hall event from 7 to 8 p.m. at the Rutland Free Library. I want to hear your hopes and concerns for the new Congress and Administration. Hope you can stop by!  WHAT: Congress in Your Community town hall with Peter WHEN: Thursday, April 13th from 7 to 8 p.m. WHERE: Rutland Free Library, 10 Court Street, Rutland","2017-04-12T13:13:48+0000","photo","https://www.facebook.com/PeterWelch/photos/a.113455755883.119725.72680720883/10156098748800884/?type=3","72680720883_10156098748800884",NA,28,5,6
"72680720883","Peter Welch","Yesterday, at the Sara Holbrook Community Center in Burlington, Peter kicked off a statewide tour to hear from Vermonters about the impact of President Trump’s budget proposal on their lives and communities. The Community Center is home to one of seven regional Vermont Head Start programs that collectively help 1,500 low-income children prepare for school. Under the Trump budget, Head Start could see its federal funding slashed by up to 18%. Today, Peter will be in St. Albans at NorthWest Family Foods.","2017-04-11T16:12:19+0000","photo","https://www.facebook.com/PeterWelch/photos/a.113455755883.119725.72680720883/10156095501430884/?type=3","72680720883_10156095504160884","Peter Welch added 6 new photos.",105,16,8
"72680720883","Peter Welch","Bashar al-Assad’s use of chemical weapons against the Syrian people is crime against humanity and a clear violation of international law. He is a war criminal who will be held accountable for his barbaric actions. The response last night by our military underscores the inescapable fact that the United States is already involved in the Syrian civil war. There are American boots on the ground in the region and our military is conducting regular air strikes. Yet, under our Constitution, only Congress has the power to declare war.  Until Monday, President Trump’s plan for Syria was to stay out of it. Just last week, his Secretary of State asserted that the fate of al-Assad was up to the Syrian people. Yesterday he implied that steps were underway that will lead to regime change in Syria.  President Trump has a constitutional obligation to submit to Congress his plan to defeat ISIS and stabilize Syria. Congress must get off the sidelines and do its job by debating and voting on his plan.","2017-04-07T17:25:53+0000","status",NA,"72680720883_10156079512500884",NA,389,63,56
"72680720883","Peter Welch","Took this photo Friday in downtown Brattleboro. I couldn't have said it better! – Peter","2017-04-05T17:59:03+0000","photo","https://www.facebook.com/PeterWelch/photos/a.113455755883.119725.72680720883/10156070084385884/?type=3","72680720883_10156070084385884",NA,2138,71,858
"72680720883","Peter Welch","Today is #EqualPayDay. Did you know that in almost any occupation a woman chooses she makes, on average, 80 cents for every dollar paid to a man in a similar occupation, and that the gender pay gap will not close until 2059? Unacceptable! When women succeed, America succeeds. On this Equal Pay Day, Congress should pass the Paycheck Fairness Act and end pay disparity once and for all. – Peter","2017-04-04T14:07:48+0000","photo","https://www.facebook.com/PeterWelch/photos/a.113455755883.119725.72680720883/10156065186150884/?type=3","72680720883_10156065186150884",NA,218,14,50
"72680720883","Peter Welch","This Friday I’ll be hosting a Congress in Your Community event from 12 to 1 p.m. at the Robert H. Gibson River Garden in Brattleboro. I want to hear your hopes and concerns for the new Congress and Administration. Hope you can stop by!  WHAT: Congress in Your Community town hall with Peter WHEN: Friday, March 31st from 12 to 1 p.m. WHERE: Robert H. Gibson River Garden, 157 Main Street, Brattleboro","2017-03-29T20:58:00+0000","photo","https://www.facebook.com/PeterWelch/photos/a.113455755883.119725.72680720883/10156046196525884/?type=3","72680720883_10156046196525884",NA,49,5,13
"72680720883","Peter Welch","President Trump believes we either have jobs or a clean environment. He has it exactly wrong. We have both or we have neither. A confident nation faces its problems – it doesn’t deny them. President Trump should keep the Clean Power Plan intact and face the realities of a warming world.","2017-03-28T21:39:29+0000","video","https://www.facebook.com/PeterWelch/videos/10156043446445884/","72680720883_10156043446445884",NA,525,37,121
"72680720883","Peter Welch","Thanks to everyone who joined Senator Leahy, Senator Sanders, and me this weekend in Hardwick. It was great to see so many Vermonters. It’s really important to stay engaged! – Peter","2017-03-27T21:47:38+0000","photo","https://www.facebook.com/PeterWelch/photos/a.113455755883.119725.72680720883/10156040190535884/?type=3","72680720883_10156040193835884","Peter Welch added 9 new photos.",412,24,15
"72680720883","Peter Welch","Tomorrow, Peter will vote against President Donald J. Trump’s effort to gut federal privacy rules that require internet service providers to obtain consent from consumers before sharing their Web browsing and app usage history with marketers. You have a right to expect privacy when using the internet.","2017-03-27T20:35:51+0000","link","http://www.latimes.com/business/la-fi-broadband-privacy-senate-20170323-story.html","72680720883_10156039991510884",NA,490,77,148
"72680720883","Peter Welch","I am relieved that the Trump-Ryan so-called ""repeal and replace"" bill will never see the light of day. It failed today because it was unmasked for what it really was: a massive tax cut for the wealthiest Americans disguised as health care reform. To pay for it, 24 million Americans would have lost their healthcare, Vermont’s community hospitals would have taken an enormous financial hit, and premiums for working seniors would have soared. I hope the ashes of this bill will lead to a collaborative effort to make health care more affordable and accessible for every American. It’s time to roll up our sleeves and improve the Affordable Care Act. --Peter","2017-03-24T21:13:04+0000","status",NA,"72680720883_10156029317955884",NA,1724,221,199
"72680720883","Peter Welch","What you have is not a healthcare bill. You have a tax cut bill masquerading as a healthcare bill. – Peter","2017-03-23T20:34:00+0000","video","https://www.facebook.com/PeterWelch/videos/10156025478445884/","72680720883_10156025478445884",NA,597,101,207
"72680720883","Peter Welch","""This country since Harry Truman has had an elusive but desirable goal: healthcare for all our citizens. We've made two strides. One, in 1964 with the passage of Medicare. Another in 2010 with the passage of Obamacare. We should be moving towards Medicare for all our citizens. Instead, this bill does not move forward. It goes backward.""","2017-03-21T21:53:00+0000","video","https://www.facebook.com/PeterWelch/videos/10156018323665884/","72680720883_10156018323665884",NA,330,45,63
"72680720883","Peter Welch","See what the The Times Argus/Rutland Herald had to say about Peter’s effort to defeat the Trump/Ryan health care bill which will cause some 60,000 Vermonters to lose health coverage, gut Vermont’s community hospitals, dramatically raise health care costs for Vermonters approaching retirement, and give a huge tax cut to the 400 wealthiest families in America.","2017-03-21T18:17:20+0000","link","http://www.rutlandherald.com/articles/fighting-on/","72680720883_10156017762445884",NA,69,10,7
"72680720883","Peter Welch","You can tell the values of any president by examining his budget.  President Trump’s budget sends a clear message: You are on your own. It doubles down on Pentagon spending at the expense of the middle class, vulnerable families, seniors, clean air and water, scientific research, diplomacy and the arts. President Trump calls it his ‘America First’ budget. I call it an ‘Americans last’ budget. Like the budgets of his predecessors, this one is dead on arrival.  Congress will write the budget, not President Trump. – Peter","2017-03-16T18:24:29+0000","status",NA,"72680720883_10156000766670884",NA,519,126,101
"72680720883","Peter Welch","Many thanks to the Vermont State Police, county sheriffs, local police, first responders, utility line workers, VTrans plow crews, and all those who have worked tirelessly to keep our roads clear and Vermonters safe. Thanks for all you do! – Peter","2017-03-15T21:29:00+0000","photo","https://www.facebook.com/PeterWelch/photos/a.113455755883.119725.72680720883/10155997714070884/?type=3","72680720883_10155997714070884",NA,861,27,54
"72680720883","Peter Welch","It’s now clear why House GOP leaders last week rammed through committee their so-called “repeal and replace” healthcare bill without a single public hearing. The non-partisan Congressional Budget Office just announced 24 million Americans will lose health coverage. That’s right, 24 million Americans will lose the peace of mind that comes with health care coverage. They can no longer hide the ball. This fight is not over.","2017-03-13T21:47:50+0000","link","https://www.washingtonpost.com/powerpost/obamacare-revision-would-reduce-insured-numbers-by-24-million/2017/03/13/ea4c860a-0829-11e7-93dc-00f9bdd74ed1_story.html?hpid=hp_hp-top-table-main_cbo-430pm%3Ahomepage%2Fstory&utm_term=.c6803fec66b0","72680720883_10155991445630884",NA,139,57,126
"72680720883","Peter Welch","Calling all college students interested in public service and the legislative process! An internship in Peter’s Vermont or Washington, D.C. offices is a great way to gain valuable experience and college credit. We are taking applications for our summer internship program now and the application deadline is fast approaching. Click below for more info on how to apply!","2017-03-10T14:04:00+0000","link","https://welch.house.gov/services/internships","72680720883_10155976860240884",NA,56,3,48
"72680720883","Peter Welch","At about 2 a.m. this morning, during an all-night debate on a measure to repeal the Affordable Care Act, Peter called out Republican leaders for attempting to destroy Planned Parenthood by cutting off its funding.","2017-03-09T22:56:19+0000","video","https://www.facebook.com/PeterWelch/videos/10155974187505884/","72680720883_10155974187505884",NA,504,92,92
"72680720883","Peter Welch","At the start of the 26th straight hour of debate on GOP Leadership’s so-called “repeal and replace” healthcare legislation, Peter stepped out of the House Committee on Energy and Commerce hearing to share his thoughts.  “We are going to keep up the fight. We are going to keep healthcare and make it more accessible for Americans. I pledge my best effort to you to do that.” – Peter","2017-03-09T19:47:29+0000","video","https://www.facebook.com/PeterWelch/videos/10155973526325884/","72680720883_10155973526325884",NA,605,120,156
"72680720883","Peter Welch","Today in the House Committee on Energy and Commerce, Peter slammed GOP leaders' so-called “repeal and replace” bill. Watch it below.","2017-03-08T22:49:42+0000","video","https://www.facebook.com/PeterWelch/videos/10155969424045884/","72680720883_10155969424045884",NA,630,105,581
"72680720883","Peter Welch","Town Meeting Day represents the best tradition of how we do business in Vermont: We listen to one another, respect different opinions, and get the job done with common sense solutions. I hope all Vermonters carry on this important act of civic engagement this year by attending Town Meeting, voicing your opinion and voting on local issues. – Peter  (Painting is Norman Rockwell’s “Freedom of Speech,” depicting a Town Meeting in Arlington, Vermont in 1942.)","2017-03-07T18:41:42+0000","photo","https://www.facebook.com/PeterWelch/photos/a.113455755883.119725.72680720883/10155964866255884/?type=3","72680720883_10155964866255884",NA,206,9,32
"72680720883","Peter Welch","If you put lipstick on a pig, it’s still a pig. President Trump made it clear during the campaign that he intended to ban Muslims from entering our country. Doing so would be patently unconstitutional and make America less safe, not more. To defeat ISIS, we need cooperation from the Muslim community here and around the world. And we should honor not retreat from our longstanding tradition of welcoming refugees fleeing war and violence around the world. The courts struck down the President’s first executive order and I expect they will weigh in again on this more tailored version. – Peter","2017-03-06T20:45:15+0000","link","https://www.washingtonpost.com/world/national-security/new-executive-order-bans-travelers-from-six-muslim-majority-countries-applying-for-visas/2017/03/06/3012a42a-0277-11e7-ad5b-d22680e18d10_story.html?hpid=hp_hp-top-table-main_trumpban-desktop-1017%3Ahomepage%2Fstory&utm_term=.9b748a23f6da","72680720883_10155961575715884",NA,297,65,65
"72680720883","Peter Welch","Tomorrow, I’ll be hosting a Congress in Your Community event from 5:00 to 5:45 p.m. at The Elm Street Market Bennington. I want to hear your hopes and concerns for the new Congress and Administration. Hope you can stop by!  WHAT: Congress in Your Community town hall with Peter WHEN: Monday, March 6th, 5:00 – 5:45 p.m. WHERE: The Elm Street Market, 251 Elm Street","2017-03-05T20:29:00+0000","photo","https://www.facebook.com/PeterWelch/photos/a.113455755883.119725.72680720883/10155950792470884/?type=3","72680720883_10155950792470884",NA,37,14,9
"72680720883","Peter Welch","Happy 226th birthday, Vermont! Our brave little state entered the Union on this day in 1791 and has been punching above our weight ever since.","2017-03-04T13:42:00+0000","photo","https://www.facebook.com/PeterWelch/photos/a.113455755883.119725.72680720883/10155950862550884/?type=3","72680720883_10155950862550884",NA,1679,59,991
"72680720883","Peter Welch","Attorney General Sessions, while under oath, at best misled the Senate Judiciary Committee about his contacts with Russian officials. At worst, he committed perjury. He can no longer serve as America’s chief law enforcement officer, let alone oversee an investigation into Trump campaign officials' contacts with Russians during the election. He should resign from office immediately. – Peter","2017-03-02T15:03:14+0000","status",NA,"72680720883_10155946016625884",NA,1275,239,207
"72680720883","Peter Welch","Ahmed Alsaeedi of Burlington joined me last night in the House chamber to hear President Donald J. Trump’s speech to Congress. He served as an interpreter for the U.S. Army in Iraq from 2007-2011. In doing so, he risked his life and was marked for assassination because he helped American soldiers. Ahmed fled to Vermont in 2012 through the U.S. Special Immigrant Visa program. He now helps refugees fleeing violence and war around the world adjust to their new lives in Vermont. Thank you, Ahmed, for your service to our country in Iraq and to refugees here at home. – Peter","2017-03-01T21:49:00+0000","photo","https://www.facebook.com/PeterWelch/photos/a.113455755883.119725.72680720883/10155943738830884/?type=3","72680720883_10155943738830884",NA,669,43,42
"72680720883","Peter Welch","Catch Peter live on Vermont Public Radio's Vermont Edition today at noon. He'll be joined by his special guest from the President’s speech last night, Ahmed Alsaeedi of Burlington. Ahmed served as an interpreter for the U.S. Army on the Iraq battlefield. He was then marked for assassination in Iraq for helping our Army and fled under the U.S. Special Immigrant Visa program. He now helps other refugees fleeing war transition to their new lives in Vermont.  Had Ahmed been abroad when President Trump issued his extreme vetting executive order, he would not have been allowed to return to Burlington even though he is a legal resident and risked his life to help our soldiers. Hope you will tune in to hear his story.","2017-03-01T16:07:11+0000","link","http://digital.vpr.net/post/vermonters-react-president-trumps-congressional-address#stream/0","72680720883_10155943116490884",NA,50,15,10
"72680720883","Peter Welch","Tonight President Trump delivered a speech soft in tone but steeped in the all too familiar hard-edged policy agenda of his campaign.  He proposes the repeal of the Affordable Care Act with no credible plan to replace it.  He wants to build a wall on our southern border that is not necessary nor will it be effective.  His budget and tax proposals will dramatically increase the deficit and income inequality while shifting an enormous financial burden to Vermont and other states.  And he wants to dramatically increase a bloated Pentagon budget at the expense of working Americans, hospitals, seniors, college students, and the middle class. While I hope to find common ground with him on rebuilding the nation's infrastructure and cutting the cost of prescription drugs, I believe his actions going forward will speak louder than his words tonight.  --Peter","2017-03-01T04:11:12+0000","status",NA,"72680720883_10155941766095884",NA,459,136,80
"72680720883","Peter Welch","This Friday I’ll be hosting a Congress in Your Community town hall from 5:30 to 6:30 p.m. at the Briggs Opera House A Community Arts Center in White River Junction. I want to hear your hopes and concerns for the new Congress and Administration. Hope you can stop by!  WHAT: Congress in Your Community town hall with Peter WHEN: Friday, March 3rd, 5:30 – 6:30 p.m. WHERE: The Briggs Opera House, 5 South Main Street, White River Junction","2017-02-28T14:41:36+0000","photo","https://www.facebook.com/PeterWelch/photos/a.113455755883.119725.72680720883/10155939918410884/?type=3","72680720883_10155939918410884",NA,60,9,34
"72680720883","Peter Welch","In just over a month in office President Donald J. Trump has approved a special operations raid in Yemen that killed Yemeni women and children and resulted in the death of Chief Petty Officer William Owens. Trump administration officials have signaled that it may soon send additional U.S. troops into northern Syria to join the special operations forces already there. We can debate whether these actions are prudent and effective, but that debate should happen in the halls of Congress. Under the U.S. Constitution, it is the responsibility of Congress to authorize the use of military force -- and it is long overdue for Congress to step up and do its job. That's why I joined Congressman Jim McGovern and 17 bipartisan colleagues urging Speaker Paul Ryan to allow for debate and a vote on a new AUMF to address the fight against ISIS and al-Qaeda affiliates in the Middle East.","2017-02-24T21:16:24+0000","link","http://welch.house.gov/sites/welch.house.gov/files/AUMF%20Debate%202017%20-%20FINAL-To%20Speaker%20Ryan%2017feb17.pdf","72680720883_10155927997260884",NA,401,94,80
"72680720883","Peter Welch","A warm welcome home to the men and women of the Vermont Air National Guard (Official) after a successful deployment in the Middle East. I know I join all Vermonters in thanking you for your service, and thanking your families and employers for filling in while you were serving our nation. Thank you. – Peter","2017-02-24T14:18:44+0000","link","http://www.burlingtonfreepress.com/story/news/2017/02/22/first-vermont-air-guard-members-return-today-middle-east/98218590/","72680720883_10155924382930884",NA,134,7,6
"72680720883","Peter Welch","President Donald J. Trump says transgender rights should be decided by 50 states. Wrong again, Mr. President. You have a moral and legal obligation to protect the rights of ALL Americans regardless of where they live, especially children. These vulnerable kids face discrimination, bullying and harassment every day as they struggle with their gender identity.  You just made their struggle a lot more difficult. Shame on you. – Peter","2017-02-23T16:22:24+0000","link","https://www.washingtonpost.com/local/education/trump-administration-rolls-back-protections-for-transgender-students/2017/02/22/550a83b4-f913-11e6-bf01-d47f8cf9b643_story.html?utm_term=.234bf353160b","72680720883_10155923733680884",NA,441,129,98
"72680720883","Peter Welch","I can't type as quick as I'd like, but I'll be here until 6:30 to answer as many questions as I can! Ask away!  Update, Thx everyone.. I really enjoyed this. Tumultuous times and we all have to hang in. Sorry I cant type faster  Sorry I missed ansering so many good questions. We will do this again soon Peter","2017-02-16T22:26:09+0000","status",NA,"72680720883_10155900538240884","Peter Welch started a Q&A.",183,146,40
"72680720883","Peter Welch","Today Peter went to the House floor to demand an investigation of President Donald J. Trump's ties to Russia.","2017-02-16T21:50:58+0000","video","https://www.facebook.com/PeterWelch/videos/10155900387690884/","72680720883_10155900387690884",NA,1436,211,227
"72680720883","Peter Welch","ICYMI: Starting at 5:30 PM this evening, Peter will be at his computer answering your questions about his agenda and what's going on in D.C. Check back here on his page at 5:30 to participate. The Q&A will last for an hour.","2017-02-16T19:07:40+0000","video","https://www.facebook.com/PeterWelch/videos/10155899767580884/","72680720883_10155899767580884",NA,30,7,8
"72680720883","Peter Welch","Join Peter right here for a Facebook town hall tomorrow at 5:30 p.m. He’ll be at his computer answering your questions about his agenda in the new Congress, what’s happening in Washington, and the news of the day.","2017-02-15T16:50:16+0000","photo","https://www.facebook.com/PeterWelch/photos/a.113455755883.119725.72680720883/10155894270875884/?type=3","72680720883_10155894270875884",NA,48,8,36
"72680720883","Peter Welch","Join Peter this Thursday at 5:30 p.m. right here on his page for a Facebook Town Hall. He'll be at his computer answering your questions live.","2017-02-14T19:15:29+0000","photo","https://www.facebook.com/PeterWelch/photos/a.113455755883.119725.72680720883/10155891488545884/?type=3","72680720883_10155891488545884",NA,36,8,25
"72680720883","Peter Welch","Hope everyone has a chance to get outside and enjoy the fresh snow!","2017-02-13T15:48:52+0000","link","http://www.burlingtonfreepress.com/story/news/2017/02/13/10-inches-snow-burlington-so-far/97842722/","72680720883_10155887777890884",NA,111,6,10
"72680720883","Peter Welch","It's fantastic to see Switchback Brewing Company join the ranks of other great employee-owned businesses in Vermont like King Arthur Flour and Gardener's Supply Garden Centers. Bill Cherry and his team at Switchback were brewing pioneers who played a big part in earning Vermont's beer industry the world-renowned reputation it now enjoys. It is good to know that their vision for brewing awesome beer will continue to be carried on by Vermonters right here in the Green Mountain State. Cheers!","2017-02-08T21:40:30+0000","link","http://www.wcax.com/story/34456323/popular-vermont-beer-company-sold?utm_source=dlvr.it&utm_medium=twitter","72680720883_10155873325780884",NA,541,16,78
"72680720883","Peter Welch","A free and open internet is critical to innovation, entrepreneurship, and consumers living in a digital age. The Federal Communications Commission should not undermine #NetNeutrality by rolling back rules prohibiting unfair internet “fast lines.”","2017-02-07T21:45:00+0000","link","https://www.nytimes.com/2017/02/05/technology/trumps-fcc-quickly-targets-net-neutrality-rules.html","72680720883_10155869638175884",NA,90,13,52
"72680720883","Peter Welch","It’s really important when a Vermonter contacts me. That matters to us. I think it activates in the individual a sense that they can act in general. So this call to me may be incidental, but then they may go to that march in Montpelier. They may decide to run for the local select board. It may be that step they needed to say, 'I’m going to join the school board.’  So act, act, act. We have to do that. That’s the obligation of all of us who care about our democracy. – Peter  Catch Peter’s full interview from yesterday on Vermont Public Radio’s Vermont Edition below.","2017-02-03T20:37:00+0000","link","http://digital.vpr.net/post/rep-peter-welch-vermont-edition","72680720883_10155856011280884",NA,313,33,25
"72680720883","Peter Welch","“Injustice anywhere is a threat to justice everywhere” – MLK, Jr.   I am holding these wise words dear as we enter Black History Month. – Peter","2017-02-02T16:32:46+0000","photo","https://www.facebook.com/PeterWelch/photos/a.113455755883.119725.72680720883/10155851894940884/?type=3","72680720883_10155851894940884",NA,117,7,10
"72680720883","Peter Welch","Peter will be LIVE on Vermont Public Radio's Vermont Edition today at noon to talk about his priorities for the new Congress and President Trump's recent executive orders. You can listen in and ask him a question by following the link below.","2017-02-02T15:06:35+0000","link","http://digital.vpr.net/post/live-noon-rep-peter-welch-0","72680720883_10155851716750884",NA,44,7,11
"72680720883","Peter Welch","“Prescription drugs are lifesaving and pain relieving but they’re killing us with their skyrocketing prices. Our patients are getting hammered and our hospitals are getting squeezed. If we don’t take common sense steps, we’re going to collapse under the weight of prescription drug prices that nobody can pay.” – Peter  At a roundtable discussion at the Community Health Centers of Burlington this week, Peter laid out his four point plan for making prescription drug prices more affordable for consumers, taxpayers, and businesses. You can read about it in detail here: https://welch.house.gov/media-center/press-releases/welch-unveils-four-point-prescription-drug-affordability-agenda.","2017-01-31T22:07:00+0000","video","https://www.facebook.com/PeterWelch/videos/10155846188050884/","72680720883_10155846188050884",NA,61,5,6
"72680720883","Peter Welch","Happening today LIVE at NOON: Watch Peter bring the story of Rutland's refugees to the House floor.","2017-01-31T16:32:23+0000","link","https://www.c-span.org/video/?423246-1%2Fus-house-morning-hour&live","72680720883_10155845446525884",NA,147,20,12
"72680720883","Peter Welch","This morning Peter was joined by ACLU-Vermont at a Burlington press conference to denounce orders by President Donald J. Trump to ban refugees and some migrants from admission to the United States.  ""I have never seen an action by the President of the United States as damaging to the tradition of religious liberty and open acceptance of people seeking asylum as this immigration order by President Trump,” Peter said. “We've got to resist this, and we've got to reverse it.""  Watch the full press conference below via the Burlington Free Press.","2017-01-30T20:43:58+0000","link","http://www.burlingtonfreepress.com/story/news/2017/01/30/rep-peter-welch-attacks-trumps-immigration-order/97238188/","72680720883_10155841670025884",NA,485,78,46
"72680720883","Peter Welch","Steve Bannon should not be permitted to pass through the White House gates let alone serve as a permanent member of the National Security Council. His appointment to the NSC is dangerous, unprecedented and misguided. David Axelrod and Karl Rove were banned from regularly participating in NSC meetings by Presidents Obama and Bush. There should be no seat at the national security table for partisan politics, especially the brand promoted by Bannon in his previous job -- fringe conspiracy theories, the alt-right movement, anti-Semitism, racism, sexism, and homophobia.","2017-01-30T18:50:22+0000","link","https://www.nytimes.com/2017/01/29/us/stephen-bannon-donald-trump-national-security-council.html?_r=0","72680720883_10155841293000884",NA,1081,255,435
"72680720883","Peter Welch","Yesterday, I met with the Syrian families who have arrived in their new home, Rutland. They were warm, solid, generous people doing whatever it takes to give their children a better chance at life. I wish Donald Trump had been there with me to meet those families and meet the people of Rutland. I think he would come to a different decision. – Peter","2017-01-27T16:33:14+0000","link","https://vtdigger.org/2017/01/27/welch-visits-syrian-refugees-rutland/","72680720883_10155831597625884",NA,1829,145,250
"72680720883","Peter Welch","Later today, the House majority will yet again try to limit women’s reproductive rights. This time, they want to make permanent the discriminatory Hyde Amendment and raise taxes on small businesses providing employees with health insurance that covers reproductive health services. I will vote NO on this bill and any other assault on women’s rights and health care. – Peter","2017-01-24T20:47:54+0000","link","http://www.huffingtonpost.com/entry/congress-abortion-more-expensive_us_58878218e4b070d8cad57fb4","72680720883_10155820400695884",NA,558,306,171
"72680720883","Peter Welch","Disregarding the fact that 2016 was the hottest on record, President Trump today doubled down on his head-in-the sand climate change denial. Tar sands are the dirtiest of dirty energy sources. Clean energy policies protect the environment AND create good jobs. Bill McKibben and 350.org got it right: This is not a done deal. #noDAPL #noKXL","2017-01-24T18:58:41+0000","link","http://www.huffingtonpost.com/entry/trump-keystone-dakota-access_us_58877e02e4b070d8cad57814?utm_medium=email&utm_campaign=Trump+Signs+Executive+Orders+On+Keystone+XL+Dakota+Access+Pipelines&utm_content=Trump+Signs+Executive+Orders+On+Keystone+XL+Dakota+Access+Pipelines+CID_4c5a11f169c18a8759e98024b0938d93&utm_source=Email+marketing+software&utm_term=Read+More","72680720883_10155820074005884",NA,202,78,81
"72680720883","Peter Welch","I was sickened by President-elect Donald Trump’s comments belittling the record of civil rights icon, Rep. John Lewis. John is a personal hero of mine and many other Americans. His storied career defines leadership, courage, civility, and action. I am deeply disappointed that Mr. Trump is continuing the invective of his campaign into his presidency.    Over the weekend and today, I’ve heard from a number of Vermonters asking me not to attend Friday’s inauguration. As I outlined on this page earlier this month, I will not do anything to normalize Mr. Trump’s rhetoric or his demeaning treatment of individuals or whole classes of people. And I will fiercely oppose any effort on his part to take away or limit the civil rights of any American.    However, I believe the inaugural ceremony is about more than any individual. It is about the peaceful transition of power enshrined in our Constitution. I believe it is my job to participate in, and be a witness to, this touchstone of our democracy and powerful symbol to the world. So, while I respect the decision of some of my colleagues to stay home, I will attend, but not celebrate, Friday’s ceremony.","2017-01-17T19:32:27+0000","status",NA,"72680720883_10155791045415884",NA,532,408,48
"72680720883","Peter Welch","Ahead of House vote today to repeal the Affordable Care Act, Peter took to the House floor to call out the House majority for repealing a law that has benefited thousands of Vermonters with no replacement law in sight.  “Bottom line, you’re the majority in the House, you’re the majority in the Senate, you’ve got the presidency. You’ve got some responsibility to show us the beef. Where is the plan? Now there’s a lot of paper over there, but you haven’t shown us a plan and here’s why: because when you put pen to paper, all hell is going to break loose on your side, because you have to move beyond the rhetoric to figuring out how you’re going to pay to keep our kids on our healthcare plan, you’re going to have to figure out how to pay if we’re going to let folks with preexisting conditions have healthcare. Those don’t solve themselves, and you don’t have a plan.”","2017-01-13T21:38:00+0000","video","https://www.facebook.com/PeterWelch/videos/10155777616420884/","72680720883_10155777616420884",NA,1001,167,260
"72680720883","Peter Welch","It’s about time that Volkswagen executives admitted to criminal wrongdoing and face the consequences for knowingly deceiving hundreds of thousands of American consumers, including some 3,000 Vermonters. They cheated on emissions rules that protect our environment and violated the trust placed in them by their customers. I am pleased to see the company and those responsible for the crimes finally being brought to justice.","2017-01-11T23:28:00+0000","link","http://www.wsj.com/articles/volkswagen-pleads-guilty-in-u-s-emissions-scam-1484159603","72680720883_10155769224255884",NA,25,3,4
"72680720883","Peter Welch","Today, President-elect Donald J. Trump strongly endorsed an issue I have been pushing hard for in Congress – requiring the federal government to use its significant bulk purchasing power to cut the price of prescription drugs for seniors and taxpayers.  Here is what he said at this morning’s press conference:   “We're the largest buyer of drugs in the world. And yet we don't bid properly. We're going to start bidding. We're going to save billions of dollars over a period of time.”   Music to my ears. It’s crazy that Medicare buys drugs at wholesale but pays retail prices. I’ve introduced a bill that would require price negotiations with Big Pharma. It will cut drug prices, save taxpayer dollars, and shore up the Medicare trust fund. I’m ready to get to work with President-elect Trump to pass this commonsense legislation.","2017-01-11T20:47:45+0000","link","https://vtdigger.org/2017/01/10/welch-seeks-drug-negotiating-power-for-medicare/","72680720883_10155768323545884",NA,251,40,16
"72680720883","Peter Welch","During the winter months, VTrans plow crews work long hours keeping our roads clear so we can safely get where we need to go. Check out their new Winter Central web portal that will help us navigate Vermont’s winter road conditions. It includes a new Plow Finder feature showing the location of all 250 VTrans plow trucks in near real-time so you can track when the next one is coming and plan your trip accordingly. Thank you VTrans plow crews for your often exhausting and often dangerous work keeping the roads clear all winter long!","2017-01-10T22:21:00+0000","link","http://vtrans.vermont.gov/operations/winter","72680720883_10155765029435884",NA,97,3,19
"72680720883","Peter Welch",NA,"2017-01-06T16:28:40+0000","photo","https://www.facebook.com/PeterWelch/photos/a.10150890220405884.523975.72680720883/10155749840060884/?type=3","72680720883_10155749840590884","Peter Welch updated their cover photo.",78,3,1
"72680720883","Peter Welch","On January 20, Donald J. Trump will take the oath of office to become the 45th President of the United States. He will raise his right hand and swear to ‘preserve, protect and defend the Constitution of the United States.’ The American people should have every confidence that he will follow through on this solemn oath and act in the country’s best interest rather than his own. Senator Ben Cardin and I introduced a resolution demanding that he abide by the Constitution and sever business ties so that conflicts of interest are eliminated on Day 1. – Peter","2017-01-06T14:42:26+0000","link","http://www.washingtonexaminer.com/democrats-trump-at-risk-of-foreign-corruption-unless-he-divests/article/2610963#","72680720883_10155749580485884",NA,449,95,37
"72680720883","Peter Welch","Yesterday I introduced my first bill of the 115th Congress, the Medicare Prescription Drug Price Negotiation Act. Putting the federal government's purchasing power to work to save seniors and the taxpayer money is simply common sense. The fact that we continue to pay retail rates for wholesale purchases is ridiculous. It's long past time we put an end this sweetheart deal for big Pharma.  If President-elect Donald J. Trump was serious about this campaign promise, I will work with him to make it happen. – Peter","2017-01-05T19:28:56+0000","link","https://welch.house.gov/media-center/press-releases/welch-introduces-bill-force-drug-corporation-negotiate-medicare","72680720883_10155746535285884",NA,394,51,66
"72680720883","Peter Welch","Humbled and honored that Vermonters have allowed me to represent them in Congress. Ready to get to work! – Peter","2017-01-04T17:37:17+0000","photo","https://www.facebook.com/PeterWelch/photos/a.113455755883.119725.72680720883/10155742460585884/?type=3","72680720883_10155742460585884",NA,426,34,2
"72680720883","Peter Welch","I just returned from the House floor where I took the oath of office to represent Vermonters in the House of Representatives for the next two years. I am grateful to Vermonters for this opportunity and am ready to get to work. - Peter","2017-01-03T22:31:18+0000","video","https://www.facebook.com/PeterWelch/videos/10155739453875884/","72680720883_10155739453875884",NA,876,89,20
"72680720883","Peter Welch","The first action taken by the Republican majority in the new Congress—in a closed door meeting late last night—was to gut the independent Office of Congressional Ethics. The midnight move will put the independent watchdog under the control of the House Ethics Committee, and prohibits it from hiring a spokesperson, contacting law enforcement without approval, or investigating anonymous tips. Hardly draining the swamp. I will oppose this on House floor today.","2017-01-03T15:54:25+0000","status",NA,"72680720883_10155738196045884",NA,483,146,75
