"from_id","from_name","message","created_time","type","link","id","story","likes_count","comments_count","shares_count"
"1717468191899835","Congresswoman Lisa Blunt Rochester","Today, the House passed bipartisan legislation that would ensure Americans are entering the workforce with the skills they need to compete for in-demand jobs. I spoke on the floor just before it passed.","2017-06-22T22:07:15+0000","video","https://www.facebook.com/Rep.BluntRochester/videos/1804971076482879/","1717468191899835_1804971076482879",NA,105,6,12
"1717468191899835","Congresswoman Lisa Blunt Rochester","It was an honor to be able to play in the Congressional Women's Softball Game on behalf of my best friend, Michelle. She survived her battle with cancer and is a constant inspiration to me. I'm so grateful to everyone who attended and helped us support a great cause!","2017-06-22T18:16:42+0000","video","https://www.facebook.com/TheHill/videos/10154979995019087/","1717468191899835_1804895576490429","Congresswoman Lisa Blunt Rochester shared The Hill's live video.",93,4,0
"1717468191899835","Congresswoman Lisa Blunt Rochester","I'm proud that my freshman class is taking the lead in ensuring we are civil with one another - even when we disagree. ""We are dedicated to showing proper respect to one another and all others, encouraging productive dialogue, and modeling civility in our public and private actions. While we may vehemently disagree on matters of law and policy, we will strive at all times to maintain collegiality and the honor of our office.”","2017-06-21T20:34:02+0000","photo","https://www.facebook.com/Rep.BluntRochester/photos/a.1717615288551792.1073741828.1717468191899835/1804472276532759/?type=3","1717468191899835_1804472276532759",NA,140,20,6
"1717468191899835","Congresswoman Lisa Blunt Rochester","It was wonderful to be with the Rehoboth Beach-Dewey Beach Chamber of Commerce & Visitors Center yesterday. I look forward to working with the chamber to ensure our beach communities are flourishing and our businesses are able to hire, grow, and thrive.","2017-06-21T14:42:45+0000","photo","https://www.facebook.com/Rep.BluntRochester/photos/a.1718450785134909.1073741829.1717468191899835/1804351859878134/?type=3","1717468191899835_1804351936544793","Congresswoman Lisa Blunt Rochester added 3 new photos.",60,5,3
"1717468191899835","Congresswoman Lisa Blunt Rochester","Happy Father's Day to the best dad I could ever ask for! I've accomplished so much because of all you've taught me.","2017-06-18T14:00:27+0000","photo","https://www.facebook.com/Rep.BluntRochester/photos/a.1717615288551792.1073741828.1717468191899835/1802890596690927/?type=3","1717468191899835_1802890596690927",NA,335,10,3
"1717468191899835","Congresswoman Lisa Blunt Rochester","Today, I joined my colleagues in co-sponsoring a resolution condemning President Donald J. Trump's withdrawal from the Paris Climate Agreement. Fortunately, Delaware will be honoring and sticking to the goals of the #ParisAgreement, and I'm thankful to Governor John Carney for his leadership on this issue. #ActOnClimate","2017-06-16T17:52:46+0000","photo","https://www.facebook.com/Rep.BluntRochester/photos/a.1717615288551792.1073741828.1717468191899835/1802228250090495/?type=3","1717468191899835_1802228250090495",NA,212,25,7
"1717468191899835","Congresswoman Lisa Blunt Rochester","It was an honor to be able to attend the annual Ramadan Iftar dinner last night with Governor John Carney and Lt. Governor Bethany Hall-Long. I can think of no more important time for us to come together as a community and reaffirm to one another that we stand as one, that we stand united, and that we stand undeterred.","2017-06-15T14:55:39+0000","photo","https://www.facebook.com/Rep.BluntRochester/photos/a.1717615288551792.1073741828.1717468191899835/1801660050147315/?type=3","1717468191899835_1801660753480578","Congresswoman Lisa Blunt Rochester added 4 new photos.",265,33,28
"1717468191899835","Congresswoman Lisa Blunt Rochester","Today, we are not Republicans or Democrats, we are a family and we are concerned about the well-being of our own. My thoughts and prayers are with Majority Whip Steve Scalise, his family, and the Congressional staffers who were injured during this morning’s shooting. I also want to commend the Capitol Police officers, the first responders, the staffers and the other Members of Congress who heroically jumped into action defending the lives of many of my friends and colleagues.   Each and every day that I arrive at my office or at the Capitol, the Capitol Police officers are there ensuring that we are safe and protected, and for that I am eternally grateful to them. The best way we can move forward is to serve with the same selfless spirit as my colleagues did this morning and to stand together in the face of senseless violence and hatred.","2017-06-14T17:06:40+0000","link","http://www.politico.com/story/2017/06/14/house-majority-whip-scalise-wounded-in-northern-virginia-shooting-reports-of-multiple-shots-fired-239539","1717468191899835_1801181230195197",NA,164,30,9
"1717468191899835","Congresswoman Lisa Blunt Rochester","Praying for Congressman Steve Scalise, the Capitol Police and all of my House Republicans friends this morning after learning of the horrific shooting at their baseball practice.","2017-06-14T12:29:08+0000","link","http://cnn.it/2rv2Xud","1717468191899835_1801065060206814",NA,97,24,15
"1717468191899835","Congresswoman Lisa Blunt Rochester","I was honored to stand alongside my LGBTQ constituents to celebrate LGBTQ Pride Month at the Newark Equality March. Today, we celebrate how far we’ve come, and recognize the work we still have to do to ensure that our LGBTQ friends and family have the opportunity to live freely without fear of discrimination because of who they are or who they love.","2017-06-11T18:30:31+0000","photo","https://www.facebook.com/Rep.BluntRochester/photos/a.1717615288551792.1073741828.1717468191899835/1799733913673262/?type=3","1717468191899835_1799744417005545","Congresswoman Lisa Blunt Rochester added 2 new photos.",149,8,16
"1717468191899835","Congresswoman Lisa Blunt Rochester","Thank you to everyone who came out to our job fair on Friday. Stay tuned for future events!","2017-06-11T16:11:29+0000","photo","https://www.facebook.com/Rep.BluntRochester/photos/a.1718450785134909.1073741829.1717468191899835/1799705007009486/?type=3","1717468191899835_1799707017009285","Congresswoman Lisa Blunt Rochester added 6 new photos.",78,3,4
"1717468191899835","Congresswoman Lisa Blunt Rochester","Our hearts go out to the entire Banner family. We must all recognize our role in stopping violence and healing our communities.","2017-06-08T16:56:02+0000","link","http://www.delawareonline.com/story/news/crime/2017/06/07/boy-stray-struck-bullet-mother-drives-him-fathers-house-wilmington-delaware/377838001/","1717468191899835_1798338443812809",NA,50,9,8
"1717468191899835","Congresswoman Lisa Blunt Rochester","Join us THIS Friday, June 9th for our upcoming job fair! It will be from 2-6 p.m. at DelTech Wilmington Campus. Looking forward to seeing you there!","2017-06-07T14:39:32+0000","photo","https://www.facebook.com/Rep.BluntRochester/photos/a.1717615288551792.1073741828.1717468191899835/1797827967197190/?type=3","1717468191899835_1797827967197190",NA,24,3,18
"1717468191899835","Congresswoman Lisa Blunt Rochester","I think the prescription is to let people know that we care and we are fighting for you. In those areas where we can work together and across the aisle, I'm going to be that person that does that.","2017-06-06T21:03:00+0000","link","http://www.wmdt.com/news/delaware/congresswoman-works-to-unite-washington-represent-delaware/529547469","1717468191899835_1797446593901994",NA,166,15,12
"1717468191899835","Congresswoman Lisa Blunt Rochester","Read my full blog post detailing why Trumpcare is unacceptable for our nation’s students, particularly students with disabilities who rely on Medicaid-funded services to give them equitable access to education.","2017-06-06T17:34:44+0000","link","http://democrats-edworkforce.house.gov/media/blog/trumpcare-hurts-students-with-disabilities-","1717468191899835_1797439923902661",NA,85,8,13
"1717468191899835","Congresswoman Lisa Blunt Rochester","On Memorial Day, I join my fellow Delawareans and Americans to salute those who have made the ultimate sacrifice in service to our great nation. We must honor their commitment to freedom not only by remembering and celebrating them, but by supporting their families and their brothers and sisters in arms. Our soldiers selflessly fight to defend us both at home and abroad, and just as they vow not to leave a soldier behind, we must vow not to forget any veteran at home.","2017-05-29T13:00:00+0000","photo","https://www.facebook.com/Rep.BluntRochester/photos/a.1717615288551792.1073741828.1717468191899835/1792346191078701/?type=3","1717468191899835_1792346191078701",NA,70,7,6
"1717468191899835","Congresswoman Lisa Blunt Rochester","Proud to be a cosponsor of the #RaiseTheWage Act of 2017. People who work hard and play by the rules shouldn't struggle to support their families. This legislation would give hard-working families across the country the raise they deserve.","2017-05-25T16:53:08+0000","video","https://www.facebook.com/HouseDemocrats/videos/10155241009238548/","1717468191899835_1791807394465914","Congresswoman Lisa Blunt Rochester shared House Democrats's live video.",99,14,0
"1717468191899835","Congresswoman Lisa Blunt Rochester","This afternoon’s CBO score, a non-partisan report, shows that 14 million Americans will lose coverage in 2018 alone, and that 23 million Americans will lose coverage by 2026. This confirms my concerns over House Republicans rushing a vote on the American Health Care Act without knowing its full impact. The score went on not only to outline the role the legislation would play in further destabilizing the markets and in causing rising premiums for those in the individual market, but it also showed that $834 billion would be cut from Medicaid.   When we debated this bill in the House, hundreds of Delawareans from across my state called and emailed my office to urge me to protect their care. Americans across the country have reached out to their elected representatives expressing how fearful they are of this legislation and the impact it would have on their families. It’s time we come together to improve the Affordable Care Act and ease their fears. Tearing 23 million Americans off of their healthcare over the next decade and further burdening working families is not a solution, it’s a dangerous risk to take with people’s lives.","2017-05-24T22:58:51+0000","link","http://money.cnn.com/2017/05/24/news/economy/obamacare-repeal-cbo/index.html","1717468191899835_1791429297837057",NA,54,33,15
"1717468191899835","Congresswoman Lisa Blunt Rochester","At 4pm, I'll be joining my colleagues in the Democratic Women's Working Group for the ""State of Child Care in America"" hearing to discuss how we can support hard-wroking families access affordable, quality child care. Watch here: https://www.facebook.com/HouseDemocraticWomen/","2017-05-24T18:00:00+0000","link","https://www.facebook.com/HouseDemocraticWomen/","1717468191899835_1791324897847497","Congresswoman Lisa Blunt Rochester shared a Page.",57,14,0
"1717468191899835","Congresswoman Lisa Blunt Rochester","While President Trump’s proposed budget should reflect our values, strengthen our economy and improve our quality of life, it unfortunately, serves only to undermine and weaken the future of working families. Slashing funding for education and agriculture programs is an indication of the President’s shortsightedness and lack of vision for a future where all Americans are given an opportunity to thrive.  Education is the foundation upon which our children build their lives, their careers and our future, yet the President sees no harm in slashing loan forgiveness programs or work-study programs. Agriculture produces more than $8 billion in economic activity in Delaware alone, yet the President sees no harm in axing subsidies for crop insurance. Whether it’s helping to give students the ability to pursue a degree or helping our farmers insure their crops, these programs help sustain and grow our economy over the long-term. This budget, however, immediately threatens our food supply, undermines our ability to build a skilled and talented workforce and hinders long-term economic growth.  Our future depends on the investments we make today, that’s why I plan to work with my colleagues to approve a budget that makes smart investments in a brighter, stronger future for all Americans.","2017-05-23T21:23:08+0000","link","http://bluntrochester.house.gov/news/documentsingle.aspx?DocumentID=40","1717468191899835_1790972401216080",NA,149,24,31
"1717468191899835","Congresswoman Lisa Blunt Rochester","This infusion of capital is important, because to the extent that firefighters are safe and able to do their jobs, to the extent that people in their homes are safe, that makes the quality of life in Delaware better.","2017-05-23T15:22:13+0000","link","http://www.newsworks.org/index.php/local/item/104159-grant-funds-better-training-for-delaware-firefighters-?_topstory","1717468191899835_1790855884561065",NA,40,1,9
"1717468191899835","Congresswoman Lisa Blunt Rochester","I was honored to attend the Newark Memorial Day Ceremony to pay tribute to those who have made the ultimate sacrifice for our country. The best way we can honor these heroes is to lead lives of purpose in the same spirit of service as when they so bravely served this nation.","2017-05-21T19:27:33+0000","photo","https://www.facebook.com/Rep.BluntRochester/photos/a.1717615288551792.1073741828.1717468191899835/1790077324638921/?type=3","1717468191899835_1790077774638876","Congresswoman Lisa Blunt Rochester added 3 new photos.",68,2,1
"1717468191899835","Congresswoman Lisa Blunt Rochester","I spoke on the House Floor yesterday before the vote on the Bankruptcy Judgeship Act, which would make five federal bankruptcy judgeships permanent in Delaware. This is crucial for our state and will help to guarantee Delaware’s ability to work through its important caseload.","2017-05-18T16:45:14+0000","video","https://www.facebook.com/Rep.BluntRochester/videos/1788534908126496/","1717468191899835_1788534908126496",NA,85,9,6
"1717468191899835","Congresswoman Lisa Blunt Rochester","I'm pleased that congressional calls for an investigation have been answered with the appointment of former FBI Director Robert Mueller. Based on his strong reputation and history of extensive public service, he is an excellent choice to be named special counsel for the investigation into Russian interference in our election.   As I've said, this issue isn't about one party, but the best interests and security of our country. While I am encouraged by this step, I want to ensure Mr. Mueller has expansive autonomy and independence, which will be necessary to restore confidence.  https://www.nytimes.com/2017/05/17/us/politics/robert-mueller-special-counsel-russia-investigation.html","2017-05-18T13:40:25+0000","link","https://www.nytimes.com/2017/05/17/us/politics/robert-mueller-special-counsel-russia-investigation.html","1717468191899835_1788456914800962",NA,95,33,10
"1717468191899835","Congresswoman Lisa Blunt Rochester","So excited that students from Cab Calloway School of the Arts in Delaware were able to visit me in DC today!","2017-05-17T21:09:04+0000","photo","https://www.facebook.com/Rep.BluntRochester/photos/a.1717615288551792.1073741828.1717468191899835/1788165708163416/?type=3","1717468191899835_1788165708163416",NA,178,4,3
"1717468191899835","Congresswoman Lisa Blunt Rochester","Earlier today, at the House Agriculture Committee, I asked new U.S. Department of Agriculture Secretary Sonny Perdue about enhancing trade programs that will impact Delaware. You can watch below:  https://www.youtube.com/watch?v=GfwNmzLT5OY&feature=youtu.be&t=1h58m30s","2017-05-17T17:51:35+0000","video","https://www.youtube.com/watch?v=GfwNmzLT5OY&feature=youtu.be&t=1h58m30s","1717468191899835_1788089624837691",NA,17,1,1
"1717468191899835","Congresswoman Lisa Blunt Rochester","During National Police Week, I join in honoring the lives of the police officers lost in the line of duty serving our country. In Delaware, we recently lost Corporal Stephen Ballard, who embodied the courage, dedication, and honor that we associate with our police. We admire all of the men and women who demonstrate immense bravery and put themselves in dangerous situations every single day. Thank you for all that you do.","2017-05-17T13:17:48+0000","photo","https://www.facebook.com/NationalFraternalOrderofPolice/photos/a.247384535275713.79677.112708638743304/1696455883701897/?type=3","1717468191899835_1787986501514670","Congresswoman Lisa Blunt Rochester shared National Fraternal Order of Police's photo.",46,17,0
"1717468191899835","Congresswoman Lisa Blunt Rochester","The reports that President Trump disclosed highly classified information related to ISIS during meetings with the Russian government are deeply troubling and dangerous. This information was reportedly so sensitive as to be withheld from even our closest allies based on the judgement of our intelligence community. While the President may have the legal authority to share this information, we should place more trust in the judgement of intelligence experts in these fields in order to protect our military serving abroad and our citizens at home.   This issue is not about party. This is about the safety of our country. As Senator McCain said today, ""Sanctions – not intelligence-sharing – should be our course of action."" With these actions, the administration is creating fear amongst our citizens and our closest allies. As this comes after President Trump admitted that the Russia investigation played a role in his decision to fire FBI Director Comey, we should be thorough in connecting all of these pieces. This latest development furthers my desire to see an independent, bipartisan commission into Russian ties in our most recent election.  https://www.nytimes.com/2017/05/15/us/politics/trump-russia-classified-information-isis.html","2017-05-16T22:29:07+0000","link","https://www.nytimes.com/2017/05/15/us/politics/trump-russia-classified-information-isis.html","1717468191899835_1787712874875366",NA,62,32,8
"1717468191899835","Congresswoman Lisa Blunt Rochester","Delaware beaches serve as engines of economic growth and areas of relaxation not just for our state, but for people across the country. The welcome news of beach replenishment in Bethany, South Bethany, and Fenwick this fall will ensure they maintain the necessary upkeep to prepare for future storms and preserve our miles of pristine coastline.  http://www.delawareonline.com/story/news/local/delaware/2017/05/15/three-delaware-beach-towns-approved-emergency-nourishment/322401001/","2017-05-15T20:38:42+0000","link","http://www.delawareonline.com/story/news/local/delaware/2017/05/15/three-delaware-beach-towns-approved-emergency-nourishment/322401001/","1717468191899835_1787180624928591",NA,52,6,4
"1717468191899835","Congresswoman Lisa Blunt Rochester","Happy Mother’s Day to my amazing mom! I’m able to call myself the first Congresswoman to represent Delaware because of you.","2017-05-14T12:30:00+0000","photo","https://www.facebook.com/Rep.BluntRochester/photos/a.1717615288551792.1073741828.1717468191899835/1785190138460973/?type=3","1717468191899835_1785190138460973",NA,144,1,0
"1717468191899835","Congresswoman Lisa Blunt Rochester","Don't panic, there will be challenges. But we get up. Sometimes you have to do things afraid, but you will make it.","2017-05-13T21:43:46+0000","link","http://www.delawareonline.com/story/news/2017/05/13/wil-dsu-graduation/321179001/","1717468191899835_1786292555017398","Congresswoman Lisa Blunt Rochester shared Delawareonline's post.",45,1,0
"1717468191899835","Congresswoman Lisa Blunt Rochester","It was a privilege to deliver the commencement speech at Delaware State University's graduation this morning. Congratulations to the Class of 2017!  You can watch my speech below: https://youtu.be/uwEiqW1cQ98?t=1h14m50s","2017-05-13T17:09:21+0000","video","https://youtu.be/uwEiqW1cQ98?t=1h14m50s","1717468191899835_1786173685029285",NA,142,0,8
"1717468191899835","Congresswoman Lisa Blunt Rochester","In a criminal justice system that too often limits the discretion of prosecutors and judges already with policies like mandatory minimums, the latest push from Attorney General Sessions will once again disproportionately affect minority communities and fail to achieve its stated purpose. While we have seen smart examples of effective policing and community outreach around the country, this directive to charge suspects with the most harsh sentence that is possible to prove will take us backwards on our fight for a fair system. This style of prosecution has been proven to be ineffective in countless communities and I encourage the administration to reverse course.    https://www.nytimes.com/2017/05/12/us/politics/attorney-general-jeff-sessions-drug-offenses-penalties.html?_r=0","2017-05-12T16:59:35+0000","link","https://www.nytimes.com/2017/05/12/us/politics/attorney-general-jeff-sessions-drug-offenses-penalties.html?_r=0","1717468191899835_1785632025083451",NA,42,15,6
"1717468191899835","Congresswoman Lisa Blunt Rochester","I am deeply concerned and disappointed by the news of Aetna’s decision to leave the health insurance exchanges in every state, including Delaware.  As a result of constant mixed messages from the Trump Administration and Congressional Republicans, and a lack of willingness to bring all sides to the table, the individual insurance marketplaces within the ACA have been greatly destabilized. It is within this environment we find ourselves today with rising premiums and fewer choices. Delaware families deserve competition and choices when selecting their health insurance.  I call on my Republican colleagues to work with Democrats in a bi-partisan manner to improve the law. There are common sense marketplace fixes to the ACA that we can all agree would strengthen the health care system for families, employers, and insurers  http://www.delawareonline.com/story/news/health/2017/05/10/aetna-marketplace/316872001/","2017-05-11T13:18:51+0000","link","http://www.delawareonline.com/story/news/health/2017/05/10/aetna-marketplace/316872001/","1717468191899835_1785085738471413",NA,64,51,24
"1717468191899835","Congresswoman Lisa Blunt Rochester","Firing Director Comey at a time when the FBI is investigating Russian ties to the Trump campaign and the presidential election is suspect to say the least. Furthermore, Attorney General Sessions rightly recused himself from any investigation into cooperation between the Trump campaign and Russia, yet he made a recommendation to President Trump that Director Comey be fired. Rather than building confidence and providing Congress - and the American people with answers, we are left only with more questions as a result of the actions of the Trump Administration.  What we know for sure is that there has never been a more pressing time for a special prosecutor and an independent investigation into Russian ties to President Trump and the presidential election. Calmer heads must prevail and we must put politics aside to protect our democracy. We cannot allow public trust in the Department of Justice or in our government as a whole to be eroded because partisanship is prioritized over the truth. The American people deserve answers, and we in Congress must do everything in our power to ensure they get them.","2017-05-10T02:55:32+0000","link","http://bluntrochester.house.gov/news/documentsingle.aspx?DocumentID=28","1717468191899835_1784436835202970",NA,380,67,32
"1717468191899835","Congresswoman Lisa Blunt Rochester","Congratulations to President Obama for receiving the #ProfileinCourage Award for his work on the #ACA.   ""I hope that current members of Congress recognize it takes little courage to aid those who are already powerful, already comfortable, already influential — but it takes great courage to champion the vulnerable and the sick and the infirm,"" Obama said.   I couldn’t agree more. It’s time to step up to improve the #ACA instead of forcing millions of Americans off of their coverage.","2017-05-08T14:35:39+0000","video","https://www.facebook.com/JFKLibrary/videos/10150932882069956/","1717468191899835_1783735191939801","Congresswoman Lisa Blunt Rochester shared John F. Kennedy Presidential Library and Museum's video.",136,17,0
"1717468191899835","Congresswoman Lisa Blunt Rochester","Today, the House of Representatives voted, with no Democratic support, to pass the American Health Care Act despite not having a Congressional Budget Office (CBO) analysis or any hearings.  My colleagues in the Democratic Caucus have all acknowledged that the Affordable Care Act is not perfect, but we’ve focused on working to improve it instead of tearing healthcare away from millions of Americans and tens of thousands of Delawareans. From cancer survivors worried that they will never get the care they deserve because the House GOP health care bill has gutted pre-existing condition protections, to seniors concerned that they won’t be able to afford coverage at all, Delawareans across my state have called and emailed my office to express how terrified they are of this legislation.  The fight continues now in the Senate. I implore my friends and colleagues in the Senate to do the right thing and stand up for the countless working families this bill will leave behind","2017-05-04T20:17:50+0000","link","http://bluntrochester.house.gov/news/documentsingle.aspx?DocumentID=27","1717468191899835_1781922868787700",NA,197,84,43
"1717468191899835","Congresswoman Lisa Blunt Rochester","Providing a quick update minutes before the health care vote.","2017-05-04T17:12:36+0000","video","https://www.facebook.com/Rep.BluntRochester/videos/1781859395460714/","1717468191899835_1781859395460714","Congresswoman Lisa Blunt Rochester was live.",190,83,26
"1717468191899835","Congresswoman Lisa Blunt Rochester","I really, literally feel when I step on the floor of the House that I'm bringing so many different types of people with me from Delaware.","2017-05-03T17:07:00+0000","link","http://www.rollcall.com/news/hoh/take-five-lisa-blunt-rochester","1717468191899835_1781323578847629",NA,204,11,8
"1717468191899835","Congresswoman Lisa Blunt Rochester","Congratulations Sam! Cheers to your success. You make Delaware proud!","2017-05-02T19:00:00+0000","link","http://www.delawareonline.com/story/life/food/2017/05/01/dogfish-heads-calagione-named-countrys-best-brewer/101151132/","1717468191899835_1780576022255718",NA,33,0,3
"1717468191899835","Congresswoman Lisa Blunt Rochester","Today I joined Congressman David Cicilline (RI-01) and 192 of our House colleagues in reintroducing the Equality Act. The legislation would provide explicit, permanent protections for members of the LGBTQ community in matters of employment, housing, education and more.  Delaware has made great strides in protecting our LGBTQ community from discrimination and I’m incredibly proud to be an original cosponsor of the Equality Act so that all LGBTQ Americans have the chance to earn a living and provide for their families without fear of being fired or evicted because of who they are or who they love. Members of Congress have the opportunity to send a message to LGBTQ people everywhere that their lives are valued and that anything less than full equality will not be tolerated, and I’m going to fight to ensure that message is heard loud and clear. It’s time for the Equality Act to become law.","2017-05-02T15:25:12+0000","link","http://bluntrochester.house.gov/news/documentsingle.aspx?DocumentID=24","1717468191899835_1780571905589463",NA,178,21,25
"1717468191899835","Congresswoman Lisa Blunt Rochester","This is a must watch. Jimmy Kimmel – I’m glad to hear that Billy is safely at home and that he will make a full recovery.   https://www.youtube.com/watch?v=MmWWoMcGmo0","2017-05-02T14:47:58+0000","video","https://www.youtube.com/watch?v=MmWWoMcGmo0","1717468191899835_1780559298924057",NA,80,2,2
"1717468191899835","Congresswoman Lisa Blunt Rochester","Thank you to LEADelaware for coming to DC to discuss federal agriculture policy and its direct impact on Delaware. It has been invaluable having the opportunity to hear from our farmers, students, and researchers up and down the state.","2017-04-28T19:40:00+0000","photo","https://www.facebook.com/Rep.BluntRochester/photos/a.1717615288551792.1073741828.1717468191899835/1778500819129905/?type=3","1717468191899835_1778500819129905",NA,28,2,0
"1717468191899835","Congresswoman Lisa Blunt Rochester","I heard from members of the Delaware State Association of Letter Carriers. Whether delivering medication to elderly residents, providing access to those in rural communities, or ensuring our cities stay connected, our letter carriers provide essential services to all of us.","2017-04-28T16:20:00+0000","photo","https://www.facebook.com/Rep.BluntRochester/photos/a.1717615288551792.1073741828.1717468191899835/1778507509129236/?type=3","1717468191899835_1778507509129236",NA,34,2,0
"1717468191899835","Congresswoman Lisa Blunt Rochester","I had a chance to hear from the American Chemical Society, including Delaware resident and chairman of their Board of Directors, Dr. Confalone. We discussed the ways I can work on the House Committee on Education and the Workforce to strengthen STEM programs and federal investments in science and innovation.","2017-04-28T13:23:20+0000","photo","https://www.facebook.com/Rep.BluntRochester/photos/a.1717615288551792.1073741828.1717468191899835/1778495662463754/?type=3","1717468191899835_1778495662463754",NA,28,2,0
"1717468191899835","Congresswoman Lisa Blunt Rochester","I was joined by Wendy Turner 2017 Delaware Teacher of the Year to discuss the education system in Delaware.","2017-04-27T16:13:22+0000","video","https://www.facebook.com/Rep.BluntRochester/videos/1778092492504071/","1717468191899835_1778092492504071","Congresswoman Lisa Blunt Rochester was live.",101,7,28
"1717468191899835","Congresswoman Lisa Blunt Rochester","I’m heartbroken to hear that one of our Delaware State Troopers has been killed in the line of duty. Today is a tragic reminder that each and every day our police officers put their uniform on, they put their lives at risk in order to ensure the safety of others. My thoughts and prayers are with the family of the officer, and I continue to pray for the safety of the men and women still working to bring the suspect into custody.","2017-04-26T22:04:37+0000","link","http://www.delawareonline.com/story/news/crime/2017/04/26/police-responding-report-shooting-bear-wawa/100932574/","1717468191899835_1777735762539744",NA,48,10,14
"1717468191899835","Congresswoman Lisa Blunt Rochester","As a member of the Workforce and Education committee, we are constantly talking about new and innovative methods of educating people. That's why I was so thrilled to be able to celebrate the new, state-of-the-art Aquatic Resource Education Center yesterday with Governor Carney and DNREC. The facility extends well beyond the classroom, and is a wonderful example of educational opportunities for Delawareans of all ages.","2017-04-25T19:00:00+0000","photo","https://www.facebook.com/Rep.BluntRochester/photos/a.1717615288551792.1073741828.1717468191899835/1777129452600375/?type=3","1717468191899835_1777130425933611","Congresswoman Lisa Blunt Rochester added 2 new photos.",39,2,2
"1717468191899835","Congresswoman Lisa Blunt Rochester","Last night, I spoke with members of the Jewish Federation of Delaware at the Siegel Jcc to honor the memory of Jews who were murdered because of who they were and what almighty power they prayed to. Holocaust Remembrance Day requires us to commit to action. We must commit that never again will we let such naked religious bigotry prevail and never again will we stand idly by and watch the systematic destruction of an entire race of people.   To properly honor their memories, we must all renew our commitment to confronting hatred as well as standing up and speaking out for freedom.","2017-04-25T16:02:57+0000","photo","https://www.facebook.com/Rep.BluntRochester/photos/a.1717615288551792.1073741828.1717468191899835/1777130705933583/?type=3","1717468191899835_1777137715932882","Congresswoman Lisa Blunt Rochester added 2 new photos.",73,3,1
"1717468191899835","Congresswoman Lisa Blunt Rochester","As a new member of the House Agriculture committee, I was pleased to visit Vanderwende Farm Creamery. As we begin crafting the new Farm Bill, it was helpful to have them shed some light on their operations and provide some insight into challenges they’re facing as well as the opportunities there are to ensure their future success. Delaware’s agriculture community is integral to our economy and I’m honored to be able to represent their voices in Washington.","2017-04-24T22:10:28+0000","photo","https://www.facebook.com/Rep.BluntRochester/photos/a.1717615288551792.1073741828.1717468191899835/1776530649326922/?type=3","1717468191899835_1776530965993557","Congresswoman Lisa Blunt Rochester added 5 new photos.",63,2,4
"1717468191899835","Congresswoman Lisa Blunt Rochester","The scientific evidence is clear – climate change endangers human health and threatens the safety and security of our home. Delaware is already being threatened by climate change, and as one of the lowest lying states in the country we cannot afford to ignore the impacts of sea level rise. We must take action to address climate change and reduce its effects, not backtrack like the Trump Administration. President Trump’s Executive Order erasing critical steps taken to protect the air we breathe is dangerous and shortsighted. We should instead be looking toward a clean-energy future where innovation in alternate energy sources will lead to good-paying jobs all while helping to protect this planet we are fortunate to call home. #EarthDay","2017-04-22T13:00:00+0000","photo","https://www.facebook.com/Rep.BluntRochester/photos/a.1717615288551792.1073741828.1717468191899835/1774972586149395/?type=3","1717468191899835_1774972586149395",NA,163,13,13
"1717468191899835","Congresswoman Lisa Blunt Rochester","Thanks to WHYY for having me on the show to talk about my first few months in office.","2017-04-22T00:13:07+0000","video","https://m.youtube.com/watch?feature=share&v=z_2dts_cLdQ","1717468191899835_1775115502801770",NA,62,1,3
"1717468191899835","Congresswoman Lisa Blunt Rochester","I’m thrilled to have had the opportunity to celebrate the redevelopment of The Flats with Governor Carney this morning. Stable, affordable housing is an integral part of Delaware’s economy as well as for each family’s quality of life. With stable housing, people are able to focus on their own education, employment and their families. I’m grateful for the work and collaboration from the Todmorden Foundation, the Woodlawn Trustees and HDC MidAtlantic. Their dedication to an important part of our city is critical to creating safe, thriving communities and helps carry out the legacy of William P. Bancroft.","2017-04-19T19:34:02+0000","photo","https://www.facebook.com/Rep.BluntRochester/photos/a.1717615288551792.1073741828.1717468191899835/1773938546252799/?type=3","1717468191899835_1773938672919453","Congresswoman Lisa Blunt Rochester added 3 new photos.",84,1,8
"1717468191899835","Congresswoman Lisa Blunt Rochester","The Food Bank of Delaware's work to fight hunger and to train and educate the next generation of food service professionals is critical to Delaware and our anti-hunger efforts. I'm thrilled to have had the opportunity to visit with them today to thank them and discuss how we can work together to move the ball forward for people across the First State.","2017-04-17T18:22:44+0000","photo","https://www.facebook.com/Rep.BluntRochester/photos/a.1718450785134909.1073741829.1717468191899835/1772833219696665/?type=3","1717468191899835_1772836783029642","Congresswoman Lisa Blunt Rochester added 3 new photos.",44,3,5
"1717468191899835","Congresswoman Lisa Blunt Rochester","I wish everyone who is observing Passover and Easter a peaceful period of reflection and celebration. We take this time to gather with family and friends to appreciate the values we hold dear and nurture the role of faith in our lives. During this Holy Week, my thoughts and prayers are with the brave men and women serving our country abroad for their continued sacrifice and strength.","2017-04-14T13:30:00+0000","status",NA,"1717468191899835_1770702476576406",NA,93,9,2
"1717468191899835","Congresswoman Lisa Blunt Rochester","We are accepting applications for summer internships in my Washington, DC and Wilmington, DE offices. Interns have a unique opportunity to learn about the federal government and the legislative process while serving their community. In the DC office, interns will be asked to research legislation for me and my staff, attend hearings and briefings, and answer phones. In the Wilmington office, interns will be asked to assist with answering phones, creating media clips, and helping with District-based projects.   If you or someone you know is interested in serving as an intern in my office, please submit an application by April 21st at https://bluntrochester.house.gov/forms/internships/.","2017-04-12T16:57:50+0000","link","https://bluntrochester.house.gov/forms/internships/","1717468191899835_1770165103296810",NA,83,13,81
"1717468191899835","Congresswoman Lisa Blunt Rochester","Attacks on innocent civilians through the use of chemical weapons in Syria have shocked the conscience of us all. President Assad has continued to delegitimize his position and violate the trust of the global community by using heinous tactics against his own people, and we must be steadfast in our efforts to stop innocent lives from being lost. The military strike President Trump authorized last night appears to be an indication of the administration's commitment to standing up and speaking out about this humanitarian crisis, but I fear that we do not have a long-term plan to combat the crisis in Syria.               It's clear military action alone will not resolve this crisis and without diplomatic leadership from the United States, we’ll see further displacement of innocent people. For too long we've seen the faces of the humanitarian crisis the Assad Regime has created and I encourage President Trump to work with our Congress, our regional allies, and NATO to ensure that we have a balanced path forward not only for the people in Syria, but for the American troops on the ground and for the American people as a whole.  https://www.nytimes.com/2017/04/06/world/middleeast/us-said-to-weigh-military-responses-to-syrian-chemical-attack.html?hp&action=click&pgtype=Homepage&clickSource=story-heading&module=a-lede-package-region&region=top-news&WT.nav=top-news","2017-04-07T17:57:58+0000","link","https://www.nytimes.com/2017/04/06/world/middleeast/us-said-to-weigh-military-responses-to-syrian-chemical-attack.html?hp&action=click&pgtype=Homepage&clickSource=story-heading&module=a-lede-package-region&region=top-news&WT.nav=top-news","1717468191899835_1767419720238015",NA,18,3,4
"1717468191899835","Congresswoman Lisa Blunt Rochester","I am pleased that Rep. Nunes has decided to recuse himself from the investigation on Russia. Recently, I called for this action because even the appearance of a lack of impartiality compromises the credibility of the investigation. The House Intelligence investigation must be independent and it must get back on track. I implore my colleagues on the other side of the aisle to work with us to determine exactly what influence Russia had in our election. The American people deserve the truth, and it’s time for all of us to stand up for our democracy, our constituents and the safety and security of the American people.","2017-04-06T19:28:10+0000","link","http://bluntrochester.house.gov/news/documentsingle.aspx?DocumentID=23","1717468191899835_1766842150295772",NA,125,11,6
"1717468191899835","Congresswoman Lisa Blunt Rochester","I was so excited that students from Concord High School (Wilmington, Delaware) came to talk about the Concord Source America Project. You can learn more about what they're working on at twitter.com/concordsourcea or tinyurl.com/ConcordSourceA","2017-04-06T16:12:22+0000","video","https://www.facebook.com/Rep.BluntRochester/videos/1766768613636459/","1717468191899835_1766768613636459","Congresswoman Lisa Blunt Rochester was live.",81,10,21
"1717468191899835","Congresswoman Lisa Blunt Rochester","One of the main roles of Congress is to provide oversight for the Executive Branch. Our responsibility to our constituents and the American public is to ensure the Executive Branch is functioning effectively and fairly, yet Republicans in Congress have voted against releasing President Trump’s tax returns. The American people deserve the truth about the connection between President Trump, Russia, and Putin. As Members of Congress, we all work for the American people and I urge my Republican colleagues to demand honesty and transparency in our government by supporting our efforts to ensure the President releases his taxes.","2017-04-05T20:56:43+0000","link","http://bluntrochester.house.gov/news/documentsingle.aspx?DocumentID=22","1717468191899835_1766327987013855",NA,202,32,18
"1717468191899835","Congresswoman Lisa Blunt Rochester","As a single mom trying to give her kids every opportunity to succeed, I often found myself struggling to pay my bills on time while ensuring that my children were safe and secure.  The sad truth is that as an African American woman, I was more at risk because African American women and Hispanic women make even less than 80 cents to the dollar. That’s why one of my top priorities as a new Member of Congress is to be as strong an advocate for paycheck fairness as my colleagues Rep. Rosa DeLauro and Sen. Patty Murray have been.  The fact that in 2017, we are still demanding women are paid equal to men is astonishing, not just because promoting equality is a no-brainer, but because this isn’t an issue that only affects women. It affects our children, our families and our economy as a whole. In Delaware alone, 49,000 families rely solely on women’s wages to support themselves. The time to act is now. Our families and our future success depend on it.","2017-04-04T20:01:22+0000","link","http://bluntrochester.house.gov/news/documentsingle.aspx?DocumentID=21","1717468191899835_1765751567071497",NA,261,17,20
"1717468191899835","Congresswoman Lisa Blunt Rochester","I'm proud to be an original cosponsor of the Paycheck Fairness Act. Pay inequity doesn't just impact women, it impacts our children, our families, and our economy as a whole. It's time to finally put an end to the wage gap.","2017-04-04T16:21:01+0000","video","https://www.facebook.com/CongresswomanRosaDeLauro/videos/1328143297223554/","1717468191899835_1765674730412514","Congresswoman Lisa Blunt Rochester shared Rosa DeLauro's live video.",46,7,0
"1717468191899835","Congresswoman Lisa Blunt Rochester","Joined by Fatima Goss Graves of the National Women's Law Center to talk about Equal Pay Day.","2017-04-04T16:08:27+0000","video","https://www.facebook.com/Rep.BluntRochester/videos/1765668953746425/","1717468191899835_1765668953746425","Congresswoman Lisa Blunt Rochester was live.",86,12,13
"1717468191899835","Congresswoman Lisa Blunt Rochester","I'm about to join Congresswoman Rosa DeLauro and Leader Nancy Pelosi as they introduce the Paycheck Fairness Act.","2017-04-04T16:02:44+0000","video","https://www.facebook.com/Rep.BluntRochester/videos/1765666053746715/","1717468191899835_1765666053746715","Congresswoman Lisa Blunt Rochester was live.",161,27,33
"1717468191899835","Congresswoman Lisa Blunt Rochester","I joined my colleagues in sending a letter to Secretary DeVos requesting an explanation of how the Department of Education plans to enforce provisions in the Every Student Succeeds Act (ESSA). All stakeholders, including parents and teachers, deserve to have a seat at the table. We need a comprehensive and meaningful conversation about how we can effectively implement ESSA to ensure all students are given the best opportunity to succeed.","2017-04-03T21:40:39+0000","photo","https://www.facebook.com/Rep.BluntRochester/photos/a.1717615288551792.1073741828.1717468191899835/1765239007122753/?type=3","1717468191899835_1765239860456001","Congresswoman Lisa Blunt Rochester added 3 new photos.",121,14,13
"1717468191899835","Congresswoman Lisa Blunt Rochester","Defunding healthcare providers that offer cancer screenings, prenatal care and fertility assistance under the guise of preventing federal dollars from being spent on abortion is not only wrong, but it’s also an attack on women and their families. I relied on Planned Parenthood for my own health needs when I was younger, and I know I am not alone. We cannot afford to let Republicans in Congress take us backwards. These regressive policies that put the government in between a woman and her doctor must stop.","2017-03-30T19:29:33+0000","link","http://thehill.com/homenews/senate/326505-pence-casts-tiebreaking-senate-vote-on-funding-for-abortion-providers","1717468191899835_1763043917342262",NA,140,47,29
"1717468191899835","Congresswoman Lisa Blunt Rochester","We hope you'll join us!","2017-03-30T18:20:53+0000","photo","https://www.facebook.com/senatorchriscoons/photos/a.268939346452679.76007.254950754518205/1529215703758364/?type=3","1717468191899835_1763020754011245","Congresswoman Lisa Blunt Rochester shared U.S. Senator Chris Coons's photo.",10,1,0
"1717468191899835","Congresswoman Lisa Blunt Rochester","President Trump’s executive order erasing critical steps taken to reverse the impacts of climate change on our environment is deeply concerning. We must ensure we are taking every necessary step we can to leave behind a healthy environment for our children to build careers and their own families in. That means we have to protect access to clean air and water, not threaten it under the false premise that the Clean Power Plan is solely to blame for lost jobs in coal country – a notion that even Sen. Mitch McConnell rejects. Instead of backtracking and undermining the progress we’ve made, we have to work toward a clean energy future that not only promotes public health, but also creates good-paying, clean energy jobs. We owe it not only to the future generations of Americans, but to the future generations of global citizens who will face the consequences of the actions we take today.","2017-03-29T18:05:02+0000","link","http://www.politico.com/story/2017/03/donald-trump-climate-change-executive-order-236597","1717468191899835_1762504587396195",NA,66,34,11
"1717468191899835","Congresswoman Lisa Blunt Rochester","Thank you to Congressman Eric Swalwell for joining me for an important discussion on such a timely topic.","2017-03-28T21:37:44+0000","video","https://www.facebook.com/Rep.BluntRochester/videos/1762082530771734/","1717468191899835_1762082530771734","Congresswoman Lisa Blunt Rochester was live.",58,11,7
"1717468191899835","Congresswoman Lisa Blunt Rochester","I deeply appreciated being honored with the 2017 First Lady's Hats and Gloves Tea Award. It was great seeing so many friends and women I admire at the event.   http://www.doverpost.com/news/20170327/4-delaware-women-honored-during-first-ladys-hats-and-gloves-tea?start=2","2017-03-28T16:54:35+0000","link","http://www.doverpost.com/news/20170327/4-delaware-women-honored-during-first-ladys-hats-and-gloves-tea?start=2","1717468191899835_1761974534115867",NA,82,4,2
"1717468191899835","Congresswoman Lisa Blunt Rochester","Congratulations to Jacquelyn Hamilton! I was proud to be able to play a role in giving her the recognition she deserves for her outstanding service and quick response to a potentially life-threatening situation. We are incredibly lucky to have her as a public servant!","2017-03-27T13:48:26+0000","link","http://www.capegazette.com/article/jacquelyn-hamilton-rehoboth-receives-coast-guard-commendation/129086","1717468191899835_1761396524173668",NA,22,2,2
"1717468191899835","Congresswoman Lisa Blunt Rochester","Attended the Saving our Sisters National Women and Girls HIV/Aids Awareness Day Conference in Wilmington today. We have to continue to focus on education, access to care, and supporting each other.","2017-03-25T20:59:15+0000","photo","https://www.facebook.com/Rep.BluntRochester/photos/a.1717615288551792.1073741828.1717468191899835/1760289420951045/?type=3","1717468191899835_1760289420951045",NA,122,4,1
"1717468191899835","Congresswoman Lisa Blunt Rochester",NA,"2017-03-24T22:08:42+0000","video","https://www.facebook.com/Rep.BluntRochester/videos/1759791661000821/","1717468191899835_1759791661000821","Congresswoman Lisa Blunt Rochester was live.",68,31,8
"1717468191899835","Congresswoman Lisa Blunt Rochester","Twenty-four million Americans and tens of thousands of Delawareans would have lost coverage under the American Health Care Act. What happened today is a victory for them and all Americans. The Affordable Care Act insured tens of millions of Americans, added protections against gender discrimination, and ensured that those with preexisting conditions could still be covered. No one said the bill was perfect. Landmark legislation is always improved upon as time goes on.   Read my full statement linked below.","2017-03-24T22:04:04+0000","link","http://bluntrochester.house.gov/news/documentsingle.aspx?DocumentID=19","1717468191899835_1759790621000925",NA,263,28,26
"1717468191899835","Congresswoman Lisa Blunt Rochester",NA,"2017-03-24T19:53:14+0000","video","https://www.facebook.com/Rep.BluntRochester/videos/1759748767671777/","1717468191899835_1759748767671777","Congresswoman Lisa Blunt Rochester was live.",132,32,10
"1717468191899835","Congresswoman Lisa Blunt Rochester",NA,"2017-03-24T14:47:15+0000","video","https://www.facebook.com/Rep.BluntRochester/videos/1759636211016366/","1717468191899835_1759636211016366","Congresswoman Lisa Blunt Rochester was live.",93,30,7
"1717468191899835","Congresswoman Lisa Blunt Rochester",NA,"2017-03-23T23:08:05+0000","video","https://www.facebook.com/Rep.BluntRochester/videos/1759292804384040/","1717468191899835_1759292804384040","Congresswoman Lisa Blunt Rochester was live.",80,17,9
"1717468191899835","Congresswoman Lisa Blunt Rochester",NA,"2017-03-23T21:49:46+0000","video","https://www.facebook.com/Rep.BluntRochester/videos/1759262227720431/","1717468191899835_1759262227720431","Congresswoman Lisa Blunt Rochester was live.",136,51,29
"1717468191899835","Congresswoman Lisa Blunt Rochester","While working to reduce the federal deficit in Washington, we should not sacrifice key investments in our nation’s infrastructure or in our citizens. Smart investment in our students and our teachers, in jobs and innovation, in working class families, our communities and in a modernized transportation system, is an investment in our future.  That’s why I am so concerned about President Trump’s recently released federal budget, which imposes harsh across the board cuts to a number of federal agencies and programs that will have a major negative impact on the people of Delaware and the nation.","2017-03-23T17:15:33+0000","link","http://thehill.com/blogs/congress-blog/economy-budget/325399-economic-security-needed-in-trumps-budget","1717468191899835_1759125597734094",NA,38,0,3
"1717468191899835","Congresswoman Lisa Blunt Rochester","Passing the American Health Care Act would be an act of medical malpractice given its impact on working families in Delaware and across the nation. That’s why I spoke out against the bill on the House Floor today.","2017-03-22T19:11:13+0000","video","https://www.facebook.com/Rep.BluntRochester/videos/1758645054448815/","1717468191899835_1758645054448815",NA,476,106,204
"1717468191899835","Congresswoman Lisa Blunt Rochester","I'm proud to join Vice President Joe Biden, House Democrats and House Democratic Leader Nancy Pelosi to mark the seventh anniversary of the Affordable Care Act. The House GOP's plan would drastically cut federal matching funds for states like Delaware, who have expanded Medicaid to low-income adults. We are standing to protect all families, instead of forcing them to pay more for less.#ProtectOurCare","2017-03-22T14:26:11+0000","video","https://www.facebook.com/HouseDemocrats/videos/10155024948928548/","1717468191899835_1758526524460668","Congresswoman Lisa Blunt Rochester shared House Democrats's live video.",92,7,0
"1717468191899835","Congresswoman Lisa Blunt Rochester","We're discussing how we can improve access to quality, affordable education for all students in the Higher Education and Workforce Development Subcommittee today. It's critical to strengthening our economy and we have to do more to support all students.","2017-03-21T16:03:31+0000","link","https://www.youtube.com/watch?v=8R9YkupBBmE&feature=youtu.be","1717468191899835_1758016467845007",NA,24,0,4
"1717468191899835","Congresswoman Lisa Blunt Rochester","I'm speaking with USA Today right now. You can follow along on Facebook Live.","2017-03-16T18:45:50+0000","video","https://www.facebook.com/usatoday/videos/10154546638805667/","1717468191899835_1755549848091669","Congresswoman Lisa Blunt Rochester shared USA TODAY's live video.",46,9,0
"1717468191899835","Congresswoman Lisa Blunt Rochester","I really enjoyed speaking with OZY about my first few months representing Delaware in Congress.","2017-03-16T14:35:29+0000","link","http://www.ozy.com/politics-and-power/a-pragmatic-poetry-loving-congresswoman/76145","1717468191899835_1755462421433745",NA,110,3,10
"1717468191899835","Congresswoman Lisa Blunt Rochester","The report from the Congressional Budget Office has reinforced the importance of fixing the Affordable Care Act rather than repealing it entirely. The American people deserve a meaningful conversation in Congress about the ways we can reduce costs and continue to improve access to quality healthcare. Not only will 24 million more Americans lose coverage than under the Affordable Care Act, but under the American Health Care Act working class families will now be facing rising costs in addition to losing subsidies they rely on to purchase coverage. Even worse, the GOP plan abandons seniors and Americans with disabilities who rely on Medicaid, which the CBO report says will be cut by $880 billon. This plan will hurt my constituents dramatically. They deserve better.","2017-03-13T23:08:05+0000","link","http://bluntrochester.house.gov/news/documentsingle.aspx?DocumentID=18","1717468191899835_1754080311571956",NA,130,22,22
"1717468191899835","Congresswoman Lisa Blunt Rochester","Pleased to have had the opportunity to speak with members of JDRF Delaware this morning. They do wonderful work to support Delawareans living with Type 1 Diabetes. I'm looking forward to working with them to ensure those with T1D have the support they need to make day-to-day life easier and safer.","2017-03-13T18:16:14+0000","photo","https://www.facebook.com/Rep.BluntRochester/photos/a.1717615288551792.1073741828.1717468191899835/1753990501580937/?type=3","1717468191899835_1753990964914224","Congresswoman Lisa Blunt Rochester added 2 new photos.",41,5,0
"1717468191899835","Congresswoman Lisa Blunt Rochester","It was important hearing from the Delaware PTA as I continue to work hard defending students and famililes on the House Committee on Education and the Workforce","2017-03-09T21:48:00+0000","photo","https://www.facebook.com/Rep.BluntRochester/photos/a.1717615288551792.1073741828.1717468191899835/1751996925113628/?type=3","1717468191899835_1751996925113628",NA,42,6,4
"1717468191899835","Congresswoman Lisa Blunt Rochester","Always great seeing Major General Carol Timmons, Adjutant General of the Delaware National Guard, who stopped by in D.C. I look forward to continuing to do my part in supporting the critical work that she does every day.","2017-03-09T18:39:38+0000","photo","https://www.facebook.com/Rep.BluntRochester/photos/a.1717615288551792.1073741828.1717468191899835/1751574615155859/?type=3","1717468191899835_1751574938489160","Congresswoman Lisa Blunt Rochester added 2 new photos.",44,1,4
"1717468191899835","Congresswoman Lisa Blunt Rochester","Yesterday, I joined many of my colleagues in holding a press event for Women's Day and ""A Day Without a Woman."" I had the chance to meet some of the amazing people who came out to watch the press conference. We must remain committed to women's rights here in our country and around the world.","2017-03-09T13:46:49+0000","photo","https://www.facebook.com/Rep.BluntRochester/photos/a.1717615288551792.1073741828.1717468191899835/1751562338490420/?type=3","1717468191899835_1751568851823102","Congresswoman Lisa Blunt Rochester added 7 new photos.",94,0,4
"1717468191899835","Congresswoman Lisa Blunt Rochester","The Republicans have released their ACA repeal bill without having hearings and open debate. Congress hasn’t had a chance to hear from doctors, hospitals, or people directly affected by the legislation in public testimony regarding this bill. During the ACA debate, there was a Congressional Budget Office estimate on cost and coverage before every vote, and the original bill was posted online for 30 days before the first committee markup. I’m concerned that it appears that transparent approach won’t be the case with this ACA repeal legislation.   http://www.reuters.com/article/us-usa-obamacare-idUSKBN16D2RC","2017-03-08T22:23:33+0000","link","http://www.reuters.com/article/us-usa-obamacare-idUSKBN16D2RC","1717468191899835_1751551568491497",NA,35,22,9
"1717468191899835","Congresswoman Lisa Blunt Rochester","Enjoyed meeting with members of Delta Sigma Theta Sorority, Inc during their Delta Days in the Nation's Capital. They came representing chapters in Wilmington, Middletown, Dover, and Sussex County.","2017-03-08T14:20:18+0000","photo","https://www.facebook.com/Rep.BluntRochester/photos/a.1717615288551792.1073741828.1717468191899835/1750902691889718/?type=3","1717468191899835_1750902691889718",NA,96,1,4
"1717468191899835","Congresswoman Lisa Blunt Rochester","To celebrate National School Breakfast Week I went to Bancroft Elementary School to join students as they ate. The benefits of school breakfast cannot be understated. Not only does school breakfast fight hunger, but it also improves nutrition and academic performance. We must continue to build on the momentum we've gained in recent years to ensure all students start the school day with a healthy meal and the energy they need to succeed.","2017-03-07T19:25:40+0000","photo","https://www.facebook.com/Rep.BluntRochester/photos/a.1717615288551792.1073741828.1717468191899835/1750829935230327/?type=3","1717468191899835_1750830685230252","Congresswoman Lisa Blunt Rochester added 4 new photos.",117,6,8
"1717468191899835","Congresswoman Lisa Blunt Rochester","I joined my colleagues in urging the Senate Finance Committee and House Ways and Means Committee to formally request President Trump's tax returns. #CongressCanRequest","2017-03-04T20:52:00+0000","photo","https://www.facebook.com/Rep.BluntRochester/photos/a.1717615288551792.1073741828.1717468191899835/1749013868745267/?type=3","1717468191899835_1749014322078555","Congresswoman Lisa Blunt Rochester added 6 new photos.",303,52,33
"1717468191899835","Congresswoman Lisa Blunt Rochester","Yesterday, I signed on to a letter to the House Budget Committee supporting the Supplemental Nutrition Assistance Program (SNAP). As we outline in the letter, “Each year, SNAP provides millions of children, seniors, veterans, and other vulnerable adults with food assistance. It is an efficient and effective program that helps families lift themselves out of poverty, and cuts extreme poverty almost in half...Far too many Americans continue to struggle with food insecurity in the United States, and we must preserve the dignity and health of the most vulnerable among us.”   http://mcgovern.house.gov/media-center/press-releases/mcgovern-leads-group-of-18-house-democrats-calling-on-gop-house-budget","2017-03-04T16:32:02+0000","link","http://mcgovern.house.gov/media-center/press-releases/mcgovern-leads-group-of-18-house-democrats-calling-on-gop-house-budget","1717468191899835_1748999685413352",NA,97,13,2
"1717468191899835","Congresswoman Lisa Blunt Rochester","Earlier this week, Senator Tom Carper and I spoke with students from the University of Delaware who are participating in the Legislative Fellows Program. I'm so glad they have taken the opportunity to learn more about public service. Many of theses students are spending their semester in Legislative Hall in Dover and will gain invaluable lessons on politics and giving back.","2017-03-04T14:00:42+0000","photo","https://www.facebook.com/Rep.BluntRochester/photos/a.1717615288551792.1073741828.1717468191899835/1748553015458019/?type=3","1717468191899835_1748554042124583","Congresswoman Lisa Blunt Rochester added 4 new photos.",84,0,8
"1717468191899835","Congresswoman Lisa Blunt Rochester","I had the chance to speak at the Women's Congressional Policy Institute event. It has been a privilege to call these women my colleagues in Congress and to meet so many women across diverse industries making a difference.","2017-03-03T18:01:11+0000","photo","https://www.facebook.com/Rep.BluntRochester/photos/a.1717615288551792.1073741828.1717468191899835/1748482385465082/?type=3","1717468191899835_1748483555464965","Congresswoman Lisa Blunt Rochester added 4 new photos.",46,0,5
"1717468191899835","Congresswoman Lisa Blunt Rochester","Proud to join Senator Tom Carper, U.S. Senator Chris Coons and many of our colleagues in filing a Supreme Court of the United States Amicus Brief in support of transgender students. #SCOTUS must rule to #ProtectTransStudents.","2017-03-03T16:37:14+0000","link","http://bluntrochester.house.gov/news/documentsingle.aspx?DocumentID=17","1717468191899835_1748884508758203",NA,266,16,28
"1717468191899835","Congresswoman Lisa Blunt Rochester","I met with the Delaware Civil Air Patrol and their impressive group of cadets. The emergency services and aerospace / STEM education that the Civil Air Patrol provides play an important role as the official civilian auxiliary of the U.S Air Force. I know that the leadership training and skills that the cadets are learning will stay with them for the rest of their lives.","2017-03-03T14:10:30+0000","photo","https://www.facebook.com/Rep.BluntRochester/photos/a.1717615288551792.1073741828.1717468191899835/1748478385465482/?type=3","1717468191899835_1748480945465226","Congresswoman Lisa Blunt Rochester added 2 new photos.",53,3,7
"1717468191899835","Congresswoman Lisa Blunt Rochester","After my meeting with George Watson, PhD., Dean of the College of Arts and Sciences at the University of Delaware, we had him take a photo with two of my amazing spring interns from UD.","2017-03-02T20:00:05+0000","photo","https://www.facebook.com/Rep.BluntRochester/photos/a.1717615288551792.1073741828.1717468191899835/1748134958833158/?type=3","1717468191899835_1748134958833158",NA,64,1,1
"1717468191899835","Congresswoman Lisa Blunt Rochester","Enjoyed the discussion with representatives from Rehoboth Beach, Bethany Beach, and South Bethany. As they mentioned, our coastline represents the best of America's beaches, which serve as important natural ecosystems and destinations for visitors. Protecting and enriching our coastline will benefit all Delawareans.","2017-03-02T18:20:09+0000","photo","https://www.facebook.com/Rep.BluntRochester/photos/a.1717615288551792.1073741828.1717468191899835/1748129358833718/?type=3","1717468191899835_1748129358833718",NA,53,0,6
"1717468191899835","Congresswoman Lisa Blunt Rochester","Great meeting with Planned Parenthood to discuss the vital work that they have been doing in our state. Ruth Lytle-Barnaby, President and CEO of Planned Parenthood of Delaware, has been a champion for our shared values. I plan on continuing to defend Planned Parenthood in any way I can.","2017-03-02T13:50:24+0000","photo","https://www.facebook.com/Rep.BluntRochester/photos/a.1717615288551792.1073741828.1717468191899835/1748098065503514/?type=3","1717468191899835_1748098065503514",NA,217,11,4
"1717468191899835","Congresswoman Lisa Blunt Rochester","Honored to be presented with the U.S. Army seal from Major General Bruce Crawford. I will proudly display this seal in my office and thank the men and women in the Army for their service to our country.","2017-03-01T22:30:00+0000","photo","https://www.facebook.com/Rep.BluntRochester/photos/a.1717615288551792.1073741828.1717468191899835/1748092178837436/?type=3","1717468191899835_1748092178837436",NA,190,7,10
"1717468191899835","Congresswoman Lisa Blunt Rochester","Tomorrow, Kerry Orr, will be joining me at President Donald J. Trump's joint address to Congress. The Affordable Care Act saved her life.   I’ve acknowledged that there is room to improve the Affordable Care Act to promote access and to drive costs down, but we cannot simply repeal it without a viable replacement plan. The bottom line is that not only will tens of thousands of Delawareans be stripped of their healthcare, but thousands of good-paying jobs will be lost. Unfortunately, the GOP’s outline is one that they can’t even agree on and will undoubtedly raise the out-of-pocket health care costs of working families. We have to come together and have an honest conversation, with members of both political parties at the table, about the ways we can improve quality of care and affordability for Delawareans and Americans alike. I will not abandon my convictions or play politics with the lives of my constituents because the truth is, for Kerry and so many other Delawareans, this is a life or death situation and I hope that President Trump as well as my GOP colleagues in Congress realize just how dangerous repealing the Affordable Care Act would be.","2017-02-27T19:55:33+0000","link","http://bluntrochester.house.gov/news/documentsingle.aspx?DocumentID=16","1717468191899835_1747269455586375",NA,181,22,29
"1717468191899835","Congresswoman Lisa Blunt Rochester","We had a great turnout at the open house for my new Wilmington office last night. Thank you to everyone who stopped by for sharing your thoughts and ideas. I look forward to continuing the conversation in the months ahead.","2017-02-24T15:53:32+0000","photo","https://www.facebook.com/Rep.BluntRochester/photos/a.1744970775816243.1073741830.1717468191899835/1744970782482909/?type=3","1717468191899835_1744984365814884","Congresswoman Lisa Blunt Rochester added 43 new photos to the album: Wilmington Open House — in Wilmington, Delaware.",125,14,9
"1717468191899835","Congresswoman Lisa Blunt Rochester","President Trump has gone against his newly confirmed Secretary of Education and completely reversed his own campaign pledge to protect the LGBT community by making the disappointing decision to rollback Title IX protections. This decision is deeply disturbing for a variety of reasons, but mostly because it’s a cruel indication that he doesn’t fully understand the issues facing transgender students across the country. This decision will greatly impact their well-being by sending the message that their concerns are irrelevant and emboldening bullies in schools to discriminate against them.  Our transgender population faces unimaginable discrimination and tragically, 40% of transgender adults have attempted suicide with 92% of them attempting suicide before the age of 25. It’s our moral responsibility to do all we can to see to it that these numbers drop. We do that by encouraging transgender students to be their true selves and by promoting fair treatment.  I implore the President to follow the First Lady’s example of wanting to stop bullying by reconsidering this rollback of key protections for transgender students. These young people are just that, people, and they deserve better from their government. I’m going to keep fighting for them even if this administration will not.","2017-02-23T03:29:25+0000","link","http://bluntrochester.house.gov/news/documentsingle.aspx?DocumentID=13","1717468191899835_1743357705977550",NA,303,62,51
"1717468191899835","Congresswoman Lisa Blunt Rochester","Enjoyed spending some time with students at Thomas McKean High School. Agriculture is a major industry in Delaware and as we work to strengthen it, we must ensure that our students continue getting valuable, hands on experience of this time-honored industry. It was a pleasure to visit with them and see all they're learning.","2017-02-22T22:04:29+0000","photo","https://www.facebook.com/Rep.BluntRochester/photos/a.1717615288551792.1073741828.1717468191899835/1743272332652754/?type=3","1717468191899835_1743274922652495","Congresswoman Lisa Blunt Rochester added 5 new photos.",156,0,18
"1717468191899835","Congresswoman Lisa Blunt Rochester","It was great meeting you Nariel! I would love to visit your class at Star Hill Elementary sometime.  www.delawareonline.com/story/news/education/2017/02/16/star-hill-fifth-grader-gets-lisa-blunt-rochesters-autograph/97998674/","2017-02-18T16:05:15+0000","link","http://www.delawareonline.com/story/news/education/2017/02/16/star-hill-fifth-grader-gets-lisa-blunt-rochesters-autograph/97998674/","1717468191899835_1740514779595176",NA,70,2,2
"1717468191899835","Congresswoman Lisa Blunt Rochester","Black History Month reminds us to be conscious but not consumed by the challenges we face.  I encourage you to learn more about an African American in Delaware who deserves recognition during Black History Month and post what you learned below.","2017-02-17T19:04:00+0000","video","https://www.facebook.com/Rep.BluntRochester/videos/1740458682934119/","1717468191899835_1740458682934119",NA,79,8,14
"1717468191899835","Congresswoman Lisa Blunt Rochester","According to the Harvard Food Law and Policy Clinic, the National Consumers League and Johns Hopkins Center for A Livable Future, the United States wastes 40% of its food supply PER YEAR. This is something that we can fix by working with legislators and the agriculture industry to ensure they can meet all standards whether state or federal. We can make an incredible impact on our economy by preventing consumer confusion over date labels and I commend Rep. Peterson for his work on this issue. I look forward to working with him and our agriculture industry on this issue so we can better serve all stakeholders.   http://democrats.agriculture.house.gov/press/PRArticle.aspx?NewsID=1296","2017-02-16T19:02:04+0000","link","http://democrats.agriculture.house.gov/press/PRArticle.aspx?NewsID=1296","1717468191899835_1739850776328243",NA,40,1,1
"1717468191899835","Congresswoman Lisa Blunt Rochester","Yesterday, I had the chance to meet Delaware advocates for LIHEAP, who are working to find ways to ensure that all Americans are able to meet their home energy needs. I look forward to working with them further on this issue.","2017-02-16T16:21:40+0000","photo","https://www.facebook.com/Rep.BluntRochester/photos/a.1717615288551792.1073741828.1717468191899835/1739132626400058/?type=3","1717468191899835_1739132626400058",NA,29,1,0
"1717468191899835","Congresswoman Lisa Blunt Rochester","Yesterday, I joined a bipartisan group of freshman legislators who committed to working across the aisle respectfully. Although we represent a wide variety of views, our primary goal is always to serve the American people with honor and civility.  Civility isn't about the what. We can all disagree on the what. Civility is about the how. It's about our tone, it's about our tenor, it's about the words that we choose to use and it's about respect. If we expect civility from others, including our children, then we need to model it.","2017-02-15T18:01:23+0000","video","https://www.facebook.com/Rep.BluntRochester/videos/1739122813067706/","1717468191899835_1739122813067706",NA,226,24,39
"1717468191899835","Congresswoman Lisa Blunt Rochester","It's so important to be present at this time. We have to be at the table so we can make positive change.","2017-02-15T15:04:22+0000","link","http://www.nbcphiladelphia.com/news/local/Black-History-Month_-Delaware-Congresswoman-Pushes-Through-During-Hardship_Philadelphia-413820103.html?_osource=SocialFlowTwt_PHBrand","1717468191899835_1739081946405126",NA,145,5,22
"1717468191899835","Congresswoman Lisa Blunt Rochester","Happy to celebrate Black History Month with Governor Carney at the Delaware Public Archives. ""We are not just mighty. We are mightier than we have ever been. Right now more people are engaged and that's good for our country.""","2017-02-14T02:54:49+0000","video","https://www.facebook.com/DelawarePublicArchives/videos/10155113230946995/","1717468191899835_1738318173148170","Congresswoman Lisa Blunt Rochester shared Delaware Public Archives's live video.",28,2,0
"1717468191899835","Congresswoman Lisa Blunt Rochester","This was a special moment for me watching Beth Mattey, President of the National Association of School Nurses, deliver an impassioned speech on how the Affordable Care Act impacts children’s health. Beth used to be the school nurse for both of my children, Alyssa and Alex, in Delaware and is taking a leading role in making our country, our state, and my family proud.","2017-02-09T20:58:30+0000","photo","https://www.facebook.com/Rep.BluntRochester/photos/a.1717615288551792.1073741828.1717468191899835/1736088900037764/?type=3","1717468191899835_1736088900037764",NA,153,13,13
"1717468191899835","Congresswoman Lisa Blunt Rochester","Yesterday, I spoke on the House Floor for the first time to oppose a resolution that uses the Congressional Review Act to repeal a rule blocking regulatory action to support and improve public education. It’s our responsibility to give states the tools and resources they need to provide the best education they can to every student and to ensure they can implement the bipartisan Every Student Succeed Act. Instead, the majority repealed the rule in a gross abuse of the CRA and in the process cost states time and money in their efforts to compile feedback on the plan.","2017-02-08T22:37:00+0000","video","https://www.facebook.com/Rep.BluntRochester/videos/1735649620081692/","1717468191899835_1735649620081692",NA,261,54,62
"1717468191899835","Congresswoman Lisa Blunt Rochester","You are invited to attend a dessert reception celebrating the opening of the Wilmington Office of Congresswoman Lisa Blunt Rochester.  Thursday, February 23rd, 2017 4:00 p.m. to 7:00 p.m.  Office of Congresswoman Blunt Rochester 1105 North Market Street Suite 400 Wilmington, DE 19801  Please RSVP no later than February 17th. RSVP at LBROpeningOffice.eventbrite.com.  With questions please contact de.scheduling@mail.house.gov  or call (302) 830-2330.","2017-02-08T16:19:42+0000","event","https://www.facebook.com/events/1444602638884159/","1717468191899835_1444602638884159","Congresswoman Lisa Blunt Rochester added an event.",77,0,0
"1717468191899835","Congresswoman Lisa Blunt Rochester","Yesterday, I joined the Bipartisan Task Force to Combat the Heroin Epidemic in a hearing on synthetic opioids. In 2015, there were 228 overdose deaths in Delaware. We need to come together across party lines to find a solution to this growing problem.","2017-02-07T16:19:45+0000","photo","https://www.facebook.com/Rep.BluntRochester/photos/a.1717615288551792.1073741828.1717468191899835/1735012496812071/?type=3","1717468191899835_1735012496812071",NA,96,8,7
"1717468191899835","Congresswoman Lisa Blunt Rochester","This weekend, I had the honor of attending a number of events centered around the arts. I want to once again congratulate Kiara Florez from Caesar Rodney High School for winning the Congressional Art Award with her piece ""Kitchen Supplies,"" and for reminding me of the importance of the arts in our lives.    A teacher once asked me, ""What do you know about the arts?"" What I know is that the arts connect us. They take us to places we've never been, transporting us through time. The arts expose our hidden treasures, our secrets and our sins.  I also know that writing can cause pain. Words strung together in hate can create manifestos, which open ovens filled with families and trees with ""Strange Fruit"" hanging from them.   Words can heal and wash away pain. Dangling from paper, a poem can make a man weak in the knees. A sonnet can send a girl down the aisle to the altar. And a book can save a generation.   What I know about the arts is that I can't live without them.","2017-02-06T17:31:40+0000","photo","https://www.facebook.com/Rep.BluntRochester/photos/a.1717615288551792.1073741828.1717468191899835/1734509880195666/?type=3","1717468191899835_1734512216862099","Congresswoman Lisa Blunt Rochester added 4 new photos.",51,6,6
"1717468191899835","Congresswoman Lisa Blunt Rochester","There is no better time to be standing up for Delaware.","2017-02-04T15:07:15+0000","link","http://www.delawareonline.com/story/news/2017/02/03/after-month-blunt-rochester-finding-her-direction/97395588/","1717468191899835_1733422073637780",NA,146,7,11
"1717468191899835","Congresswoman Lisa Blunt Rochester","See me. Hear me. I'm here. I have a voice.","2017-02-03T15:03:17+0000","link","http://www.elle.com/culture/career-politics/a42627/lisa-blunt-rochester-interview-delaware/","1717468191899835_1732468340399820",NA,211,25,65
"1717468191899835","Congresswoman Lisa Blunt Rochester","Senator Tom Carper, U.S. Senator Chris Coons and I released the following statement about the hostage situation at James T. Vaughn Correctional Center in Smyrna.  “Our hearts are broken for the family and friends of the officer that was killed at the Vaughn Correctional Center earlier this morning. We will keep Steven Floyd in our prayers, and reach out to his loved ones to offer our support. Today is a day of mourning for all of Delaware.  “Our thoughts are with the correctional officers who were harmed, and we hope they have a full and speedy recovery. We are particularly thankful for their service and for the law enforcement officials who worked throughout the night to resolve this situation. We stand ready to work with Governor Carney and local and federal law enforcement to prevent a situation like this from happening in Delaware or elsewhere in our country.”","2017-02-02T17:59:41+0000","link","http://www.delawareonline.com/story/news/crime/2017/02/02/delaware-prison-hostage-employee-killed/97388146/","1717468191899835_1732456430401011",NA,18,3,2
"1717468191899835","Congresswoman Lisa Blunt Rochester","Enjoyed participating in U.S. Senator Chris Coons' roundtable discussion about the importance of the Affordable Care Act this morning. We have all acknowledged that there is room to improve the Affordable Care Act to promote access and to drive costs down, but we cannot simply repeal it without a viable replacement plan. The bottom line is that not only will tens of thousands of Delawareans be stripped of their healthcare, but thousands of good-paying jobs will be lost. We have to come together and have an honest conversation, with members of both political parties at the table, about the ways we can improve quality of care and affordability for Delawareans and Americans alike.","2017-01-30T21:31:54+0000","photo","https://www.facebook.com/Rep.BluntRochester/photos/a.1718450785134909.1073741829.1717468191899835/1730936760552978/?type=3","1717468191899835_1730936927219628","Congresswoman Lisa Blunt Rochester added 4 new photos.",195,22,20
"1717468191899835","Congresswoman Lisa Blunt Rochester","I was proud to join Senator Tom Carper at the Philadelphia International Airport this afternoon to ensure the wellbeing of all refugees and immigrants who arrived there as well as to stand in solidarity with those protesting President Trump's Executive Order. The President's order has caused chaos and confusion across the country and potentially threatens national security. We will continue fighting in the coming days and weeks to ensure the safety of all Americans as well as those looking for a better life.","2017-01-30T04:01:44+0000","photo","https://www.facebook.com/Rep.BluntRochester/photos/a.1718450785134909.1073741829.1717468191899835/1730559060590748/?type=3","1717468191899835_1730563867256934","Congresswoman Lisa Blunt Rochester added 4 new photos — at Philadelphia International Airport (PHL).",263,31,28
"1717468191899835","Congresswoman Lisa Blunt Rochester","The Statue of Liberty famously reads, ""give me your tired, your poor, your huddled masses yearning to breathe free."" It's an inscription that reminds us of the values and ideals our democracy was built on, and inspires us to continue fighting for those values every day.  President Trump's executive order goes against those values and greatly threatens our national security. We should be opening our arms to refugees fleeing war-torn countries, regardless of their religion, not banning them. #NoMuslimBan","2017-01-29T04:43:54+0000","status",NA,"1717468191899835_1730097267303594","Congresswoman Lisa Blunt Rochester updated their status.",485,47,47
"1717468191899835","Congresswoman Lisa Blunt Rochester","You can still #GetCovered under the #ACA! The deadline is January 31; sign up and SHARE to spread the word! #CoverageMatters","2017-01-27T19:15:40+0000","link","https://goo.gl/932hBR","1717468191899835_1729418247371496",NA,60,0,42
"1717468191899835","Congresswoman Lisa Blunt Rochester","Repealing the Affordable Care Act would negatively impact the American workers the members of the House Committee on Education and the Workforce are there to protect. In Delaware alone, repeal would cost 9,000 people their jobs by 2019. That's why I offered an amendment to the Committee's rules package that would prohibit the Committee from leaving those with job-based coverage worse off, protects the benefits that these families now enjoy, and reaffirms the commitment of the Committee to actually protect workers.","2017-01-24T16:58:57+0000","photo","https://www.facebook.com/Rep.BluntRochester/photos/a.1717615288551792.1073741828.1717468191899835/1727719807541340/?type=3","1717468191899835_1727719807541340",NA,144,33,21
"1717468191899835","Congresswoman Lisa Blunt Rochester","We are an uprising! #WomensMarch","2017-01-21T21:07:54+0000","photo","https://www.facebook.com/Rep.BluntRochester/photos/a.1718450785134909.1073741829.1717468191899835/1726049251041729/?type=3","1717468191899835_1726051354374852","Congresswoman Lisa Blunt Rochester added 3 new photos.",217,12,8
"1717468191899835","Congresswoman Lisa Blunt Rochester","I was proud to join many of my colleagues in writing this letter to President-elect Trump yesterday. We urged him to give more thought to how repealing the Affordable Care Act and defunding Planned Parenthood will impact women and minority communities across the country.","2017-01-20T15:58:15+0000","link","https://www.washingtonpost.com/news/powerpost/wp/2017/01/19/house-democrats-to-donald-trump-the-women-of-america-are-watching/?utm_term=.82935bcc88a0","1717468191899835_1725315504448437",NA,94,16,21
"1717468191899835","Congresswoman Lisa Blunt Rochester","Congresswoman Lisa Blunt Rochester: Presidential Inauguration 2017 Decision","2017-01-19T00:52:50+0000","video","https://www.facebook.com/Rep.BluntRochester/videos/1724609061185748/","1717468191899835_1724609061185748",NA,260,99,115
"1717468191899835","Congresswoman Lisa Blunt Rochester","ICYMI: Senator Tom Carper, U.S. Senator Chris Coons and I wrote an op-ed in the News Journal asking our colleagues not to repeal the Affordable Care Act without a replacement.","2017-01-18T21:48:12+0000","link","http://www.delawareonline.com/story/opinion/2017/01/17/congressional-malpractice-repealing-affordable-care-act-without-replacement/96671880/","1717468191899835_1724544157858905",NA,67,7,6
"1717468191899835","Congresswoman Lisa Blunt Rochester","Thankful to have the opportunity to speak with Delawareans this morning about Dr. Martin Luther King Jr. and the legacy he left behind.   This is such an important holiday, but not just because we have the opportunity to reflect on Dr. King's dedication to justice and equality. Dr. King was about action and right now we need action. Today, more than ever we need people with broad shoulders who are willing to lift people up and act.   Someone asked me recently what I would tell Dr. King if he were here today. After giving my thanks for all he did, I would tell him that the work and action continues every single day. The challenges haven’t diminished our spirit. The opposition hasn’t weakened us. His vision and his dream continue to nurture and guide us.","2017-01-16T16:11:14+0000","photo","https://www.facebook.com/Rep.BluntRochester/photos/a.1717615288551792.1073741828.1717468191899835/1723514334628554/?type=3","1717468191899835_1723515657961755","Congresswoman Lisa Blunt Rochester added 3 new photos.",84,11,9
"1717468191899835","Congresswoman Lisa Blunt Rochester","It was an honor to sit with John Lewis, the last living speaker from the March on Washington and a civil rights icon, and hear him speak about his tireless fight toward justice and equality. Like Dr. Martin Luther King Jr., Rep. Lewis has been a drum major for peace, for progress and we are all lucky to have a man of his caliber serving this nation in Congress.","2017-01-15T02:35:30+0000","photo","https://www.facebook.com/Rep.BluntRochester/photos/a.1717615288551792.1073741828.1717468191899835/1722818888031432/?type=3","1717468191899835_1722818888031432",NA,257,20,19
"1717468191899835","Congresswoman Lisa Blunt Rochester","Incredibly proud to be part of the Congressional LGBT Equality Caucus!   Although my amendment to the Regulatory Accountability Act wasn't brought to the floor for a vote, I will continue fighting to protect LGBT Americans from workplace discrimination. All Americans deserve a fair chance to earn a living and provide for their families without fear of being fired because of who they are or who they love.","2017-01-12T21:14:58+0000","photo","https://www.facebook.com/LGBTEqCaucus/photos/a.359987850789934.1073741830.344905645631488/1062188860569826/?type=3","1717468191899835_1721716254808362","Congresswoman Lisa Blunt Rochester shared Congressional LGBT Equality Caucus's photo.",124,7,0
"1717468191899835","Congresswoman Lisa Blunt Rochester","Last night was full of good news! I was incredibly happy to learn last night that DuPont will invest in the Experimental Station and that Chemours will remain in Wilmington. DuPont and its buildings have long been icons in Delaware. Both the investment in the Experimental Station and the decision to keep Chemours in Wilmington are signals of the commitment each company has to our economy and our community and I’m overjoyed to see their strong Delaware legacy remain.","2017-01-10T16:33:22+0000","link","http://www.delawareonline.com/story/news/2017/01/09/breen-dupont-invest-200m-experimental-station/96372908/","1717468191899835_1720648418248479",NA,70,2,5
"1717468191899835","Congresswoman Lisa Blunt Rochester","It was a pleasure to welcome the Delaware Field Hockey team to Washington yesterday. We are so proud of all they've accomplished this season! Go #BlueHens!","2017-01-05T19:29:38+0000","photo","https://www.facebook.com/Rep.BluntRochester/photos/a.1718450785134909.1073741829.1717468191899835/1718448575135130/?type=3","1717468191899835_1718450775134910","Congresswoman Lisa Blunt Rochester added 3 new photos.",42,2,1
"1717468191899835","Congresswoman Lisa Blunt Rochester","People ask me what it's like to make history and today looking over the ceiling of the Library of Congress and looking out at the Capitol, the gravity of this day is not lost on me. Today, being sworn in, I know that hope is still alive. I'm incredibly humbled and excited to begin working on behalf of all Delawareans to build our economy and move our nation forward.","2017-01-03T23:47:50+0000","photo","https://www.facebook.com/Rep.BluntRochester/photos/a.1717615288551792.1073741828.1717468191899835/1717614018551919/?type=3","1717468191899835_1717615328551788","Congresswoman Lisa Blunt Rochester added 10 new photos.",631,113,125
"1717468191899835","Congresswoman Lisa Blunt Rochester",NA,"2017-01-03T16:25:41+0000","photo","https://www.facebook.com/Rep.BluntRochester/photos/a.1717469058566415.1073741825.1717468191899835/1717469065233081/?type=3","1717468191899835_1717469065233081","Congresswoman Lisa Blunt Rochester updated their profile picture.",100,9,6
"1717468191899835","Congresswoman Lisa Blunt Rochester",NA,"2017-01-03T16:24:23+0000","photo","https://www.facebook.com/Rep.BluntRochester/photos/a.1717469635233024.1073741827.1717468191899835/1717469585233029/?type=3","1717468191899835_1717469645233023","Congresswoman Lisa Blunt Rochester updated their cover photo.",52,2,3
