"from_id","from_name","message","created_time","type","link","id","story","likes_count","comments_count","shares_count"
"150338151681908","Rep. David Schweikert","Donating blood today with the help of American Red Cross and my daughter Olivia for Congressman Steve Scalise, US Capitol Police and the victims of last week's shooting #scalisestrong","2017-06-22T15:44:41+0000","photo","https://www.facebook.com/repdavidschweikert/photos/a.153462298036160.27561.150338151681908/1335708963144815/?type=3","150338151681908_1335708963144815",NA,213,44,4
"150338151681908","Rep. David Schweikert","A roadrunner -- running down the street this morning","2017-06-10T12:43:20+0000","photo","https://www.facebook.com/repdavidschweikert/photos/a.153462298036160.27561.150338151681908/1324256874290024/?type=3","150338151681908_1324256874290024",NA,118,116,3
"150338151681908","Rep. David Schweikert",NA,"2017-06-08T15:01:16+0000","link","http://jec.senate.gov/","150338151681908_1322514337797611","Rep. David Schweikert shared Joint Economic Committee, Republicans's post.",1,23,0
"150338151681908","Rep. David Schweikert","For those interested in the future of tax reform:","2017-06-06T21:22:18+0000","video","https://www.facebook.com/FreedomWorks/videos/10155516989494548/","150338151681908_1320572871325091","Rep. David Schweikert shared FreedomWorks's live video.",14,25,0
"150338151681908","Rep. David Schweikert","Please tune in:","2017-05-23T13:30:00+0000","photo","https://www.facebook.com/repdavidschweikert/photos/a.153462298036160.27561.150338151681908/1306375552744823/?type=3","150338151681908_1306375552744823",NA,15,33,1
"150338151681908","Rep. David Schweikert",NA,"2017-05-18T21:38:00+0000","photo","https://www.facebook.com/repdavidschweikert/photos/a.153462298036160.27561.150338151681908/1303106236405088/?type=3","150338151681908_1303106236405088","Rep. David Schweikert added a new photo.",14,30,1
"150338151681908","Rep. David Schweikert","For those who were not able to watch, the full hearing on tax reform for the Committee on Ways and Means is included below:","2017-05-18T19:24:49+0000","video","https://www.youtube.com/watch?v=cKf7Pme7lt8","150338151681908_1303104866405225",NA,18,25,3
"150338151681908","Rep. David Schweikert",NA,"2017-05-18T19:24:08+0000","photo","https://www.facebook.com/repdavidschweikert/photos/a.153462298036160.27561.150338151681908/1303103846405327/?type=3","150338151681908_1303103846405327","Rep. David Schweikert added a new photo.",36,39,3
"150338151681908","Rep. David Schweikert","It is time to eliminate loopholes in our complex tax code.","2017-05-18T14:48:27+0000","photo","https://www.facebook.com/repdavidschweikert/photos/a.153462298036160.27561.150338151681908/1302942769754768/?type=3","150338151681908_1302942769754768",NA,21,22,0
"150338151681908","Rep. David Schweikert","Please join to watch our most important hearing on tax reform yet:","2017-05-18T14:37:15+0000","photo","https://www.facebook.com/repdavidschweikert/photos/a.153462298036160.27561.150338151681908/1302936579755387/?type=3","150338151681908_1302936579755387",NA,10,33,4
"150338151681908","Rep. David Schweikert","Congrats to Brittany Boccher, 2017 Armed Forces Military Spouse of the Year! Thank you and your family for your service, along with all other military families #MSOY2017","2017-05-12T20:45:50+0000","link","https://www.facebook.com/MilitarySpouse/","150338151681908_1298467230202322","Rep. David Schweikert shared a Page.",10,9,0
"150338151681908","Rep. David Schweikert","Committee on Ways and Means is taking important steps to fix our broken tax code. Next Thursday, we will discuss our pro-growth plan for tax reform.","2017-05-11T17:08:42+0000","photo","https://www.facebook.com/repdavidschweikert/photos/a.153462298036160.27561.150338151681908/1297493170299728/?type=3","150338151681908_1297493170299728",NA,31,48,3
"150338151681908","Rep. David Schweikert","We are the West","2017-05-08T18:15:42+0000","video","https://www.facebook.com/congressionalwesterncaucus/videos/10155640932653352/","150338151681908_1295104680538577","Rep. David Schweikert shared Congressional Western Caucus's video.",30,45,0
"150338151681908","Rep. David Schweikert","All phone lines are open. If you have any difficulties reaching my offices, please try again. If your are getting forwarded to voicemail, that means that all phone lines are being used, and we encourage you to call back.","2017-05-04T15:21:47+0000","status",NA,"150338151681908_1291839957531716",NA,32,232,11
"150338151681908","Rep. David Schweikert","Sharing my presentation from yesterday. I explain why America, and more specifically Arizona, needs healthcare reform.","2017-05-04T13:53:06+0000","link","https://www.c-span.org/video/?c4668219%2Frep-schweikert-may-3-2017","150338151681908_1291780554204323",NA,65,138,13
"150338151681908","Rep. David Schweikert","Having been a Vice Chair under Chairman Scott Garrett’s on the House Financial Services Committee, I was always impressed by his knowledge, preparation, and consistency in working for healthier and more transparent capital markets.  I believe he will be an impactful voice of leadership and reform for the Ex-Im Bank.","2017-05-04T13:50:42+0000","status",NA,"150338151681908_1291779017537810",NA,12,20,0
"150338151681908","Rep. David Schweikert","Hope everyone enjoyed my floor speech, and if you are curious about my crowdsourcing discussion, please watch this video to learn more!","2017-05-03T21:51:33+0000","video","https://www.youtube.com/watch?v=TDOaAqS5Enk&sns=em","150338151681908_1291256864256692",NA,6,25,1
"150338151681908","Rep. David Schweikert","I am speaking on the House Floor for the next hour talking about healthcare, the debt ceiling, and technical innovation. Please tune in:","2017-05-03T21:05:38+0000","link","https://www.c-span.org/video/?427815-101%2F11-trillion-government-spending-bill-clears-house-heads-senate&live","150338151681908_1291231574259221",NA,22,64,4
"150338151681908","Rep. David Schweikert","Yesterday, I joined Neil Cavuto to discuss the future of the American economic growth. Thank you for having me on!","2017-04-28T14:58:29+0000","video","http://video.foxbusiness.com/v/5413706038001#sp=show-clips","150338151681908_1286195644762814",NA,25,39,1
"150338151681908","Rep. David Schweikert","We must unite around a shared vision to make taxation fairer and simpler for both businesses and individuals. Here are six principles that should guide our efforts:","2017-04-26T23:27:50+0000","link","http://azcapitoltimes.com/news/2017/04/26/its-time-for-tax-reform-here-are-six-principles-for-success/","150338151681908_1284598841589161",NA,28,49,3
"150338151681908","Rep. David Schweikert","Yesterday I joined Maria Bartiromo to discuss the passing of the budget, the discussions on healthcare, the future of tax reform, and more. Tune in here:","2017-04-24T16:18:14+0000","video","http://video.foxbusiness.com/v/5408418198001/rep-schweikert-talks-spending-and-health-care-negotiations","150338151681908_1282058891843156",NA,20,102,5
"150338151681908","Rep. David Schweikert","Heartened to see the Phoenix VA willing to make innovative partnerships to help provide quality healthcare services to our veterans.","2017-04-19T18:28:18+0000","link","http://ktar.com/story/1534694/phoenix-va-teams-up-with-pharmacy-walk-in-clinics-to-treat-patients/","150338151681908_1276530852395960",NA,14,13,3
"150338151681908","Rep. David Schweikert","It's time to simplify our tax code.","2017-04-19T00:33:00+0000","photo","https://www.facebook.com/repdavidschweikert/photos/a.153462298036160.27561.150338151681908/1275630562485989/?type=3","150338151681908_1275630562485989",NA,44,48,15
"150338151681908","Rep. David Schweikert","https://waysandmeans.house.gov/taxreform/","2017-04-18T23:22:00+0000","photo","https://www.facebook.com/repdavidschweikert/photos/a.153462298036160.27561.150338151681908/1275598999155812/?type=3","150338151681908_1275598999155812",NA,27,32,4
"150338151681908","Rep. David Schweikert","What House Republican's tax reform plan can do for Arizona: https://waysandmeans.house.gov/taxreform/","2017-04-18T22:49:00+0000","photo","https://www.facebook.com/repdavidschweikert/photos/a.153462298036160.27561.150338151681908/1275360302513015/?type=3","150338151681908_1275360302513015",NA,16,20,3
"150338151681908","Rep. David Schweikert","Filling out annual IRS tax returns can be a hassle and take a long time, but the National Taxpayers Union Foundation has determined just how bad it is: in total, Americans spend 797,000 years worth of labor complying.","2017-04-18T20:46:00+0000","link","http://www.washingtonexaminer.com/tax-day-irs-red-tape-costs-797000-years-of-labor/article/2620509","150338151681908_1275359805846398",NA,13,19,2
"150338151681908","Rep. David Schweikert","“Based on American Action Forum (AAF) research, the IRS currently imposes 8.1 billion hours of paperwork and generates more than 1,000 tax forms. To put these incredible burdens into perspective, that is 25 hours per person in the U.S. or 54 hours per taxpayer. In other words, the average working American spends more than a week sifting through paperwork and preparing to file”","2017-04-18T18:33:31+0000","link","https://www.americanactionforum.org/insight/tax-day-facts-irs-paperwork-generates-8-1-billion-hours-paperwork-1000-forms/#ixzz4ecu2RrxI","150338151681908_1275358145846564",NA,9,32,5
"150338151681908","Rep. David Schweikert",NA,"2017-04-18T17:09:15+0000","video","https://www.facebook.com/WaysandMeans/videos/10154357600156363/","150338151681908_1275262955856083","Rep. David Schweikert shared Committee on Ways and Means's video.",13,16,0
"150338151681908","Rep. David Schweikert","PRESS RELEASE: Schweikert Builds Consensus to Repeal Obamacare, Reduce Premiums","2017-04-06T21:29:50+0000","photo","https://www.facebook.com/repdavidschweikert/photos/a.153462298036160.27561.150338151681908/1261777597204619/?type=3","150338151681908_1261777597204619",NA,18,55,11
"150338151681908","Rep. David Schweikert","On CSPAN this morning discussing the future of healthcare and Obamacare:","2017-04-04T23:17:22+0000","link","https://www.c-span.org/video/?426441-4%2Fwashington-journal-representative-david-schweikert-raz","150338151681908_1259366817445697",NA,35,28,7
"150338151681908","Rep. David Schweikert","CBO projects that in 10 years Social Security and other mandatory health spending will increase 82% [$1.6T] other mandatory spending will grow 40% [$198B]. Discretionary spending will increase by 22% [$265B] and Net interest spending will raise 185% assuming low interest rates.","2017-04-03T21:53:29+0000","photo","https://www.facebook.com/repdavidschweikert/photos/a.153462298036160.27561.150338151681908/1258230790892633/?type=3","150338151681908_1258230790892633",NA,1,28,1
"150338151681908","Rep. David Schweikert","‪Discussion about the future of healthcare with FOX & Friends Weekend. Thank you for having me on this morning. http://video.foxnews.com/v/5381525668001/?playlist_id=930909787001#sp=show-clips‬","2017-04-01T13:05:28+0000","video","http://video.foxnews.com/v/5381525668001/?playlist_id=930909787001#sp=show-clips","150338151681908_1255727181142994",NA,21,19,2
"150338151681908","Rep. David Schweikert","Wanted everyone to be aware of this notice from the Office of the Inspector General:   The Acting Inspector General of Social Security, Gale Stallworth Stone, is urging citizens to remain vigilant of a nationwide telephone impersonation scheme.   Since alerting the public in early March about suspicious calls from people posing as Office of the Inspector General (OIG) investigators, the Social Security Administration (SSA) and the OIG have received additional reports and information about the phone scheme from citizens across the country.  According to reports, the calls include a recorded message from an “officer with the Inspector General of Social Security.”  The recording states the person’s Social Security account, Social Security number (SSN), and/or benefits are suspended, and the person should call a non-SSA number to resolve the issue.  The Acting Inspector General advises against calling any number provided by a suspicious source, as the unknown source might pressure you to provide your personal information, or to make a payment or purchase for fictitious reasons.  https://oig.ssa.gov/newsroom/news-releases/march30-advisory","2017-03-30T22:52:54+0000","link","https://oig.ssa.gov/newsroom/news-releases/march30-advisory","150338151681908_1254009694648076",NA,10,15,37
"150338151681908","Rep. David Schweikert","Our 2017 Service Academy Fair will be taking place at Williams Field High School located in Gilbert, AZ on April 22nd starting at 10:00 AM. All students and their parents are welcome to attend to receive more information about attending a U.S. Service Academy. We hope to see you there!","2017-03-30T15:40:14+0000","photo","https://www.facebook.com/repdavidschweikert/photos/a.153462298036160.27561.150338151681908/1253733944675651/?type=3","150338151681908_1253733944675651",NA,4,3,2
"150338151681908","Rep. David Schweikert","Mandatory spending controlled by laws other than approps ex. SS, Medcare & Medicaid. Discretionary is appropriated per year. #CBOMondays (re-posted with a clearer graph)","2017-03-27T22:33:00+0000","photo","https://www.facebook.com/repdavidschweikert/photos/a.153462298036160.27561.150338151681908/1251471134901932/?type=3","150338151681908_1251471134901932",NA,4,19,0
"150338151681908","Rep. David Schweikert","The path forward regarding healthcare and tax reform this morning on Squawk Box:","2017-03-27T17:30:08+0000","video","https://www.youtube.com/watch?v=tvrEnz16s-g","150338151681908_1251251878257191",NA,5,17,2
"150338151681908","Rep. David Schweikert","My take on President Trump's healthcare bill this morning with NPR. Please take listen:","2017-03-24T12:59:47+0000","link","http://www.npr.org/2017/03/24/521337569/rep-schweikert-pushing-for-a-yes-on-health-care-bill","150338151681908_1248159085233137",NA,15,87,5
"150338151681908","Rep. David Schweikert","A great resource to see how ACA affects counties and states. First graphic is for men in Maricopa County and the second graphic is for women.","2017-03-21T18:05:07+0000","link","https://www.manhattan-institute.org/sites/default/files/knowyourrates/#04013","150338151681908_1245583635490682",NA,6,51,2
"150338151681908","Rep. David Schweikert","The state of Obamacare in Arizona 2017","2017-03-21T16:06:46+0000","photo","https://www.facebook.com/repdavidschweikert/photos/a.153462298036160.27561.150338151681908/1245491995499846/?type=3","150338151681908_1245491995499846",NA,6,28,8
"150338151681908","Rep. David Schweikert","CBO's most recent report for 2017 to 2027 outlays for mandatory programs were $2.4 trillion in 2016, $133 billion more than 2015","2017-03-20T19:19:21+0000","photo","https://www.facebook.com/repdavidschweikert/photos/a.153462298036160.27561.150338151681908/1244680895580956/?type=3","150338151681908_1244680895580956",NA,2,30,1
"150338151681908","Rep. David Schweikert","What government can do to help innovation:","2017-03-20T19:14:06+0000","link","http://www.coindesk.com/the-trump-administration-is-buying-into-blockchain-tech/","150338151681908_1244679498914429",NA,2,7,0
"150338151681908","Rep. David Schweikert","Today I reintroduced the Fair Investment Opportunities for Professional Experts Act with bipartisan support. In America today, some of the greatest investment opportunities are available only to those who meet a certain wealth threshold. Last Congress this legislation (H.R. 2187) passed through Congress with the overwhelming bipartisan support of (347 yea- 8 nay) and this Congress I look forward to advancing this legislation to help drive economic growth.","2017-03-16T21:36:22+0000","status",NA,"150338151681908_1240783599304019",NA,14,20,0
"150338151681908","Rep. David Schweikert","The Fed typically raises rates to prevent inflation and overheating. What are your thoughts on raising interest rates?","2017-03-15T15:05:00+0000","photo","https://www.facebook.com/repdavidschweikert/photos/a.153462298036160.27561.150338151681908/1239436996105346/?type=3","150338151681908_1239436996105346",NA,1,21,0
"150338151681908","Rep. David Schweikert","For FY2017, Social Security spending will increase by 3.3% or $30 billion, a faster increase than that of last year because beneficiaries received a 0.3 Cost of Living Adjustment (COLA) in January 2017.","2017-03-13T16:56:12+0000","photo","https://www.facebook.com/repdavidschweikert/photos/a.153462298036160.27561.150338151681908/1237504289631950/?type=3","150338151681908_1237504289631950",NA,2,40,0
"150338151681908","Rep. David Schweikert","From last night's Ways and Means mark up hearing on the American Health Care Act","2017-03-09T20:38:03+0000","link","https://www.c-span.org/video/?c4660448%2Fschweikert-prescription-drug-tax","150338151681908_1233758650006514",NA,6,38,3
"150338151681908","Rep. David Schweikert",NA,"2017-03-09T03:45:33+0000","link","https://waysandmeans.house.gov/words-obamacare-hurts-americans-walks-life/","150338151681908_1232995086749537","Rep. David Schweikert shared Committee on Ways and Means's post.",10,45,0
"150338151681908","Rep. David Schweikert",NA,"2017-03-09T03:34:31+0000","photo","https://www.facebook.com/repdavidschweikert/photos/a.153462298036160.27561.150338151681908/1232983466750699/?type=3","150338151681908_1232983466750699","Rep. David Schweikert added a new photo.",10,34,0
"150338151681908","Rep. David Schweikert",NA,"2017-03-08T21:58:45+0000","photo","https://www.facebook.com/repdavidschweikert/photos/a.153462298036160.27561.150338151681908/1232707790111600/?type=3","150338151681908_1232707790111600","Rep. David Schweikert added a new photo.",2,25,0
"150338151681908","Rep. David Schweikert",NA,"2017-03-07T19:23:40+0000","photo","https://www.facebook.com/repdavidschweikert/photos/a.153462298036160.27561.150338151681908/1231527880229591/?type=3","150338151681908_1231527880229591","Rep. David Schweikert added a new photo.",7,37,0
"150338151681908","Rep. David Schweikert",NA,"2017-03-07T15:18:00+0000","link","https://www.wsj.com/articles/the-health-bill-youve-waited-for-1488847444","150338151681908_1230821043633608","Rep. David Schweikert shared a link.",10,41,2
"150338151681908","Rep. David Schweikert","I agree with the experts who say that innovative private-sector tools will enable transparent markets & foster informed decision-making.  Arizonans should be allowed real choices.","2017-03-07T14:12:00+0000","status",NA,"150338151681908_1230814636967582",NA,19,28,0
"150338151681908","Rep. David Schweikert","Arizonans should be allowed to use any credits or subsidies outside of the government run exchanges, for any products that they want and need.","2017-03-07T12:11:00+0000","status",NA,"150338151681908_1230814253634287",NA,23,28,0
"150338151681908","Rep. David Schweikert","Individuals should be allowed to use consumer-driven health products, such as flexibility through HSAs and other savings plans.","2017-03-07T05:10:00+0000","status",NA,"150338151681908_1230813080301071",NA,44,42,1
"150338151681908","Rep. David Schweikert","Arizonans need more choices in healthcare. Obamacare discouraged new innovative health products through over regulation.","2017-03-07T04:10:00+0000","status",NA,"150338151681908_1230811703634542",NA,36,42,1
"150338151681908","Rep. David Schweikert","In 2016, there were 182 counties in HealthCare.gov states with only one insurer participating on the exchange. In 2017, there are 687 counties.","2017-03-07T03:09:00+0000","status",NA,"150338151681908_1230811260301253",NA,9,31,1
"150338151681908","Rep. David Schweikert",NA,"2017-03-07T02:30:01+0000","photo","https://www.facebook.com/repdavidschweikert/photos/a.153462298036160.27561.150338151681908/1230804913635221/?type=3","150338151681908_1230804913635221","Rep. David Schweikert added a new photo.",7,13,7
"150338151681908","Rep. David Schweikert","In 2017, average annual national premiums for Silver plan for a 40-year-old without a tax subsidy was $4,929. This is more than a $1,000 increase since 2014.","2017-03-07T01:57:46+0000","status",NA,"150338151681908_1230810940301285",NA,16,32,5
"150338151681908","Rep. David Schweikert","Obamacare harms hard-working Americans and small-business owners.  Americans who do not receive insurance through work and make too much money to qualify for federal subsidies are facing dramatically higher premiums. The out of pocket cost for these individuals is increasing by about $1,000 or even $2,000 per year.","2017-03-07T01:32:00+0000","photo","https://www.facebook.com/repdavidschweikert/photos/a.153462298036160.27561.150338151681908/1230700720312307/?type=3","150338151681908_1230700720312307",NA,14,28,7
"150338151681908","Rep. David Schweikert","As of mid-August, Pinal county had no carriers slated to offer plans in the exchange for 2017. In September, out of good faith, Blue Cross Blue Shield of Arizona announced that they would step in. Obamacare almost cost Pinal county citizens their healthcare coverage altogether.","2017-03-07T00:31:00+0000","link","https://www.healthinsurance.org/arizona-state-health-insurance-exchange/","150338151681908_1230700120312367",NA,0,7,2
"150338151681908","Rep. David Schweikert",NA,"2017-03-07T00:00:00+0000","photo","https://www.facebook.com/repdavidschweikert/photos/a.153462298036160.27561.150338151681908/1230737816975264/?type=3","150338151681908_1230737816975264","Rep. David Schweikert added a new photo.",6,13,15
"150338151681908","Rep. David Schweikert","This year in Arizona there are now only two carriers — Blue Cross Blue Shield of Arizona, and Ambetter by Health Net. In virtually all of the state, there is only 1 insurer offering coverage. In Pima county, there are 2 carriers, although 1 is only offering Catastrophic plans.","2017-03-06T23:30:00+0000","link","https://www.healthinsurance.org/arizona-state-health-insurance-exchange/","150338151681908_1230699953645717",NA,2,9,5
"150338151681908","Rep. David Schweikert","Obamacare has been a disaster for many Arizonans. It’s time to resolve the problems Obamacare has caused in Arizona and across our nation.","2017-03-06T23:10:00+0000","photo","https://www.facebook.com/repdavidschweikert/photos/a.153462298036160.27561.150338151681908/1230640986984947/?type=3","150338151681908_1230640986984947",NA,14,24,34
"150338151681908","Rep. David Schweikert","To read the House GOP's plan to repeal and replace Obamacare, please visit the website below. I really want to know what you think about it.","2017-03-06T23:02:45+0000","link","https://housegop.leadpages.co/healthcare/","150338151681908_1230724460309933",NA,5,29,14
"150338151681908","Rep. David Schweikert","Once among the most robust in the nation, Arizona’s health insurance exchange has faltered because of Obamacare. In 2015, there were 11 carriers offering plans, some state-wide. By 2016, that had dropped to eight.","2017-03-06T22:29:00+0000","link","https://www.healthinsurance.org/arizona-state-health-insurance-exchange/","150338151681908_1230699480312431",NA,5,9,0
"150338151681908","Rep. David Schweikert","“Six health insurance companies will exit Arizona’s marketplace in 2017, with some companies citing financial losses during the first three years of the marketplace.” –AZ Central","2017-03-06T22:11:49+0000","link","http://www.azcentral.com/story/money/business/health/2016/10/19/obamacare-arizona-two-remaining-health-insurers-hike-rates-by-half-and-three-fourth/92374528/","150338151681908_1230696460312733",NA,11,20,31
"150338151681908","Rep. David Schweikert","Obamacare has had a devastating effect on Arizona’s exchanges; leaving hundreds with no choice between plans and, in some cases, no affordable coverage at all.","2017-03-06T19:03:00+0000","photo","https://www.facebook.com/repdavidschweikert/photos/a.153462298036160.27561.150338151681908/1230498766999169/?type=3","150338151681908_1230498766999169",NA,18,30,24
"150338151681908","Rep. David Schweikert","""In fiscal year 2016, for the first time since 2009, the federal budget deficit increased in relation to the nation’s economic output."" #CBOMondays","2017-03-06T16:35:20+0000","photo","https://www.facebook.com/repdavidschweikert/photos/a.153462298036160.27561.150338151681908/1230483510334028/?type=3","150338151681908_1230483510334028",NA,2,11,2
"150338151681908","Rep. David Schweikert",NA,"2017-02-28T22:29:31+0000","video","https://www.facebook.com/WaysandMeans/videos/10154225630791363/","150338151681908_1225726237476422","Rep. David Schweikert shared Committee on Ways and Means's video.",43,22,0
"150338151681908","Rep. David Schweikert","I'm honored to be selected to the Committee on Ways and Means and continue to serve the constituents of Arizona's 6th district in the 115th Congress.","2017-01-05T00:25:59+0000","link","https://waysandmeans.house.gov/brady-welcomes-new-ways-means-committee-republican-members/","150338151681908_1176328179082895","Rep. David Schweikert shared Committee on Ways and Means's post.",105,203,0
