"from_id","from_name","message","created_time","type","link","id","story","likes_count","comments_count","shares_count"
"484166588292670","Congressman Dan Kildee","Please stay safe, everyone!  Please review tips from FEMA Federal Emergency Management Agency about floods: https://www.ready.gov/floods","2017-06-23T16:14:54+0000","link","http://www.abc12.com/content/news/Dangerous-flooding-in-parts-of-Mid-Michigan-430333283.html","484166588292670_1640532809322703",NA,25,5,19
"484166588292670","Congressman Dan Kildee","JUST IN: Senate Republicans have introduced their health care bill, and it’s not good for working people. It’s just as bad, if not worse, as the House-passed version of Trumpcare.   Millions will lose insurance, and many others will pay higher premiums for worse care. If you’re an older American, you’ll be forced to pay an ‘age tax’ on premiums and prescriptions, and if you have a pre-existing condition, insurance companies may not cover the cost of your care. Republicans want to make all of these bad changes to your health care to give another massive tax break for millionaires.    I’m opposed to the Republican health care plan and I’m explaining why now. Watch live:","2017-06-22T17:55:04+0000","video","https://www.facebook.com/RepDanKildee/videos/1639444276098223/","484166588292670_1639444276098223","Congressman Dan Kildee was live.",129,107,300
"484166588292670","Congressman Dan Kildee","This violent attack on a police officer at Bishop International Airport is shocking and horrific. The FBI and other law enforcement agencies continue to investigate this as an act of terrorism in our community.   Our thoughts and prayers are with the injured officer, Lieutenant Jeff Neville, and his family. Jennifer and I join all Michigan residents in praying for Lieutenant Neville’s full recovery.","2017-06-21T21:51:29+0000","link","https://dankildee.house.gov/media/press-releases/statement-congressman-dan-kildee-stabbing-police-officer-flint-bishop","484166588292670_1638441379531846",NA,266,153,120
"484166588292670","Congressman Dan Kildee","This is terrible news. Our thoughts are with the police officer hurt at Bishop International Airport. Jennifer and I are praying for the officer's recovery.","2017-06-21T15:34:09+0000","link","http://trib.al/wXtcJcj","484166588292670_1637981029577881","Congressman Dan Kildee shared The Flint Journal's post.",46,21,0
"484166588292670","Congressman Dan Kildee","My hope is that this week's tragic shooting serves as a call to action for Members of Congress and all Americans to promote more civility in our politics, even when we disagree. The Congressional Baseball Game for Charity last night, where we came together to raise $1.5 million for charity, is a start.  I shared some of my thoughts about toning down political speech with CNN. Read them here: http://cnn.it/2s2NoNU","2017-06-16T15:30:19+0000","photo","https://www.facebook.com/RepDanKildee/photos/a.485907264785269.106597.484166588292670/1631760850199899/?type=3","484166588292670_1631760850199899",NA,174,34,9
"484166588292670","Congressman Dan Kildee","I was at practice for the Congressional Baseball Game on another field when we learned of this terrible shooting. Praying for Congressman Steve Scalise, staff and U.S. Capitol police who were shot.","2017-06-14T13:02:16+0000","link","http://www.cnn.com/2017/06/14/politics/alexandria-virginia-shooting/index.html","484166588292670_1629118813797436",NA,166,58,38
"484166588292670","Congressman Dan Kildee","Fact: Over 800,000 Michigan jobs in the boating, tourism and fishing industry are in jeopardy if the Great Lakes were to become contaminated with pollution or invasive species.  That's why I'm concerned about President Trump's $300 million cut to efforts protecting the Great Lakes. Those cuts jeopardize our economy, our livelihood and our way of life. It's too much of a risk to take.","2017-06-13T22:35:00+0000","link","http://www.mlive.com/news/flint/index.ssf/2017/06/kildee_epa_workers_vow_to_figh.html","484166588292670_1628191060556878",NA,168,28,74
"484166588292670","Congressman Dan Kildee","Grass carp are one of the four invasive species of Asian carp that pose an urgent threat to the Great Lakes and coastal wetlands. That's why Democrats and Republicans in Congress are calling for more urgency to address their spread in the Great Lakes.  Billions of dollars of annual economic activity and hundreds of thousands of jobs are directly tied to the health of the Great Lakes and its wetlands. We must protect them from invasive species. http://bit.ly/2ro4eTW","2017-06-12T23:45:00+0000","link","http://wlns.com/2017/06/12/reps-kildee-walberg-kaptur-joyce-we-must-protect-the-great-lakes-from-threat-of-invasive-species-like-asian-carp/","484166588292670_1627042107338440",NA,115,16,23
"484166588292670","Congressman Dan Kildee","Pausing today to remember the 49 innocent people who were tragically killed on this day last year in the Pulse attack in Orlando.","2017-06-12T20:04:01+0000","link","http://www.mlive.com/news/saginaw/index.ssf/2017/06/us_rep_kildee_pays_tribute_to.html","484166588292670_1627036064005711",NA,172,12,10
"484166588292670","Congressman Dan Kildee","I remember the 2008 financial crisis, including the millions of people who lost their jobs, their homes and their life savings because of Wall Street greed. Many communities and families I represent still haven’t recovered from the Great Recession.   That’s why I’m fighting against a bad piece of legislation in Congress that would undo reforms on Wall Street and mean you, the taxpayer, could be once again bailing out big banks if they go belly up.   This bill has nothing to do with creating jobs or growing our economy. All it does is give another big gift to Wall Street.   I hope you take a minute to learn about this ‘Wrong Choice Act’ and share it with your friends→","2017-06-08T21:18:55+0000","video","https://www.facebook.com/RepDanKildee/videos/1622135787829072/","484166588292670_1622135787829072","Congressman Dan Kildee was live.",187,51,86
"484166588292670","Congressman Dan Kildee","Big bank profits were $171 BILLION last year. It seems that Wall Street is doing just fine. So I ask: what about Main Street?  Republicans this week are trying to repeal financial reforms put in place after the 2008 financial crisis. Their policies would bring back 'too big to fail' for big banks and put taxpayers on the hook for more bailouts. I say no way.","2017-06-08T13:02:18+0000","link","http://www.detroitnews.com/story/news/politics/2017/06/08/dodd-frank/102607820/","484166588292670_1621654661210518",NA,159,34,58
"484166588292670","Congressman Dan Kildee","Had a wide-ranging discussion on Morning Joe about many important issues facing our country, including preserving Medicare and Social Security, repairing our crumbling roads and bridges, investing in America's cities and towns, and protecting the Great Lakes.  Hope you'll take a minute to watch and let me know your thoughts below!","2017-06-05T18:48:10+0000","video","https://www.facebook.com/RepDanKildee/videos/1617933764915941/","484166588292670_1617933764915941",NA,285,83,97
"484166588292670","Congressman Dan Kildee","President Trump is failing to address one our country’s most pressing threats: climate change. Military and defense experts have concluded that climate change represents a major risk to our national security and have urged the President to develop a comprehensive strategy to address it. Instead, President Trump has dangerously decided to pull America out of the Paris Climate Agreement that seeks to address climate change, jeopardizing our domestic security and putting us at odds with our allies around the globe.  We have a moral responsibility to recognize that climate change is real and requires urgent action. We cannot afford to pretend that climate change is not real. The effects of climate change are evident all around us: surging asthma rates, deadly floods and droughts, and rising sea levels. To deny these effects of climate change on our children and communities will prove to be a grave mistake.  Climate change is also a real threat to the Great Lakes. In addition to current threats like pollution and invasive species, climate change presents new stressors for the Great Lakes. They could forever change if we allow climate change to deplete Great Lakes water levels and increase water temperatures, changing not only habitats and ecosystems, but also jeopardizing our jobs and economy that relies on our water resources.","2017-06-01T22:38:36+0000","status",NA,"484166588292670_1613155295393788",NA,198,75,28
"484166588292670","Congressman Dan Kildee","Unfortunately, the environment in Washington is divisive and partisan, but Michigan's congressional delegation has worked really hard to overcome gridlock when our state's interests are at stake, including protecting the Great Lakes and expanding the Soo Locks.   Read more about our bipartisan legislation announced today at the Detroit Regional Chamber's Mackinac Policy Conference:","2017-06-01T19:19:59+0000","link","http://www.freep.com/story/news/local/michigan/2017/06/01/soo-locks-improvement-expansion/362889001/","484166588292670_1613011948741456",NA,102,12,11
"484166588292670","Congressman Dan Kildee","The brave men and women who serve in our armed forces sacrifice so much for us. My new legislation makes sure veterans receive the benefits they have earned. Learn more: http://bit.ly/2rY8uLi","2017-05-30T22:45:00+0000","video","https://www.facebook.com/RepDanKildee/videos/1610557265653591/","484166588292670_1610557265653591",NA,75,12,12
"484166588292670","Congressman Dan Kildee","On Memorial Day, we pause to remember the ultimate sacrifice made by service members to defend our country and our freedoms.","2017-05-29T14:30:00+0000","photo","https://www.facebook.com/RepDanKildee/photos/a.485907264785269.106597.484166588292670/1603803749662276/?type=3","484166588292670_1603803749662276",NA,96,0,10
"484166588292670","Congressman Dan Kildee","Our active duty service members and veterans have made significant sacrifices and it is our duty as a nation, and my duty as a Congressman, to ensure that they get the assistance they need to support themselves and their families.  That's the aim of my new legislation to support our veterans when it comes to particular issues service members face, including reducing suicide rates, increasing financial literacy when it comes to loans, and ensuring affordable housing.  Read more about my new veterans bills: http://bit.ly/2rY8uLi","2017-05-26T21:30:00+0000","photo","https://www.facebook.com/RepDanKildee/photos/a.485907264785269.106597.484166588292670/1605748036134514/?type=3","484166588292670_1605748036134514",NA,59,4,11
"484166588292670","Congressman Dan Kildee","Always happy to see Dr. Mona Hanna-Attisha, especially when she brings art made by Flint kids! This is a beautiful chandelier made of plastic water bottles made by 2-year-old children in Flint.","2017-05-26T14:00:00+0000","photo","https://www.facebook.com/RepDanKildee/photos/a.485907264785269.106597.484166588292670/1604691069573544/?type=3","484166588292670_1604691069573544",NA,182,11,7
"484166588292670","Congressman Dan Kildee","The non-partisan Congressional Budget Office has concluded that 23 million Americans would lose their health insurance under the Republican health care plan.  For Americans with pre-existing conditions, the CBO says that people ""would ultimately be unable to purchase health insurance at premiums comparable to those under [Obamacare], if they could purchase it at all...""  I voted no on this terrible Trumpcare plan. My constituents deserve better.","2017-05-24T21:21:59+0000","link","http://money.cnn.com/2017/05/24/news/economy/obamacare-repeal-cbo/index.html","484166588292670_1603809459661705",NA,64,70,45
"484166588292670","Congressman Dan Kildee","I will fight these terrible cuts by the President to our Great Lakes.","2017-05-23T23:55:00+0000","link","http://www.metrotimes.com/news-hits/archives/2017/05/23/trumps-2018-budget-wipes-out-funding-for-the-great-lakes","484166588292670_1602678129774838",NA,416,94,224
"484166588292670","Congressman Dan Kildee","JUST IN: President Donald J. Trump's budget completely eliminates funding to protect the Great Lakes from invasive species like Asian carp. This would put the health of our Great Lakes in jeopardy, threatening our economy, our jobs, and our way of life.  We can stop these terrible cuts if Michiganders speak up. I will oppose these cuts in any way that I can in Congress.  Share this to spread the word→","2017-05-23T16:52:25+0000","link","https://dankildee.house.gov/media/press-releases/statement-congressman-dan-kildee-trump-budget-cuts-great-lakes","484166588292670_1602561666453151",NA,203,141,1078
"484166588292670","Congressman Dan Kildee","President Trump's budget ""appears to include the elimination of $300 million a year for the Great Lakes Restoration Initiative — a program that pays for water quality and wildlife habitat projects.""  I will fight these reckless cuts in Congress. We cannot put our Great Lakes in jeopardy – our jobs, our livelihood and our way of life are at stake.","2017-05-23T01:20:05+0000","link","http://www.freep.com/story/news/2017/05/23/trump-budget-cuts-food-stamps-relies-medicaid-reductions/337628001/","484166588292670_1601823083193676",NA,113,41,74
"484166588292670","Congressman Dan Kildee","Honored to join Erin Brockovich and Operation Stand Together this past weekend to support our veterans exposed to toxic chemicals during their service. This includes veterans at Wurtsmith Air Force Base in Oscoda, where service members were exposed to toxic firefighting foam.  I continue to press the U.S. Air Force for answers on the clean up in Oscoda and care for our veterans→ http://bit.ly/2rKJPsw","2017-05-22T14:41:29+0000","photo","https://www.facebook.com/RepDanKildee/photos/a.485907264785269.106597.484166588292670/1601246683251316/?type=3","484166588292670_1601254923250492","Congressman Dan Kildee added 3 new photos.",115,15,25
"484166588292670","Congressman Dan Kildee","I come from Flint— we’ve seen the consequences of bad trade deals like NAFTA. For far too long, the game has been rigged in favor of corporations and against hardworking Americans.  Saying we are going to renegotiate trade deals is not enough—details matter.  I want to work with the President to make the process more fair for American workers. I also want to end special protections for companies that allow them to ship jobs overseas.","2017-05-19T13:57:01+0000","link","http://www.mlive.com/news/index.ssf/2017/05/michigan_democrats_urge_trump_1.html","484166588292670_1597612826948035",NA,183,58,20
"484166588292670","Congressman Dan Kildee","It is time for all Members of Congress -- Republicans and Democrats -- to put country before party. We need an independent and bipartisan commission to look into the troubling ties between President Trump and Russia.  This is about protecting our democracy.","2017-05-17T23:00:00+0000","link","http://www.mlive.com/news/flint/index.ssf/2017/05/kildee_calls_for_investigation.html","484166588292670_1595027567206561",NA,610,98,57
"484166588292670","Congressman Dan Kildee","If true, this is very alarming. President Trump's reckless actions are jeopardizing our national security and damaging relationships with key allies.","2017-05-15T22:56:33+0000","link","https://www.washingtonpost.com/world/national-security/trump-revealed-highly-classified-information-to-russian-foreign-minister-and-ambassador/2017/05/15/530c172a-3960-11e7-9e48-c4f199710b69_story.html?tid=sm_tw&utm_term=.615824ac3b9c","484166588292670_1592666197442698",NA,99,132,72
"484166588292670","Congressman Dan Kildee","Happy Mother's Day to all the moms out there, especially my mother Margaret!","2017-05-14T15:48:37+0000","photo","https://www.facebook.com/RepDanKildee/photos/a.485907264785269.106597.484166588292670/1591002074275777/?type=3","484166588292670_1591002074275777",NA,335,18,1
"484166588292670","Congressman Dan Kildee","We cannot forget the lessons of the financial crisis that caused so much economic pain for Michigan families. Putting Wall Street back in charge of regulating itself puts our economy at risk and is simply the wrong direction for our country.","2017-05-09T22:22:50+0000","link","http://www.detroitnews.com/story/opinion/2017/05/09/dodd-frank/101453366/","484166588292670_1584063788302939",NA,129,31,34
"484166588292670","Congressman Dan Kildee","It's not right that Flint families are facing foreclosure because of unpaid water bills for water that they couldn't drink.  They deserve support from the state of Michigan until there is confidence in the water system again.","2017-05-07T13:30:00+0000","video","https://www.facebook.com/RepDanKildee/videos/1578352428874075/","484166588292670_1578352428874075",NA,208,95,549
"484166588292670","Congressman Dan Kildee","Here's 17 photos that capture why I'm fighting President Trump's budget cuts to Great Lakes protection efforts. Under the President's budget, the Great Lakes Restoration Initiative would be eliminated starting next year.  If we put the Great Lakes in jeopardy, our jobs, our livelihood and our way of life are at risk.","2017-05-06T14:00:00+0000","link","http://time.com/4726857/photos-great-lakes-pollution/","484166588292670_1569796799729638",NA,252,44,254
"484166588292670","Congressman Dan Kildee","I voted no on the Republican health care bill -- Trumpcare -- because it forces families to pay higher costs for worse health care. It is absolutely heartless that 24 million people will lose insurance under this plan. My statement: http://bit.ly/2pKy5q8","2017-05-04T20:01:17+0000","link","https://dankildee.house.gov/media/press-releases/congressman-dan-kildee-trumpcare-passage","484166588292670_1574755209233797",NA,1343,306,337
"484166588292670","Congressman Dan Kildee","This is despicable. If Republicans don’t want to be in their own health care plan, why are they pushing it on your family?   Congress should get no special treatment whatsoever. Trumpcare is a dangerous and reckless plan that will cost lives.","2017-05-04T14:26:16+0000","link","http://thehill.com/homenews/senate/331867-republicans-can-exempt-themselves-from-obamacare-rollbacks-in-new-legislation?rnd=1493866040","484166588292670_1574260085949976",NA,329,158,616
"484166588292670","Congressman Dan Kildee","Flint families should not have to pay for water that they still cannot drink, and they certainly should not lose their homes over this ongoing water crisis that was caused by the callous decisions of state government.  It's unfortunate that Gov. Snyder ended water credits for Flint families. I opposed this decision because Flint families deserve support until there is confidence in the water system. http://bit.ly/2pIHpgr","2017-05-03T22:30:00+0000","link","http://www.huffingtonpost.com/entry/flint-residents-unpaid-water-bills-foreclosure_us_5909e494e4b05c397684e4ec","484166588292670_1572956049413713",NA,93,25,49
"484166588292670","Congressman Dan Kildee","Today the House Committee on Financial Services is considering legislation to get rid of reforms on Wall Street that were put in place to prevent another financial crisis. The ""Great Recession"", caused by big bank greed, hit our state especially hard -- many Michigan families lost their jobs, were evicted from their homes, and saw their retirement savings wiped out. Today, almost a decade after the financial crisis, too many Michiganders have not fully recovered and are still struggling to make ends meet.   Simply put, this terrible bill puts Wall Street before Main Street and I'm fighting against it. Here's why:","2017-05-02T15:22:12+0000","video","https://www.facebook.com/RepDanKildee/videos/1571044486271536/","484166588292670_1571044486271536","Congressman Dan Kildee was live.",227,69,56
"484166588292670","Congressman Dan Kildee","Great news: A budget deal reached in Congress rejects President Trump’s proposed cuts to Great Lakes protection efforts! The President had wanted to cut $50 million from the Great Lakes to pay for a border wall between U.S. and Mexico. Thousands of Michiganders spoke out against these terrible cuts.  The Great Lakes Restoration Initiative has always had bipartisan support because it helps to protect the Great Lakes from harm, including from invasive species like Asian carp and pollution. It is vital that we protect the Great Lakes, now and in the future, because they help to propel our economy and support 1.5 million jobs.","2017-05-01T18:29:08+0000","link","http://bit.ly/2qq74s8","484166588292670_1569757129733605",NA,1040,82,664
"484166588292670","Congressman Dan Kildee","""Flint residents are fighters, and many are beginning to see signs of hope for a better future.""","2017-04-27T22:45:00+0000","link","http://www.npr.org/2017/04/25/525564206/amid-steep-odds-flint-starts-to-see-bright-spots","484166588292670_1563424733700178",NA,180,25,30
"484166588292670","Congressman Dan Kildee","It was great to be back in Oscoda last week talking directly with constituents about issues on their mind. You can read more about our day in the Oscoda Press:  ""Kildee has a special interest in preserving the waterways of the region, having spent a good part of his childhood camping in East Tawas City Park, where his family had a trailer permanently stored at the park. He said he remembers fishing and also watching B052s at WAFB.""","2017-04-27T15:06:31+0000","link","http://www.iosconews.com/oscoda_press/news/article_0f362eb8-29e4-11e7-ad8b-cffbbdbc4323.html","484166588292670_1563418690367449",NA,48,2,16
"484166588292670","Congressman Dan Kildee","A long post on an important topic. I hope you'll take a minute to read:  Unfortunately, the House Committee on Financial Services today started the process of repealing Wall Street reforms that were put in place to prevent another financial crisis like the one we saw in 2008.  I'm opposed to repealing these reforms on Wall Street. It is the wrong choice for middle class Michiganders because it would take us back to the dark days when abusive Wall Street practices nearly crippled our economy. Back to the days when millions of people lost their homes, lost their jobs and saw their 401(k) retirement savings wiped out.   My constituents are still feeling the effects of Wall Street's greed. The financial crisis hit our state especially hard. Many Michigan families’ homes are still worth less than before the recession. Today, according to the U.S. Census Bureau, Michiganders own fewer cars, earn less money, and work fewer hours than before the financial crisis.  I have a simple question for my Republican colleagues who are pushing this terrible plan to repeal Wall Street reforms: have you forgotten the lessons of the financial crisis? We cannot turn a blind eye to the continued economic pain for so many American families. It is an absurd idea that we would put Wall Street back in charge of policing itself. It's foolish for us to reinstate big bank bailouts. This bill is a recipe for disaster. It puts our economy at risk and is the wrong direction for our country.  Here's my comments in committee against this terrible plan. I hope you'll take a minute to watch and share.","2017-04-26T23:30:00+0000","video","https://www.facebook.com/RepDanKildee/videos/1562104737165511/","484166588292670_1562104737165511",NA,229,54,127
"484166588292670","Congressman Dan Kildee","Unless Congress acts by Friday, the federal government will shut down. I strongly oppose this because it will hurt our economy, punish our seniors and veterans, and potentially cost taxpayers billions of dollars.  Michiganders overwhelmingly want Congress to do its job and pass a responsible budget to keep the government open. http://bit.ly/2pt5xEE","2017-04-26T13:10:04+0000","video","https://www.facebook.com/RepDanKildee/videos/1561064470602871/","484166588292670_1561064470602871",NA,56,28,21
"484166588292670","Congressman Dan Kildee","Very pleased to join with the Genesee Intermediate School District and announce that the U.S. Army Junior Reserve Officer Training Program will be coming to Genesee County!  This successful program, a partnership between the Army and local high schools, will be open to students and focus on leadership training and helping prepare youth for a successful future. I am confident that the skills and training taught through this program will greatly benefit students and families in our community!","2017-04-21T16:15:00+0000","link","http://dankildee.house.gov/genesee-intermediate-school-district-approved-to-offer-the-army-jrotc-program-at-genesee-career-institute/","484166588292670_1555052047870780",NA,63,10,16
"484166588292670","Congressman Dan Kildee","I’m proud to have worked in Congress to expand Head Start and Early Head Start for Flint families, especially in the wake of the water crisis.   We’ve successfully fought for millions in federal resources to support new and expanded Head Start. I had the chance to visit some of the kids who have benefited from these programs and see the great work their teachers do in our community every day.   Early education is important for all children, but such programs are especially important right now in Flint, as they can help to mitigate the effects of lead exposure.","2017-04-20T23:00:00+0000","video","https://www.facebook.com/RepDanKildee/videos/1553487218027263/","484166588292670_1553487218027263",NA,114,24,14
"484166588292670","Congressman Dan Kildee","I'm in Oscoda this morning! Come have coffee with me at G's Pizza from 10:30 - 11:30 a.m. ET and talk about the issues you care about. More details: http://bit.ly/2owz5zE","2017-04-20T13:20:53+0000","photo","https://www.facebook.com/RepDanKildee/photos/a.485907264785269.106597.484166588292670/1553484134694238/?type=3","484166588292670_1553484134694238",NA,94,16,5
"484166588292670","Congressman Dan Kildee","It's National Park Week! I love visiting great parks like Sleeping Bear Dunes National Lakeshore with my family. You too can #FindYourPark and explore the beautiful outdoors!  The National Park Service is providing free admission to parks this weekend. Find a park in Michigan: http://bit.ly/20RHAQi","2017-04-18T21:47:43+0000","photo","https://www.facebook.com/RepDanKildee/photos/a.485907264785269.106597.484166588292670/1551170968258888/?type=3","484166588292670_1551170968258888",NA,60,1,7
"484166588292670","Congressman Dan Kildee","Democrats and Republicans agree: closing the U.S. Environmental Protection Agency office serving Michigan is misguided. Doing so would jeopardize resources to help Flint recover from the water crisis and funds to protect the Great Lakes from invasive species. http://bit.ly/2oicAeR","2017-04-18T00:58:44+0000","video","https://www.facebook.com/RepDanKildee/videos/1549771498398835/","484166588292670_1549771498398835",NA,85,23,62
"484166588292670","Congressman Dan Kildee","From my family to yours, Happy Easter! I hope that you can enjoy this beautiful day with your friends and family.","2017-04-16T14:30:13+0000","status",NA,"484166588292670_1547631108612874",NA,135,14,3
"484166588292670","Congressman Dan Kildee","About 66% of the Bay Area Women's Center's annual budget relies on federal grants under the Violence Against Women Act. Under President Trump's budget, these grants could be cut, which could eliminate programs at the women's center to assist victims of domestic and sexual abuse.  I will fight these extreme cuts in Congress.","2017-04-15T23:15:00+0000","link","http://www.mlive.com/news/bay-city/index.ssf/2017/04/bay_area_womens_center_fear_bu.html","484166588292670_1544377298938255",NA,57,11,24
"484166588292670","Congressman Dan Kildee","Did you know that the Great Lakes: ➜ Support over 800,000 jobs in Michigan ➜ Generate $60 billion in annual wages to workers ➜ Provide drinking water for 48 million people  We cannot put our Great Lakes in jeopardy – our jobs, our livelihood and our way of life are at stake.","2017-04-15T14:00:00+0000","link","http://www.petoskeynews.com/gaylord/featured-ght/top-gallery/more-michigan-leaders-make-case-to-keep-great-lakes-funding/article_d1610aae-2060-11e7-aef1-176241903903.html","484166588292670_1544361565606495",NA,257,8,107
"484166588292670","Congressman Dan Kildee","Nestlé wants to pump 400 gallons of groundwater a minute out of Michigan. I say no way! We shouldn't be draining our water so that a big corporation can increase its profits. http://bit.ly/2oysG6V","2017-04-14T15:47:36+0000","photo","https://www.facebook.com/RepDanKildee/photos/a.485907264785269.106597.484166588292670/1544547275587924/?type=3","484166588292670_1544547275587924",NA,283,47,351
"484166588292670","Congressman Dan Kildee","I sent a letter today to the Michigan Department of Environmental Quality voicing my strong opposition to Nestlé dramatically increasing its water withdrawals from a well in Osceola County.  I support any company creating jobs in our state, but not at the cost of damaging our environment and depleting our state’s water resources. It's unfortunate that corporations are more concerned with their own profits than with protecting natural resources that support our state’s economy, jobs and way of life.","2017-04-13T19:13:06+0000","link","http://www.detroitnews.com/story/news/environment/2017/04/12/nestles-bid-water-withdrawal-riles-residents/100401374/","484166588292670_1543392212370097",NA,278,50,116
"484166588292670","Congressman Dan Kildee","Join me today at 2:30 p.m. ET! Details→ http://bit.ly/2owz5zE","2017-04-13T14:48:05+0000","link","http://www.mlive.com/news/bay-city/index.ssf/2017/04/us_rep_dan_kildee_in_bay_city.html","484166588292670_1543072249068760",NA,25,2,1
"484166588292670","Congressman Dan Kildee","I'm hosting coffee hours over the next two weeks, including this Thursday in Bay City! Come grab a cup of coffee with me to share your thoughts if you're in the area! More details→ http://bit.ly/2owz5zE","2017-04-11T23:35:12+0000","photo","https://www.facebook.com/RepDanKildee/photos/a.485907264785269.106597.484166588292670/1540463339329651/?type=3","484166588292670_1540463339329651",NA,77,8,36
"484166588292670","Congressman Dan Kildee","""The letter was spearheaded by Rep. Dan Kildee, who represents Flint, and signed by fellow Michigan Democratic Reps. Debbie Dingell, Sandy Levin, Brenda Lawrence and John Conyers.  ""The lawmakers requested continuing emergency funds for Head Start and Early Head Start in Flint to expand programs for preschoolers affected by the lead-contaminated water and funding for the Centers for Disease Control and Prevention’s Childhood Lead Poisoning Prevention program to provide guidance about childhood lead poisoning."" http://bit.ly/2oSrLzw","2017-04-10T23:41:57+0000","link","http://thehill.com/policy/finance/328128-michigan-dems-press-for-flint-support-in-spending-bill","484166588292670_1539193479456637",NA,121,11,16
"484166588292670","Congressman Dan Kildee","Proud to stand with small business owners as we fight together to stop cuts to Great Lakes protection efforts.  The Great Lakes Restoration Initiative supports thousands of Michigan jobs. Our Great Lakes are huge job creators and that's why we must protect them from harm. http://bit.ly/2nhW51c","2017-04-09T14:00:00+0000","link","http://michiganradio.org/post/some-us-lawmakers-small-business-owners-worried-about-proposed-great-lakes-cuts","484166588292670_1533256990050286",NA,101,14,25
"484166588292670","Congressman Dan Kildee","I will fight the President's cuts to our Great Lakes in every way that I can.","2017-04-08T14:55:19+0000","video","https://www.facebook.com/RepDanKildee/videos/1533249780051007/","484166588292670_1533249780051007",NA,251,22,46
"484166588292670","Congressman Dan Kildee","Today marks the beginning of the Congressional Art Competition for Michigan’s Fifth District! Any high schooler can submit their artwork to my office, and the winner will get the chance to come to Washington, D.C. to see their artwork hung in the Capitol!  Visit my website for more details on the competition: www.dankildee.house.gov/services/art-competition","2017-04-07T14:00:00+0000","photo","https://www.facebook.com/RepDanKildee/photos/a.485907264785269.106597.484166588292670/1532979823411336/?type=3","484166588292670_1532979823411336",NA,29,6,46
"484166588292670","Congressman Dan Kildee","Public pressure -- in both the U.S. and Canada -- is growing to this dangerous nuclear waste site. Your voice is making a difference. This fight is not over -- continue speaking out.  Burying nuclear waste less than a mile from Lake Huron just doesn’t make sense. http://bit.ly/2oJbQCU","2017-04-06T23:00:00+0000","link","http://www.detroitnews.com/story/news/politics/2017/04/06/nuclear-waste/100129114/","484166588292670_1533322363377082",NA,105,16,71
"484166588292670","Congressman Dan Kildee","After what happened to my hometown of Flint, we must update federal law to provide greater transparency for families. Revising the outdated Lead and Copper Rule and lowering the action level of lead allowed in drinking water will not only protect public health, it will also restore public confidence in our water systems. That's what my new legislation, the NO LEAD Act, seeks to do.  We must learn from the failures of government that lead to the Flint water crisis to prevent a similar man-made emergency from happening elsewhere. Read my bill: http://bit.ly/2oEZVXm","2017-04-06T17:58:26+0000","link","https://t.co/eA7bDzmoGi","484166588292670_1533244146718237",NA,148,16,24
"484166588292670","Congressman Dan Kildee","""23 Republicans and 40 Democrats in Congress from Great Lakes states are pushing back against a Trump administration proposal to eliminate $300 million in Great Lakes environmental cleanup funding from the 2018 budget.""  We cannot put our Great Lakes in jeopardy – our jobs, our livelihood and our way of life are at stake. http://bit.ly/2nhW51c","2017-04-01T14:00:00+0000","link","http://www.mlive.com/news/index.ssf/2017/03/house_glri_support_letter.html","484166588292670_1523456337697018",NA,609,44,292
"484166588292670","Congressman Dan Kildee","Michiganders don't want to steal $50 million from efforts to protect the Great Lakes from invasive species like Asian carp to pay for the President's border wall. http://bit.ly/2nhW51c","2017-03-31T12:30:04+0000","video","https://www.facebook.com/RepDanKildee/videos/1523259241050061/","484166588292670_1523259241050061",NA,221,41,214
"484166588292670","Congressman Dan Kildee","I commend State Representative Tim Sneller, Darrin Camilleri and Abdullah Hammoud​ for their leadership to make Lansing more open and transparent. Their new ethics bills, modeled off of my legislation unveiled earlier this year, would be a big step forward-- Michigan currently ranks last when it comes to transparency in government.  Cleaning up government and holding lawmakers to higher ethical standards should not be a partisan issue. http://bit.ly/2jrfzCk","2017-03-30T22:45:00+0000","link","http://housedems.com/article/camilleri-hammoud-sneller-bills-would-increase-lansing-ethics","484166588292670_1523446801031305",NA,86,12,3
"484166588292670","Congressman Dan Kildee","It is outrageous that the President has not only proposed completely eliminating the Great Lakes Restoration Initiative next year, but now wants to immediately cut $50 million from the program this year to pay for his border wall.  We cannot put our Great Lakes in jeopardy – our jobs, our livelihood and our way of life are at stake. I will fight these cuts in any way that I can. http://bit.ly/2nhW51c","2017-03-29T22:30:11+0000","link","http://www.mlive.com/news/index.ssf/2017/03/trump_wants_immediate_50m_grea.html","484166588292670_1522322244477094",NA,609,258,2192
"484166588292670","Congressman Dan Kildee","Michiganders overwhelmingly agree that we should protect our waters from for-profit fish farming, commonly referred to as aquaculture. A recent poll found that 68 percent of Michiganders oppose aquaculture in the Great Lakes. Many conservation and environmental groups also are in favor of my legislation, including The Anglers of the Au Sable, Michigan Trout Unlimited and the Michigan United Conservation Clubs.  Read my bills to protect Michigan's waters: http://bit.ly/2kwiEkI","2017-03-27T22:00:00+0000","link","http://www.mlive.com/opinion/index.ssf/2017/03/ban_harmful_fish-farming_pract.html","484166588292670_1519541821421803",NA,182,9,47
"484166588292670","Congressman Dan Kildee","Oberon Day is practically a holiday in our great state of Michigan! Cheers to Bell's Brewery and all those celebrating responsibly today. Proud of our growing craft beer industry that is creating jobs right here in Michigan. #OberonDay17","2017-03-27T16:02:32+0000","link","http://www.mlive.com/beer/2017/03/finally_its_oberon_day_2017.html","484166588292670_1519364578106194",NA,137,8,27
"484166588292670","Congressman Dan Kildee","JUST IN: Republicans have abandoned their reckless health care bill! This is a victory for Michigan families, seniors and the 24 million Americans who would have lost coverage under #Trumpcare. To everyone who called your Member of Congress -- your voices stopped this terrible bill!","2017-03-24T20:06:32+0000","status",NA,"484166588292670_1515495155159803",NA,940,98,67
"484166588292670","Congressman Dan Kildee","Trumpcare will force Americans to pay more for worse care, impose an “age tax” on older Americans, and steal from Medicare. Under this plan, 24 million Americans will lose insurance coverage.   Today, I will vote no on this bad bill because my constituents deserve to know that when they get sick, they will have affordable insurance that covers their families.","2017-03-23T13:36:08+0000","video","https://www.facebook.com/RepDanKildee/videos/1513807498661902/","484166588292670_1513807498661902","Congressman Dan Kildee was live.",559,200,459
"484166588292670","Congressman Dan Kildee","Good news for Flint.","2017-03-23T12:55:47+0000","link","https://michiganpeninsulanews.com/news/3395-health-human-services-awards-5-5-million-toward-flint-early-head-start-expansion/","484166588292670_1513769701999015",NA,123,6,13
"484166588292670","Congressman Dan Kildee","With #Trumpcare, you pay higher costs for less care.","2017-03-22T22:45:00+0000","photo","https://www.facebook.com/RepDanKildee/photos/a.485907264785269.106597.484166588292670/1510354672340518/?type=3","484166588292670_1510354672340518",NA,65,35,433
"484166588292670","Congressman Dan Kildee","These deep cuts are very troubling. We should be investing in our children's future -- not defunding schools, teacher training and after-school programs. I will fight these proposed cuts in Congress.","2017-03-22T12:00:00+0000","link","http://www.mlive.com/news/index.ssf/2017/03/trumps_budget_would_scrap_120m.html","484166588292670_1511295305579788",NA,101,28,66
"484166588292670","Congressman Dan Kildee","March is National Reading Month! This week, I visited Edgerton Elementary School in Clio to read The Babe and I to students and talk about why reading every day is so important!","2017-03-21T22:49:44+0000","photo","https://www.facebook.com/RepDanKildee/photos/a.485907264785269.106597.484166588292670/1511728952203090/?type=3","484166588292670_1511728952203090",NA,104,2,10
"484166588292670","Congressman Dan Kildee","Spoke on the House floor today about what #Trumpcare means for you and your family:  ❌ higher costs for less care ❌ 24 million lose insurance ❌ ""Age tax"" on older Americans age 50-64 ❌ HUGE tax breaks for millionaires & insurance CEOs  My constituents have overwhelmingly contacted me telling me to reject this reckless health care plan.","2017-03-21T18:12:09+0000","video","https://www.facebook.com/RepDanKildee/videos/1511560208886631/","484166588292670_1511560208886631",NA,179,54,76
"484166588292670","Congressman Dan Kildee","Two things we learned from FBI Director Comey's testimony today:  ➜ The FBI is investigating possible coordination between the Trump campaign and Russian officials during the 2016 election.  ➜ There is no evidence that supports President Trump's claim to have been wiretapped by President Obama.  The American people deserve nothing less than the truth. Our national security is at stake: http://bit.ly/2mIx1Aj","2017-03-20T22:30:00+0000","photo","https://www.facebook.com/RepDanKildee/photos/a.485907264785269.106597.484166588292670/1510285632347422/?type=3","484166588292670_1510285632347422",NA,152,47,26
"484166588292670","Congressman Dan Kildee","The Great Lakes are big job creators—generating billions of dollars in economic activity and supporting over a million jobs in the tourism, boating and fishing industries.  That’s why there is strong bipartisan opposition to the Trump administration’s recent budget that eliminates Great Lakes protection efforts. http://bit.ly/2nrZBL9","2017-03-20T16:00:01+0000","link","http://www.cm-life.com/article/2017/03/column-kildee-says-trump-epa-cuts-would-be-disaster-for-mi-17","484166588292670_1510077985701520",NA,83,14,15
"484166588292670","Congressman Dan Kildee","Meals on Wheels America helps to feed over 500,000 veterans a year, in addition to millions of other elderly Americans. The President's ""America First"" budget cuts federal funding for these meals that last year helped to feed 2.4 million seniors.   These irresponsible cuts don't put ""America First"", and I'll fight them in Congress in any way that I can.","2017-03-19T22:00:00+0000","link","http://www.freep.com/story/sports/columnists/mitch-albom/2017/03/18/meals-wheels-trump-budget-albom/99325522/","484166588292670_1509044599138192",NA,238,44,149
"484166588292670","Congressman Dan Kildee","My legislation is simple: it raises the bar for state lawmakers to be more open and transparent with their constituents and follow the same ethics standards for federal lawmakers. This legislation is important so that we can restore people's trust in government.  Read my bills to clean up state government: http://bit.ly/2jrfzCk","2017-03-19T13:49:29+0000","link","http://www.mlive.com/news/index.ssf/2017/03/4_ethics_rules_your_federal_la.html","484166588292670_1508993899143262",NA,198,26,38
"484166588292670","Congressman Dan Kildee","Good news for families in Flint, who have already waited far too long for their water system to be fixed. http://bit.ly/2mXo49G  After a hard-fought victory to secure $100 million in assistance last year, Flint will finally begin receiving funding to repair and replace the pipes. The people of Flint are strong and resilient, and along with Senator Debbie Stabenow and Senator Gary Peters, I will continue to fight for the resources and assistance Flint needs.","2017-03-17T15:56:45+0000","link","http://www.wilx.com/content/news/EPA-approves-100M-in-federal-emergency-funding-for-Flint-416437753.html","484166588292670_1506788749363777",NA,387,49,174
"484166588292670","Congressman Dan Kildee","Cutting all efforts to protect our Great Lakes will not make Michigan, or America, ""great again."" Instead, it will jeopardize our economy, our jobs and our way of life. http://bit.ly/2nrZBL9","2017-03-16T22:45:00+0000","link","http://www.clickondetroit.com/news/mi-congressman-trumps-budget-says-our-way-of-life-in-michigan-doesnt-matter","484166588292670_1505782922797693",NA,254,64,335
"484166588292670","Congressman Dan Kildee","Initial reports were that the President was going to cut Great Lakes protection efforts by 97%. His budget unveiled today is worse -- it completely eliminates 100% of the funding to protect the Great Lakes, including funding to combat invasive species like Asian carp.  Such irresponsible cuts will open up our Great Lakes to major threats—not just to our environment, but our economy. The Great Lakes generate billions in economic activity each year and support 1.5 million good-paying jobs in the tourism, boating and fishing industries.  I will fight these reckless cuts in every way that I can. My full statement: http://bit.ly/2nrZBL9","2017-03-16T16:11:57+0000","link","http://www.mlive.com/news/index.ssf/2017/03/trump_budget_eliminates_great.html","484166588292670_1505722192803766",NA,247,134,1494
"484166588292670","Congressman Dan Kildee","Permanently storing nuclear waste less than a mile from Lake Huron just doesn’t make sense and poses a great risk to our Great Lakes.  Read my new resolution, introduced with Senator Debbie Stabenow and Senator Gary Peters, opposing Canada's plan to bury nuclear waste near the Great Lakes: http://bit.ly/2nnm2B3","2017-03-15T13:58:54+0000","link","http://www.detroitnews.com/story/news/politics/2017/03/15/nuclear-lake-huron/99202832/","484166588292670_1504503886258930",NA,204,33,169
"484166588292670","Congressman Dan Kildee","TrumpCare = higher costs and worse care for hardworking families. All while millionaires and insurance CEOs get a new $400 million tax break.  This is another shameful giveaway to the wealthiest Americans that my constituents have told me that they are sick and tired of.","2017-03-13T13:15:45+0000","link","http://fusion.net/story/391512/republican-health-care-bill-awards-rich/","484166588292670_1502149059827746",NA,145,81,146
"484166588292670","Congressman Dan Kildee","Simply put, Sergeant First Class Cameron Corder, of Clio, is a hero. He put on the uniform and served his country in combat.  Now, after being injured in Afghanistan, the U.S. Army is continuing to deny Cameron the support he has earned and deserves. It's a clear case of bureaucratic red tape delaying care for a wounded warrior. His treatment is completely unacceptable.  The Army should be finding every way it can to help wounded warriors like Cameron. I'm fighting to get his case resolved.","2017-03-11T14:26:48+0000","link","http://www.militarytimes.com/articles/injured-solider-corder-tsgli-fight","484166588292670_1499622890080363",NA,88,27,41
"484166588292670","Congressman Dan Kildee","I'm wearing red on International Women's Day to stand in solidarity with women in the fight for equal pay, reproductive rights, paid family leave and affordable health care.   Today's #DayWithoutAWoman is a powerful reminder of the many contributions women make to our economy and society.","2017-03-08T16:26:23+0000","photo","https://www.facebook.com/RepDanKildee/photos/a.485907264785269.106597.484166588292670/1495808477128471/?type=3","484166588292670_1495812317128087","Congressman Dan Kildee added 2 new photos.",341,22,9
"484166588292670","Congressman Dan Kildee","There's no shortage of issues that Democrats and Republicans disagree about. Thankfully, protecting the Great Lakes isn't one of those issues.  Read my piece in The Hill about why both parties should oppose a 97 percent cut proposed by the President to Great Lakes protection efforts ➜ http://bit.ly/2mUE11i  Simply put, our livelihood, our jobs and our way of life depends on having clean and vibrant Great Lakes. We must protect them from harm.","2017-03-07T23:45:03+0000","link","http://thehill.com/blogs/congress-blog/energy-environment/322646-proposed-great-lakes-restoration-cuts-would-damage","484166588292670_1494821797227139",NA,173,18,55
"484166588292670","Congressman Dan Kildee","After his first ban was unanimously blocked by federal judges, the President is attempting to repackage the same unconstitutional and un-American policy under the disguise of a new order.   This ban will make America less safe.   Even the President’s own Department of Homeland Security disputes the effectiveness of such a ban, saying that banning people based on where they are from is ‘unlikely to be a reliable indicator of potential terrorist activity.’ http://bit.ly/2lTFmS2","2017-03-06T18:19:27+0000","link","http://www.mlive.com/news/flint/index.ssf/2017/03/kildee_calls_new_trump_travel.html","484166588292670_1493414290701223",NA,141,66,47
"484166588292670","Congressman Dan Kildee","President Trump wants to slash funding to protect our Great Lakes from invasive species like Asian Carp by 97 percent so he can spend $54 billion more on the military. His proposed budget is reckless and dangerous.","2017-03-04T13:00:00+0000","link","http://www.mlive.com/news/index.ssf/2017/03/trump_great_lakes_backlash.html","484166588292670_1490160014359984",NA,295,81,387
"484166588292670","Congressman Dan Kildee","Cutting the Great Lakes protection efforts by 97 percent, including funding to combat invasive species like Asian Carp, would put the world’s largest freshwater supply and our way of life at risk.   Protecting the Great Lakes has never been a partisan issue and it shouldn’t be now under a new administration. http://bit.ly/2ln3znC","2017-03-03T20:11:56+0000","link","http://michiganradio.org/post/michigans-congressional-delegation-pushes-back-against-proposed-great-lakes-funding-cut","484166588292670_1490077834368202",NA,597,60,366
"484166588292670","Congressman Dan Kildee","I will fight these careless cuts to Great Lakes protection efforts in every way that I can.","2017-03-03T13:45:10+0000","link","http://www.mlive.com/news/index.ssf/2017/03/trump_great_lakes_epa_cuts.html","484166588292670_1489660214409964",NA,685,154,800
"484166588292670","Congressman Dan Kildee","During his confirmation hearing, Attorney General Jeff Sessions told Congress under oath that he ""did not have communications with the Russians"" during the campaign.  We now know that statement is false. http://bit.ly/2miF0aP  Corruption and lying by public officials cannot be tolerated whatsoever. The Attorney General must resign.","2017-03-02T14:49:13+0000","link","https://www.washingtonpost.com/world/national-security/sessions-spoke-twice-with-russian-ambassador-during-trumps-presidential-campaign-justice-officials-say/2017/03/01/77205eda-feac-11e6-99b4-9e613afeb09f_story.html?hpid=hp_hp-top-table-main_no-name%3Ahomepage%2Fstory&utm_term=.2d8d63eb8163","484166588292670_1488552347854084",NA,103,102,45
"484166588292670","Congressman Dan Kildee","Ahead of the President's address to Congress, I'm sitting down with the Independent Journal Review to discuss what my constituents have told me they want to hear tonight: how we create good-paying jobs, grow our economy, fix our crumbling roads and bridges and renegotiate fair trade deals.  Watch our conversation live ⤵️","2017-02-28T18:39:51+0000","video","https://www.facebook.com/injopolitics/videos/1078964998874152/","484166588292670_1486546764721309","Congressman Dan Kildee shared IJR Politics's live video — at United States Capitol.",45,13,0
"484166588292670","Congressman Dan Kildee",NA,"2017-02-28T13:07:19+0000","link","http://www.rollcall.com/news/hoh/flint-meets-travel-ban-front-trump","484166588292670_1486276564748329","Congressman Dan Kildee shared a link.",227,21,30
"484166588292670","Congressman Dan Kildee","A budget is a statement of our nation’s values. We should be making investments in policies that create good-paying jobs here in America and provide more opportunity for working families. Unfortunately, the President’s budget prioritizes the wrong things:  ❌ Huge increases in military programs – $54 billion in more spending that the generals haven't even asked for. (This also comes after The Washington Post reports that the Pentagon buried evidence of $125 billion in bureaucratic waste!)  ❌ Drastic cuts to the Environmental Protection Agency, slashing billions in programs protecting our air and water. These cuts would gut the agency focused on preventing the next Flint water crisis.   This is not the responsible federal budget that my constituents expect and deserve: http://bit.ly/2lrSCwV","2017-02-28T01:32:28+0000","link","http://www.mlive.com/news/flint/index.ssf/2017/02/kildee_calls_president_trumps.html","484166588292670_1485719581470694",NA,87,57,50
"484166588292670","Congressman Dan Kildee","“I am honored to attend the presidential address with Congressman Kildee. A true public servant, Congressman Kildee has been a relentless force in successfully constructing a bipartisan consensus for Flint relief.  He continues to advocate for the long-term recovery of our Flint kids."" -- Dr. Mona Hanna-Attisha","2017-02-23T23:15:00+0000","link","http://www.mlive.com/news/flint/index.ssf/2017/02/dr_mona_gets_invitation_to_pre.html#incart_2box_news_flint","484166588292670_1481078455268140",NA,168,10,20
"484166588292670","Congressman Dan Kildee","I'm pleased to invite Dr. Mona Hanna-Attisha to be my guest at next week's joint session address by President Donald J. Trump.  Simply put, Dr. Mona is a hero. Her persistence helped to expose the Flint water crisis and she has been an incredible partner as we have fought to get federal aid for families. Her personal story of coming to America from Iraq also reminds us of the many important contributions immigrants make to our nation. http://bit.ly/2l3weJp","2017-02-23T15:31:43+0000","photo","https://www.facebook.com/RepDanKildee/photos/a.485907264785269.106597.484166588292670/1480626655313320/?type=3","484166588292670_1480626655313320",NA,603,41,59
"484166588292670","Congressman Dan Kildee","My new legislation would address harmful commercial fish farming practices – known as aquaculture – that are a threat to both the Great Lakes and federally designated “Wild and Scenic Rivers,” including the Au Sable River. Aquaculture, if not done correctly, can lead to pollution, disease and invasive species.  Sadly, other states have seen aquaculture pollute waterways, subsequently crippling local economies. A commercial fish farm facility in Pennsylvania on Big Spring Creek – once a famous trout stream – collapsed the region’s fishing industry in the 1970s. We can't let that happen to our $4 billion fishing industry in Michigan that drives our economy and supports thousands of jobs. http://bit.ly/2kwiEkI","2017-02-22T23:52:01+0000","video","https://www.facebook.com/RepDanKildee/videos/1469215736454412/","484166588292670_1469215736454412",NA,65,7,16
"484166588292670","Congressman Dan Kildee","""In at least one instance, School Reform Office told a River Rouge parent to consider new schools as far as 45 miles away.""  Such school closures would create incredible burdens on working parents and students, especially those who depend on public transportation to attend schools. http://bit.ly/2kIvU7h","2017-02-22T12:00:00+0000","link","http://www.mlive.com/news/index.ssf/2017/02/congressional_democrats_urge_s.html","484166588292670_1478979652144687",NA,47,17,21
"484166588292670","Congressman Dan Kildee","By closing schools without providing them the resources they need to improve performance, our state is setting Michigan schools and our kids up for failure.  All kids deserve great schools. The answer is not to close schools, but to invest in what works – smaller class sizes, better instructional material and support for teachers. Our state is not providing many of these schools, especially in low-income areas, with the resources they need to educate our children. State budget cuts to K-12 education certainly haven't helped either.  Read our letter to Governor Rick Snyder: http://bit.ly/2kIvU7h","2017-02-21T23:52:00+0000","link","http://www.freep.com/story/news/local/michigan/2017/02/21/snyder-school-closures-michigan-detroit/98200844/","484166588292670_1478732498836069",NA,227,30,35
"484166588292670","Congressman Dan Kildee","There's an implicit bias against older cities, particularly majority-minority communities like Flint. It's hard for me to imagine the same indifference and delayed response happening if this water crisis were to have happened in a more affluent community.","2017-02-21T19:23:37+0000","link","http://www.freep.com/story/opinion/columnists/nancy-kaffer/2017/02/20/time-speak-up-racism-flint-water-crisis/98061076/","484166588292670_1478761158833203",NA,277,46,160
"484166588292670","Congressman Dan Kildee","""Only 8% of Michigan voters favor repealing the 2010 Affordable Care Act — also known as Obamacare — without first putting in place a new plan that presumably would offer some, if not many, of the same coverage options and protections.""","2017-02-16T14:09:12+0000","link","http://www.freep.com/story/news/local/michigan/2017/02/15/michigan-poll-most-like-obamacare-want-replacement/97958666/","484166588292670_1472271826148803",NA,120,45,28
"484166588292670","Congressman Dan Kildee","Congress must call a bipartisan and independent commission to fully investigate the troubling connections between the Trump Administration and Russia.  Our national security is at stake and the American people deserve no less than the absolute truth. http://bit.ly/2lkBEmN","2017-02-15T23:45:00+0000","link","http://www.mlive.com/news/saginaw/index.ssf/2017/02/us_rep_kildee_calls_for_invest.html","484166588292670_1471320269577292",NA,1009,132,122
"484166588292670","Congressman Dan Kildee","Our competitiveness in a global economy relies on ensuring Michiganders can afford to go to college.  That's why I'm partnering with Rep Tim Walberg to sponsor new legislation that allows families to save more money tax-free for higher education-related expenses.  Read more about our bipartisan legislation: http://bit.ly/2lKSL2u","2017-02-15T15:30:02+0000","link","http://www.monroenews.com/news/20170214/walberg-kildee-push-bill-to-help-families-save-for-education","484166588292670_1471055849603734",NA,87,15,10
"484166588292670","Congressman Dan Kildee","Congratulations Bay City on winning the 2016 Port of the Year award! The Tall Ship Celebration is a beloved tradition thanks to BaySail - Appledore Tall Ships, volunteers and community members that dedicate their time to make sure ships from around the world can dock in Bay City. http://bit.ly/2lJo3U4","2017-02-14T23:45:00+0000","link","http://bit.ly/2lJo3U4","484166588292670_1470166969692622",NA,108,1,14
"484166588292670","Congressman Dan Kildee","It is wrong that the Governor is ending water bill credits. This crisis is not over and Flint families need the state to step up and do more. http://bit.ly/2kkN7Uj","2017-02-13T23:45:00+0000","video","https://www.facebook.com/RepDanKildee/videos/1469216103121042/","484166588292670_1469216103121042",NA,122,30,75
"484166588292670","Congressman Dan Kildee","""Mona Hanna-Attisha is fearful of what immigration reform may mean for the future of the U.S. in the wake of a recent attempt by President Trump to curb immigration. The doctor, whose report in September 2015 showed elevated blood lead levels in Flint children, penned an op-ed about her upbringing as the child of Iraqi immigrants."" http://nyti.ms/2kZGZxT","2017-02-13T13:33:14+0000","link","http://www.mlive.com/news/flint/index.ssf/2017/02/flint_water_doc_fears_american.html","484166588292670_1468802026495783",NA,139,22,60
"484166588292670","Congressman Dan Kildee","""The Anglers of the Au Sable applauds Congressman Kildee for addressing an overlooked Great Lakes water issue-- the introduction of pollutants by fish farms into the Lakes and connecting waterways. It is vital that fish farms be operated in a way that protects the cleanliness of our rivers and lakes.""  Read my legislation to protect Michigan's freshwater and the $4 billion each year contributed to our economy: http://bit.ly/2kwiEkI","2017-02-12T23:15:58+0000","link","http://www.freep.com/story/news/local/michigan/2017/02/10/fish-farming-great-lakes/97736330/","484166588292670_1468174833225169",NA,207,11,40
"484166588292670","Congressman Dan Kildee","Saddened by the news of Mike's passing. You don't have to look far to see his many contributions in sports, business or the community.  Jennifer and I extend our deepest sympathies to the Ilitch family.","2017-02-11T01:44:46+0000","link","http://www.freep.com/story/money/business/columnists/2017/02/10/ilitch-detroit-pizza-red-wings-tigers-hockey-forbes/91475642/","484166588292670_1466066723435980",NA,157,12,49
"484166588292670","Congressman Dan Kildee","Whether it's invasive species like Asian Carp, Canada’s plan to store nuclear waste on Lake Huron, or the threat of commercial fish farming, I will always fight to protect Michigan’s Great Lakes and rivers -- our economy and jobs depend on it.  Read my new legislation that would ban harmful aquaculture practices in both the Great Lakes and federally-recognized rivers, including the Au Sable River ➡️  http://bit.ly/2kwiEkI","2017-02-10T17:00:08+0000","photo","https://www.facebook.com/RepDanKildee/photos/a.485907264785269.106597.484166588292670/1464623163580336/?type=3","484166588292670_1464623163580336","Congressman Dan Kildee at Red Fox Outfitters.",189,26,18
"484166588292670","Congressman Dan Kildee","Before Valentine's Day, we're highlighting all of the great things we LOVE about the Fifth District! Constituents have been stopping by our Flint office to write their favorite things about our community.  Stop on by and put up a heart! Or comment below with what you love about the Fifth District and we'll put it up for you ⤵","2017-02-10T13:45:02+0000","photo","https://www.facebook.com/RepDanKildee/photos/a.485907264785269.106597.484166588292670/1464672153575437/?type=3","484166588292670_1464672153575437",NA,41,8,7
"484166588292670","Congressman Dan Kildee","JUST IN: A federal appeals court unanimously blocked President Trump's travel ban.   Not only is this ban morally wrong, it makes America less safe.","2017-02-09T23:42:41+0000","link","http://www.cnn.com/2017/02/09/politics/travel-ban-9th-circuit-ruling/index.html","484166588292670_1464867436889242",NA,399,54,31
"484166588292670","Congressman Dan Kildee","Like many Michiganders, I have fond memories spending time up north on Michigan's Great Lakes or beautiful rivers like the Au Sable. Our water is precious, and our state's economy relies on it, so we must always protect it from harm.  I'm unveiling new legislation today in Fenton to protect Michigan's water resources from a new threat: for-profit commercial fishing, commonly known as aquaculture. Watch live:","2017-02-09T15:06:55+0000","video","https://www.facebook.com/RepDanKildee/videos/1464431046932881/","484166588292670_1464431046932881","Congressman Dan Kildee was live — at Red Fox Outfitters.",408,78,139
"484166588292670","Congressman Dan Kildee","I am beyond disappointed to see Betsy DeVos become our next Education Secretary. Her failed experiment in Michigan pushing unregulated and unaccountable charter schools has led to terrible results for our children, who will bear the greatest burden of today’s vote.  It’s also no coincidence that Betsy and the DeVos family have donated hundreds of thousands of dollars to many of the Senators who just voted to give her this job. Betsy DeVos is a billionaire who used her family’s fortune to push her special interest agenda and buy herself a Cabinet seat. http://bit.ly/2kEsKy5","2017-02-07T19:38:58+0000","link","http://www.cnn.com/2017/02/07/politics/betsy-devos-senate-vote/index.html","484166588292670_1462408983801754",NA,492,246,309
"484166588292670","Congressman Dan Kildee","Such wonderful news to see Ammar and Tareq back in America!","2017-02-06T19:31:55+0000","link","http://www.freep.com/story/news/local/michigan/2017/02/06/yemeni-brothers-allowed-us-despite-order-headed-flint/97551590/","484166588292670_1460930937282892",NA,170,14,9
"484166588292670","Congressman Dan Kildee","My constituents are very opposed to Canada permanently storing nuclear waste less than a mile from Lake Huron.  So far, 186 local, county and state governments representing nearly 23 million people in the U.S. and Canada have passed resolutions opposing the proposed nuclear waste repository.   Learn more about our bipartisan efforts to stop this plan and protect the Great Lakes: http://bit.ly/2kTFBwc","2017-02-02T13:30:01+0000","link","http://michiganradio.org/post/michigan-congressmen-urge-us-and-canadian-governments-reject-nuclear-waste-site-near-lake-huron","484166588292670_1455176397858346",NA,199,18,49
"484166588292670","Congressman Dan Kildee","Burying nuclear waste less than a mile from Lake Huron -- as Canada is considering -- just doesn’t make sense and is too much of a risk to take.  Proud to lead 23 Members of Congress today -- Democrats and Republicans -- in calling attention to this threat to our Great Lakes. Canada should consider a different location for a site.  Surely in the vast land mass that comprises Canada, there must be a better place to permanently store nuclear waste than on the shores of Lake Huron. Read our latest action: http://bit.ly/2kTFBwc","2017-02-01T23:45:01+0000","link","http://dankildee.house.gov/reps-kildee-duffy-lead-bipartisan-letter-highlighting-opposition-to-proposed-canadian-nuclear-waste-facility/","484166588292670_1455170317858954",NA,306,52,103
"484166588292670","Congressman Dan Kildee","After a long and bruising campaign, I was hoping President Donald J. Trump would choose a mainstream nominee for the High Court. Sadly, Judge Gorsuch appears to be anything but mainstream.   I have deep concerns with Judge Gorsuch’s record of prioritizing corporate special interests at the expense of working families. Judge Gorsuch was also a strong supporter of the Hobby Lobby decision, which allowed employers to deny women access to contraception based on religious beliefs.  Michigan families deserve a Justice that will respect women, workers and the civil rights of all Americans. http://bit.ly/2kPwSyg","2017-02-01T02:50:00+0000","photo","https://www.facebook.com/RepDanKildee/photos/a.485907264785269.106597.484166588292670/1454189641290355/?type=3","484166588292670_1454189641290355",NA,218,156,46
"484166588292670","Congressman Dan Kildee","I am grateful to my colleagues for electing me the Vice Ranking Member of the House Committee on Financial Services!  I look forward to continuing my work on the committee in this new leadership position to protect consumers, help ensure that hardworking families can find affordable housing and expand opportunities for small businesses to get access to capital. http://bit.ly/2jAkRHV","2017-01-31T22:40:10+0000","link","http://bit.ly/2jAkRHV","484166588292670_1454001927975793",NA,723,125,45
"484166588292670","Congressman Dan Kildee","Today is the last day to get health care coverage under the Affordable Care Act! Visit www.healthcare.gov to find a plan, enroll and see if you qualify for subsidies.  Hardworking families deserve to know that when they get sick, they will have access to quality health care and affordable prescription drugs. That was the intention of the ACA from the beginning and it remains true today.","2017-01-31T17:19:19+0000","photo","https://www.facebook.com/RepDanKildee/photos/a.485907264785269.106597.484166588292670/1453734578002528/?type=3","484166588292670_1453734578002528",NA,32,16,9
"484166588292670","Congressman Dan Kildee","Shameful.","2017-01-31T13:00:07+0000","link","http://www.metrotimes.com/news-hits/archives/2017/01/30/michigan-attorney-general-bill-schuette-breaks-days-long-silence-on-muslim-ban-to-side-with-trump","484166588292670_1452972211412098",NA,205,208,109
"484166588292670","Congressman Dan Kildee","Thank you, Sally Yates, for your courage. It's not the Attorney General's job to be a rubber stamp for the President -- Democrat or Republican. The Attorney General's job is to defend the U.S. Constitution. President Trump's refugee ban is illegal.","2017-01-31T03:15:23+0000","link","http://www.cnn.com/2017/01/30/politics/donald-trump-immigration-order-department-of-justice/","484166588292670_1453102541399065",NA,1078,154,149
"484166588292670","Congressman Dan Kildee","Attorney General Bill Schuette-- you cannot stay silent. President Trump's Muslim ban is unconstitutional, un-American, and makes us less safe.  I led a letter today with Michigan's Democratic congressional delegation demanding Schuette join other Attorneys General in challenging this dangerous executive order, which is in clear violation of our Constitution. Read our letter: http://bit.ly/2jONv93","2017-01-30T23:03:00+0000","link","http://www.upmatters.com/news/local-news/michigan-politicians-petition-attorney-general/647303916","484166588292670_1452938161415503",NA,363,116,47
"484166588292670","Congressman Dan Kildee","I'll be holding a live discussion on Cheddar at 9:30 a.m. ET discussing President Donald J. Trump's Muslim ban and how the administration's new EPA directives could impact federal aid getting to Flint as the city recovers from the water crisis.  Hope you can tune in! Watch live at the link below ⤵","2017-01-30T13:58:17+0000","video","https://www.facebook.com/cheddar/videos/1795249020795828/","484166588292670_1452479321461387","Congressman Dan Kildee shared Cheddar's live video.",35,18,0
"484166588292670","Congressman Dan Kildee","In a joint statement, Dan Kildee, Congressman John Conyers, Jr., Rep. Debbie Dingell slammed Trump’s directive as a “thinly veiled ban on entry based on religion.""  “As members of Congress, we take a back seat to no one in our nation’s efforts to combat the ongoing threat of terrorism. That is why our refugee system already extensively vets and confirms every individual seeking entry to our country, subjecting them to a series of security screenings and checking against multiple law enforcement databases. But giving in to our worst fears -- as this order does -- will do nothing to make America safer or weaken our adversaries.”","2017-01-29T19:18:50+0000","link","http://www.detroitnews.com/story/news/politics/2017/01/29/mich-republicans-assail-trumps-immigration-order/97211766/","484166588292670_1451689088207077",NA,328,50,44
"484166588292670","Congressman Dan Kildee","This is not who we are as a country. We are better than this.","2017-01-28T19:00:10+0000","link","https://www.buzzfeed.com/stephaniemcneal/an-iraqi-who-helped-the-us-military-is-among-the-first-to-be?utm_term=.qePa7EQn0R#.madxO5WZX2","484166588292670_1450606151648704",NA,367,113,297
"484166588292670","Congressman Dan Kildee","This is morally wrong and not consistent with our American values. Such a blanket policy stigmatizes an entire religion and casts doubt upon thousands of peaceful Muslims in Michigan who are our neighbors, co-workers and friends. Counterterrorism experts have voiced concern that such bans are a powerful recruiting tool for terrorists trying to do us harm. President Trump’s policy could make America less safe.‎  Right now, refugees from all countries undergo thorough security screenings before they are allowed into the U.S., including screenings by counterterrorism, FBI, Homeland Security and Department of Defense officials. This rigorous security assessment includes fingerprinting, background checks and in-person interviews. In total, this process takes up to two years to ensure that refugees entering the U.S. have been thoroughly vetted.  We must also remember that refugees who are fleeing their homes— overwhelmingly women and children — are victims of terror themselves. With vigorous safeguards I know that we can both protect the security of Americans while honoring our country’s values to help the vulnerable and oppressed. http://bit.ly/2kEijJI","2017-01-28T16:00:48+0000","link","http://www.cnn.com/2017/01/27/politics/donald-trump-refugees-executive-order/index.html","484166588292670_1450503101659009",NA,517,191,500
"484166588292670","Congressman Dan Kildee","It is no surprise that Governor Rick Snyder and I have had disagreements on policy, particularly on his handling of the Flint water crisis. But when it comes to supporting the Affordable Care Act, particularly Medicaid expansion like Michigan's ""Healthy Michigan"" program, the Governor and I agree.  Medicaid expansion in Michigan has worked. 646,745 Michiganders have affordable health insurance through this expansion thanks to Obamacare.  I will work with anyone, including Governor Snyder, to make sure that Republicans in Congress do not repeal affordable health insurance for Michigan families offered under the Affordable Care Act.","2017-01-27T18:07:51+0000","video","https://www.facebook.com/RepDanKildee/videos/1449591195083533/","484166588292670_1449591195083533",NA,303,35,65
"484166588292670","Congressman Dan Kildee","Thanks to Julia of West Bloomfield Township for telling her story about how her family, including her children — Eleanor, 9, Sadie, 8, Avery, 7, and Alice, 4 — all get their health care through the Affordable Care Act.  The ACA isn't perfect, and I'm open to working with Republicans and Democrats to improve the law. But repealing the law in its entirety— without any replacement — is irresponsible and dangerous.","2017-01-26T23:45:01+0000","link","http://www.detroitnews.com/story/opinion/columnists/bankole-thompson/2017/01/26/bankole-trump-listen-moms-plea/97073924/","484166588292670_1448316458544340",NA,134,30,14
"484166588292670","Congressman Dan Kildee","Proud to be a Michigander every day. Wishing the best state in the nation the happiest of birthdays!","2017-01-26T14:59:13+0000","photo","https://www.facebook.com/RepDanKildee/photos/a.485907264785269.106597.484166588292670/1448245605218092/?type=3","484166588292670_1448245605218092",NA,183,4,60
"484166588292670","Congressman Dan Kildee","Throughout his campaign, which included a visit to Flint, President Donald J. Trump pledged to help the city recover from the ongoing water crisis.  Given his campaign promises, and Congress already acting on relief for Flint families, I strongly oppose any actions by his administration that could delay resources getting to Flint. http://bit.ly/2kfzphC","2017-01-25T13:14:17+0000","video","https://www.facebook.com/RepDanKildee/videos/1446978112011508/","484166588292670_1446978112011508",NA,147,35,60
"484166588292670","Congressman Dan Kildee","I am concerned that President Donald J. Trump's directive to halt all EPA grants and agreements may jeopardize much-needed federal funding, already passed by Congress, from quickly and directly reaching Flint families recovering from the ongoing water crisis.  Read my letter to the President with Senator Debbie Stabenow and Senator Gary Peters: http://bit.ly/2kfzphC","2017-01-24T22:34:43+0000","link","http://www.freep.com/story/news/politics/2017/01/24/flint-epa-grant-water-crisis/97008638/","484166588292670_1446181818757804",NA,312,52,321
"484166588292670","Congressman Dan Kildee","Sleeping Bear Dunes -- one of the 21 top beaches on Earth! Great recognition for Michigan.","2017-01-24T18:15:08+0000","link","http://www.freep.com/story/news/local/michigan/2017/01/24/sleeping-bear-sand-dunes-national-geographic/96983328/","484166588292670_1445876518788334",NA,540,15,173
"484166588292670","Congressman Dan Kildee","I'm very disappointed that President Donald J. Trump has signed an executive order that means working families will pay potentially hundreds of dollars more out-of-pocket each year for their home mortgages.   Making homeownership harder isn’t making America ‘great’ – it is turning your back on families that you promised to support. http://bit.ly/2jq1lyI","2017-01-24T14:54:46+0000","video","https://www.facebook.com/RepDanKildee/videos/1445754988800487/","484166588292670_1445754988800487",NA,528,142,474
"484166588292670","Congressman Dan Kildee","Read this deeply personal story from Michele, a Detroit mother who has seen first-hand the consequences of Betsy DeVos' failed education policies at schools in her family's community.  I'm opposed to Betsy DeVos' nomination to be our next Education Secretary: http://bit.ly/2k9Ujif","2017-01-23T20:04:03+0000","link","http://www.huffingtonpost.com/entry/detroit-mother-betsy-devos_us_58860d87e4b096b4a232ebc3","484166588292670_1444800748895911",NA,609,61,330
"484166588292670","Congressman Dan Kildee","I congratulate President Donald Trump on his inauguration as President of the United States. I hope that after a bitter and partisan campaign, President Trump will rise to the occasion and be a president for all Americans. http://bit.ly/2kaGdR0  Like many, I have continued concerns with President Trump’s rhetoric and temperament. Tomorrow, I will join thousands of Michiganders who are marching on Washington to speak out against the reckless policies President Trump has already prioritized that would take our country in the wrong direction. My constituents want me to hold the new President and Republicans in Congress accountable and I intend to do so over the coming years.","2017-01-20T17:08:11+0000","photo","https://www.facebook.com/RepDanKildee/photos/a.485907264785269.106597.484166588292670/1441078002601519/?type=3","484166588292670_1441078002601519",NA,590,116,34
"484166588292670","Congressman Dan Kildee","I am deeply saddened by the passing of Lenore Croudy. Lenore was a passionate and devoted community leader and Flint will miss her dearly.   Jennifer and I extend our condolences to Lenore’s family during this difficult time. http://bit.ly/2iORjWR","2017-01-19T19:01:07+0000","link","http://nbc25news.com/news/local/mott-community-college-remembers-lenore-croudy","484166588292670_1440155906027062",NA,113,21,100
"484166588292670","Congressman Dan Kildee","""Michigan Governor Rick Snyder mentioned the Flint water crisis 34 minutes into his ""State of the State"" address Tuesday. For Congressman Dan Kildee, whose congressional district includes the city, that 34-minute wait was too long.""   This is an ongoing emergency. Families are still using bottled water and filters. Where is the urgency by the state? http://bit.ly/2j7ja5n","2017-01-18T17:53:01+0000","link","http://www.cnn.com/2017/01/17/us/michigan-governor-flint-state-address/index.html?sr=twCNN011817michigan-governor-flint-state-address0415AMStoryLink&linkId=33498452","484166588292670_1438990796143573",NA,97,26,39
"484166588292670","Congressman Dan Kildee","Governor Rick Snyder has failed Flint families. It is disgraceful that a city of 100,000 people still doesn’t have clean drinking water and the Governor could barely devote two minutes of his State of the State to Flint.   Just two minutes dedicated to Flint? Really? This is an ongoing emergency– people in my hometown are still drinking bottled water and using filters. The Governor is either completely aloof or simply doesn’t care about Flint. http://bit.ly/2j7ja5n","2017-01-18T01:43:49+0000","photo","https://www.facebook.com/RepDanKildee/photos/a.485907264785269.106597.484166588292670/1438282029547783/?type=3","484166588292670_1438282029547783",NA,292,133,180
"484166588292670","Congressman Dan Kildee","Wearing red and standing in solidarity with educators and public school teachers today to say that billionaire Betsy DeVos would be terrible for America's children and our public schools!","2017-01-18T00:08:00+0000","photo","https://www.facebook.com/RepDanKildee/photos/a.485907264785269.106597.484166588292670/1438212656221387/?type=3","484166588292670_1438212656221387",NA,522,38,47
"484166588292670","Congressman Dan Kildee","""Under Kildee's legislation, states like Michigan would have to adopt laws that promote government transparency by at least matching ethics requirements at the federal level. States that don't meet those standards would lose the ability to administer various federal programs. Instead, those programs would be managed by a correlating federal department.""  Read my bill to clean up state government: http://bit.ly/2jrfzCk","2017-01-17T17:00:00+0000","link","http://www.mlive.com/news/index.ssf/2017/01/federal_proposal_would_urge_mi.html","484166588292670_1437841746258478",NA,213,28,24
"484166588292670","Congressman Dan Kildee","Introducing my first bill in the new Congress -- it's focused on good governance and higher ethics standards for State Legislatures across the country.  Did you know that Michigan ranks dead last -- 50th of 50 states -- when it comes to transparency in government? That is unacceptable.  We can start to restore public trust in government by holding state lawmakers to higher standards. I haven’t met a single Michigander who believes Lansing is too ethical. http://bit.ly/2jrfzCk  Here's my plan to clean up state government  ↘","2017-01-17T13:00:03+0000","photo","https://www.facebook.com/RepDanKildee/photos/a.485907264785269.106597.484166588292670/1436200149755971/?type=3","484166588292670_1436200149755971",NA,447,78,179
"484166588292670","Congressman Dan Kildee","In order for us to be competitive in a global economy, we're going to need bold ideas to move our state forward.  I have lots of ideas on how we can improve Michigan's economy and invest in our people. That's why I've created a new Medium account where I hope to share my thoughts directly with you on ways we can tackle our collective challenges together.  Here's my first post -- Michigan has a real opportunity to lead the nation and offer two years of tuition and debt free college to our residents. This would not only ensure that workers get the on-the-job skills they need, but it would also ease the crushing financial burden of college currently on too many Michiganders.  What are your thoughts? I'd like to know. Comment below ↘","2017-01-16T23:00:01+0000","link","https://medium.com/@repdankildee_4924/its-time-to-make-community-college-tuition-and-debt-free-for-michiganders-ab60c157fc6e#.9vg3xb5gm","484166588292670_1436956533013666",NA,226,75,23
"484166588292670","Congressman Dan Kildee","One year ago today, after 4.5 years of false imprisonment, Amir Hekmati was freed from Iran. I’ll never forget what it was like to meet him for the first time. I’ll always be grateful to all the people that joined me in fighting for his release.   It’s been so great to spend time with Amir now that he is free.  I feel like he's a part of my own family. One year later, his strength still amazes me. Looking forward to many more years of his friendship and watching his bright future! http://bit.ly/2iDO2g3","2017-01-16T17:00:08+0000","photo","https://www.facebook.com/RepDanKildee/photos/a.485907264785269.106597.484166588292670/1436340709741915/?type=3","484166588292670_1436340709741915",NA,276,13,13
"484166588292670","Congressman Dan Kildee","Today we honor and celebrate Dr. Martin Luther King Jr. and his dream for America. Today and every day, we must continue to fight for a more just and equal society.","2017-01-16T13:00:40+0000","photo","https://www.facebook.com/RepDanKildee/photos/a.485907264785269.106597.484166588292670/1436338466408806/?type=3","484166588292670_1436338466408806",NA,173,8,46
"484166588292670","Congressman Dan Kildee",NA,"2017-01-15T23:54:50+0000","photo","https://www.facebook.com/RepDanKildee/photos/a.484166881625974.106242.484166588292670/793954837313842/?type=3","484166588292670_1436150749760911","Congressman Dan Kildee updated their profile picture.",847,65,11
"484166588292670","Congressman Dan Kildee","People are speaking up, now more than ever, to demand health care as a right -- not a privilege only reserved for the wealthy. In the richest country in the world, families shouldn't have to constantly worry about being one illness away from bankruptcy or being denied life-saving care.  Everyone should have access to quality, affordable health care. Watch my interview from earlier ↘","2017-01-15T23:53:04+0000","video","https://www.facebook.com/RepDanKildee/videos/1436142586428394/","484166588292670_1436142586428394",NA,423,119,135
"484166588292670","Congressman Dan Kildee","My friend John Lewis has sacrificed more than Donald J. Trump ever has or will. It's a shame to see our President-elect attack a civil rights hero who was almost beaten to death on Bloody Sunday fighting for equal rights and justice.","2017-01-14T17:25:50+0000","photo","https://www.facebook.com/RepDanKildee/photos/a.485907264785269.106597.484166588292670/1434344743274845/?type=3","484166588292670_1434344743274845",NA,785,107,95
"484166588292670","Congressman Dan Kildee","House Republicans just voted on legislation to start the repeal of Affordable Care Act. I voted no because I'm strongly opposed to kicking millions off their current plans and putting insurance companies back in charge of your health care.  This apparently is the Republican health care plan for America ↘","2017-01-13T20:58:22+0000","photo","https://www.facebook.com/RepDanKildee/photos/a.485907264785269.106597.484166588292670/1431919580184028/?type=3","484166588292670_1431919580184028",NA,237,91,82
"484166588292670","Congressman Dan Kildee","Well-deserved recognition of Vice President Joe Biden's lifetime of public service!","2017-01-13T02:38:37+0000","video","https://www.facebook.com/cnn/videos/10155900648966509/","484166588292670_1430481520327834","Congressman Dan Kildee shared CNN's video.",317,28,0
"484166588292670","Congressman Dan Kildee","Meet Secretary of Education nominee Betsy DeVos:  ✅ Pushes unaccountable for-profit charter schools ✅ Wants to privatize public education ✅ No experience working in education ✅ Billionaire Republican mega-donor  I am opposed to DeVos' nomination because our kids deserve better: http://bit.ly/2jbgG95","2017-01-12T16:30:00+0000","link","http://www.cosmopolitan.com/politics/a8580091/betsy-devos-trump-administration-education-secretary/","484166588292670_1429546133754706",NA,331,92,287
"484166588292670","Congressman Dan Kildee","The U.S. should develop a comprehensive national plan to boost American manufacturing and stop the overseas outsourcing of good-paying jobs.  That's why I've co-sponsored the Overseas Outsourcing Accountability Act to help prevent companies from sending American jobs abroad.  Read more about the bill: http://bit.ly/2iHNTFP","2017-01-12T13:00:01+0000","photo","https://www.facebook.com/RepDanKildee/photos/a.485907264785269.106597.484166588292670/1428298043879515/?type=3","484166588292670_1428298043879515",NA,109,21,11
"484166588292670","Congressman Dan Kildee","Public town hall meetings like the one held tonight are important to providing transparency for Flint families. Ensuring residents have open forums where they are allowed to ask questions about the quality of their water will help to rebuild public trust as they continue to recover from this man-made crisis.   It is important to stress that this water crisis is not over. The state, which created the crisis, needs to step up and do more to help Flint families. The federal government, including the Obama Administration and Congress, has already stepped up to provide resources to replace lead pipes, expand health care services and provide nutritious foods to help mitigate the effects of lead. The Governor needs to act on more state aid for Flint.","2017-01-12T01:53:18+0000","link","http://www.detroitnews.com/story/news/michigan/flint-water-crisis/2017/01/11/flint-water/96441578/","484166588292670_1428584117184241",NA,63,16,11
"484166588292670","Congressman Dan Kildee","Last night, President Barack Obama delivered his farewell address to the nation. Today, I spoke on the House floor to thank our President for his steady and strong leadership for our country over the last eight years.  Watch my speech below ↘","2017-01-11T23:45:00+0000","video","https://www.facebook.com/RepDanKildee/videos/1428279593881360/","484166588292670_1428279593881360",NA,411,46,49
"484166588292670","Congressman Dan Kildee","In the richest country in the world, access to clean drinking water should be a right afforded to all, not a privilege for some.","2017-01-10T23:45:00+0000","link","http://www.detroitnews.com/story/news/michigan/flint-water-crisis/2017/01/10/flint-epa/96410708/","484166588292670_1426449084064411",NA,190,10,35
"484166588292670","Congressman Dan Kildee","Every Michigander should be able to get quality and affordable health insurance to care for their families. That is what the Affordable Care Act set out to accomplish. The law is not perfect, and I’ll work with anyone – Democrats or Republicans – to make necessary changes to the law to provide better care.  What will not provide better or less expensive care, however, is repealing the Affordable Care Act in its entirety. That would do the opposite – raise health insurance costs, kick millions off their health care, and put insurers back in charge of patients’ health care.","2017-01-09T23:45:00+0000","photo","https://www.facebook.com/RepDanKildee/photos/a.485907264785269.106597.484166588292670/1424768157565837/?type=3","484166588292670_1424768157565837",NA,261,175,1279
"484166588292670","Congressman Dan Kildee","I am pleased to see Governor Rick Snyder sign this common sense piece of legislation into law today. Thanks for speaking up over the last 24 hours calling for action.  Hopefully today’s action will inspire a greater sense of urgency for both the Governor and the Michigan Legislature to pass additional state aid for the ongoing emergency in my hometown. Congress has acted on federal aid and now the State of Michigan, who created this man-made crisis, needs to step up to do more to help Flint families.   This crisis is not over. http://bit.ly/2iZeGhH","2017-01-06T19:33:37+0000","video","https://www.facebook.com/RepDanKildee/videos/1419921894717130/","484166588292670_1419921894717130",NA,110,25,22
"484166588292670","Congressman Dan Kildee","It is frustrating to see Governor Rick Snyder once again have no sense of urgency when it comes to the ongoing Flint water crisis. Right now, a common sense bill that would help prevent another water crisis is sitting on the Governor's desk awaiting action.  The Governor should sign this bill immediately – Michiganders are sick and tired of waiting for him to step up and help fix this man-made crisis he created in the first place. http://bit.ly/2iMlYI6","2017-01-05T18:14:11+0000","link","http://nbc25news.com/news/local/congressman-kildee-issues-statement-about-delay-in-signing-flint-water-bill","484166588292670_1417709548271698",NA,292,64,250
"484166588292670","Congressman Dan Kildee","Burying nuclear waste on the Great Lakes just doesn’t make sense and is too much of a risk to take, especially considering nuclear material remains radioactive for thousands of years. http://bit.ly/2iElwcG  Surely in the vast land mass that comprises Canada, there must be a better place to permanently store nuclear waste than on the shores of Lake Huron.","2017-01-05T00:15:00+0000","link","http://www.freep.com/story/news/local/michigan/2017/01/04/nuclear-waste-great-lakes/96146376/","484166588292670_1414180481957938",NA,256,174,1426
"484166588292670","Congressman Dan Kildee","Bad deals like NAFTA and TPP have undermined American workers. That's why I continue to oppose new trade deals if they don't give our workers a fair shake.  I'm ready to work with anyone, including President-elect Donald J. Trump, to promote trade policy that puts our workers first.   Read my remarks yesterday about the need for fair -- not free -- trade: http://bit.ly/2iIMTVj","2017-01-04T18:13:28+0000","photo","https://www.facebook.com/RepDanKildee/photos/a.485907264785269.106597.484166588292670/1414155001960486/?type=3","484166588292670_1414155001960486",NA,119,21,8
"484166588292670","Congressman Dan Kildee","It's an incredible honor to continue representing you in Congress. Thank you for your confidence in me. Looking forward to being your voice and fighting for Michigan in the 115th Congress!","2017-01-03T23:56:03+0000","photo","https://www.facebook.com/RepDanKildee/photos/a.485907264785269.106597.484166588292670/1411472858895367/?type=3","484166588292670_1411472858895367",NA,559,56,13
"484166588292670","Congressman Dan Kildee","Republicans voting to gut their own independent ethics panel reeks of politics at its worst and is the equivalent of the fox guarding the hen house.   Dismantling your independent watchdog committee isn’t ‘draining the swamp’ – it is Republicans shamefully acting to protect their own interests. http://bit.ly/2j4b2pV","2017-01-03T13:34:56+0000","video","https://www.facebook.com/RepDanKildee/videos/1409882272387759/","484166588292670_1409882272387759",NA,183,65,237
"484166588292670","Congressman Dan Kildee","This is absolutely shameful. One of House Republicans first acts in the new year is to gut the independent ethics panel that acts as Congress' watchdog. So much for ""draining the swamp.""","2017-01-03T03:05:20+0000","link","http://www.cnn.com/2017/01/02/politics/office-of-congressional-ethics-oversight-of-ethics-committee-amendment/","484166588292670_1408259745883345",NA,173,85,360
