"from_id","from_name","message","created_time","type","link","id","story","likes_count","comments_count","shares_count"
"7872057395","Frank Lucas","Today I had the chance to meet up with Oklahoma FFA Association students in our nation's capital!","2017-06-22T20:58:44+0000","photo","https://www.facebook.com/RepFrankLucas/photos/a.10150205806122396.314431.7872057395/10154370447887396/?type=3","7872057395_10154370450057396","Frank Lucas added 5 new photos.",248,3,62
"7872057395","Frank Lucas","Enjoyed the opportunity to visit with Oklahoma 4-H Youth Development students today in DC!","2017-06-21T18:40:05+0000","photo","https://www.facebook.com/RepFrankLucas/photos/a.10150205806122396.314431.7872057395/10154367375637396/?type=3","7872057395_10154367378542396","Frank Lucas added 2 new photos.",102,4,1
"7872057395","Frank Lucas","Otto Warmbier's tragic death serves as a stark reminder of the viciousness and cruelty of Kim Jong Un's violent regime.","2017-06-21T13:38:43+0000","link","http://newsok.com/article/5553567","7872057395_10154366734282396",NA,36,8,4
"7872057395","Frank Lucas","Our thoughts and prayers are with my friend Congressman Steve Scalise, congressional staff, and officers injured in attendance at the practice this morning for a charity baseball game. I’m thankful for the incredible and selfless service of U.S. Capitol Police who were on the scene this morning.","2017-06-14T13:54:16+0000","status",NA,"7872057395_10154348096237396",NA,113,10,1
"7872057395","Frank Lucas","Today I joined my colleagues in taking action to unwind Dodd-Frank’s rules and regulations that have held back economic growth for too long.   The Financial CHOICE Act provides smaller banks with regulatory relief and promotes financial stability by ending bailouts for large financial institutions and introducing harsher penalties for fraudulent activity on Wall Street. Passage of the Financial CHOICE Act marks a significant shift away from Obama-era, top-down overregulation and recognizes the importance of small businesses to the success of our economy.   It’s time to restore economic opportunity and job creation on Main Street and restore accountability on Wall Street.","2017-06-08T21:03:51+0000","link","http://lucas.house.gov/press-release/lucas-votes-pass-financial-choice-act","7872057395_10154333724732396",NA,64,36,11
"7872057395","Frank Lucas","I'm very proud of our Oklahoma FFA Association students and enjoyed the opportunity to speak with these bright young men and women today on the steps of the U.S. Capitol.","2017-06-08T19:54:18+0000","photo","https://www.facebook.com/RepFrankLucas/photos/a.10150205806122396.314431.7872057395/10154333526602396/?type=3","7872057395_10154333526602396",NA,186,14,82
"7872057395","Frank Lucas","It was a privilege to visit with General Stafford this morning to discuss various issues before the House Committee on Science, Space, and Technology.","2017-06-08T17:05:22+0000","photo","https://www.facebook.com/RepFrankLucas/photos/a.10150205806122396.314431.7872057395/10154333152477396/?type=3","7872057395_10154333152477396",NA,37,4,0
"7872057395","Frank Lucas","Looking forward to hosting two town hall meetings later this week in Perry and Stillwater! If you're in the area and interested in participating you can find more information on my website.","2017-05-30T19:14:39+0000","link","http://lucas.house.gov/press-release/lucas-announces-town-hall-meetings-perry-and-stillwater","7872057395_10154308768387396",NA,33,9,28
"7872057395","Frank Lucas","Important info about a recent scam targeting veterans – be sure to share with any friends or family who use the Veterans Choice Program.","2017-05-15T20:22:38+0000","link","https://www.consumer.ftc.gov/blog/phony-telephone-number-scam-targets-veterans","7872057395_10154268894732396",NA,7,7,21
"7872057395","Frank Lucas","I applaud the Trump administration for proactively securing a trade deal with China.This agreement immediately ends China’s 14 year ban on beef imports, a move that will drive demand for U.S. beef and strengthen cattle producers here at home.   For states like Oklahoma, which produces more than it can consume in ag and energy products, it’s critically important we identify new opportunities to trade our products into the world market. A trade deal with China means improved access to an enormous foreign market, as well as the opportunity to reduce our country’s trade deficit. I look forward to working with the administration to support strong trade deals that will move our economy forward.","2017-05-12T20:54:44+0000","link","http://www.cnn.com/2017/05/11/politics/china-us-beef-imports-trade-deal/","7872057395_10154260605617396",NA,162,21,48
"7872057395","Frank Lucas","Last night the president signed into law a bipartisan bill I introduced to strengthen severe weather forecasting in our country. Whether it’s a major storm or a tornado, every minute counts in lead time for those in harm’s way and this legislation will promote more timely and accurate weather predictions to help save lives and property.","2017-04-19T20:51:49+0000","link","http://www.accuweather.com/en/weather-news/trump-signs-monumental-weather-bill-into-law-to-help-forecasting-researching-capabilities-across-weather-enterprise/70001440","7872057395_10154203360662396",NA,77,8,6
"7872057395","Frank Lucas","Today we all take a moment to reflect on the tragedy that struck Oklahoma City 22 years ago on this day. We honor the memories of the 168 souls taken from us too soon and the families and friends who lost loved ones.  I will never forget that morning – the sheer magnitude of destruction and the emergency response teams rushing to save lives. The bombing of the Murrah building impacted the lives of so many Oklahomans. In the wake of the tragedy, the outpouring of support nationwide and the Oklahoma community's resolve to rebuild confirmed that we are one family and that we can come to each other's aid in the worst of times.  For the past two decades, we have taken time to recognize the anniversary of this fateful day. It is a day we will not soon forget.","2017-04-19T15:28:19+0000","photo","https://www.facebook.com/RepFrankLucas/photos/a.10150205806122396.314431.7872057395/10154202669297396/?type=3","7872057395_10154202669297396",NA,63,3,13
"7872057395","Frank Lucas","I appreciate everyone who took the time to come out and participate in my town hall meetings today and yesterday. These public meetings are essential to my job representing you in Washington. I look forward to continuing these town halls next week and encourage you to visit my website for more information: http://lucas.house.gov/serving-you/town-halls","2017-04-13T21:03:56+0000","photo","https://www.facebook.com/RepFrankLucas/photos/a.10150205806122396.314431.7872057395/10154187424712396/?type=3","7872057395_10154187428602396","Frank Lucas added 4 new photos.",38,7,6
"7872057395","Frank Lucas","This is the last week for students to submit entries for the 2017 Congressional Art Competition. My website has information about application guidelines and drop off locations. Please share this opportunity with any friends and family who might be interested!","2017-04-12T20:18:16+0000","link","https://lucas.house.gov/serving-you/art-competition","7872057395_10154184451382396",NA,5,0,0
"7872057395","Frank Lucas","I applaud the Senate for taking action to confirm Neil Gorsuch to the Supreme Court. His impeccable record as a judge and strict adherence to the Constitution will make him an excellent justice.","2017-04-07T18:26:37+0000","photo","https://www.facebook.com/RepFrankLucas/photos/a.10150205806122396.314431.7872057395/10154170811237396/?type=3","7872057395_10154170811237396",NA,84,15,1
"7872057395","Frank Lucas","I appreciate President Trump and the USDA for taking action to provide relief to producers impacted by the wildfires. The president’s authorization provides ranchers with much needed flexibility to prevent further losses and speed up the recovery process.   Ranchers who need to graze on CRP lands previously enrolled in contracts with USDA should contact their local Farm Service Agency (FSA) office for more information.","2017-04-04T21:10:18+0000","link","http://lucas.house.gov/press-release/lucas-statement-trump-administration%E2%80%99s-emergency-grazing-authorization","7872057395_10154162139177396",NA,58,3,20
"7872057395","Frank Lucas","When a major storm or tornado is quickly approaching your community, every additional minute of preparation time counts. The Weather Research and Forecasting Innovation Act strengthens our country’s commitment to severe weather forecasting and ensures NOAA has access to the best weather data. I am proud the bill has passed both the House and Senate, and I look forward to seeing these life-saving policies signed into law soon.","2017-04-04T20:49:57+0000","video","https://www.facebook.com/RepFrankLucas/videos/10154162080312396/","7872057395_10154162080312396",NA,40,9,5
"7872057395","Frank Lucas","Today the House will vote on a bill I introduced to implement safeguards and shed light on the scientific review process behind EPA's rules and regulations. During the last presidential administration, EPA's Waters of the US proposal, for example, caused widespread confusion. Many businesses and families in our part of the country faced the threat of potential fines or steep compliance costs for arbitrary reasons.   Read my op-ed this morning explaining why the EPA Science Advisory Board Reform Act is so important to smart and objective policymaking, regardless of where you stand politically.","2017-03-30T13:52:40+0000","link","http://dailycaller.com/2017/03/29/restoring-the-epas-credibility/","7872057395_10154149669432396",NA,29,12,6
"7872057395","Frank Lucas","As Vice Chairman of the House Committee on Science, Space, and Technology, I was proud to be a part of this historic bill signing today at the White House. This forward-looking legislation recognizes the importance of NASA’s mission and helps to ensure our country will continue to be the global leader in space exploration and research.","2017-03-22T00:32:00+0000","photo","https://www.facebook.com/RepFrankLucas/photos/a.10150205806122396.314431.7872057395/10154128930977396/?type=3","7872057395_10154128930977396",NA,46,20,2
"7872057395","Frank Lucas","Happy National Ag Day! Our country's farmers and ranchers are the reason we have access to safe and affordable food!","2017-03-21T18:56:41+0000","photo","https://www.facebook.com/RepFrankLucas/photos/a.10150205806122396.314431.7872057395/10154128539097396/?type=3","7872057395_10154128539097396",NA,18,0,0
"7872057395","Frank Lucas","Trying times like these are when I am thankful for the Oklahoma Standard. The outpouring of support from fellow Oklahomans volunteering their time and resources has been a tremendous help in the wildfire recovery efforts.","2017-03-21T14:54:52+0000","link","http://newsok.com/oklahoma-standard-shines-in-aid-to-wildfire-victims/article/5542376","7872057395_10154128115912396",NA,54,2,9
"7872057395","Frank Lucas","I want to thank Oklahoma State Forester George Geissler for taking the time to participate in our House Agriculture Committee hearing and shed light on the logistics of the wildfire containment and prevention efforts. When you consider the magnitude of the fires, the coordination and skill of our firefighters and other folks in the field is simply amazing. These response efforts start with our local leaders who have done a tremendous job communicating and collaborating with state and federal entities to prevent further losses and help move us toward rebuilding our communities.","2017-03-17T16:42:37+0000","video","https://www.facebook.com/RepFrankLucas/videos/10154118307782396/","7872057395_10154118307782396",NA,102,9,112
"7872057395","Frank Lucas","Recently visited with KOKH FOX 25 News, Oklahoma to take viewer questions. I discussed the pressing need to repeal Obamacare and highlighted the importance of the 2014 Farm Bill to relief programs for those impacted by the recent wildfires. You can watch the full interview on their website.","2017-03-16T20:25:01+0000","link","http://okcfox.com/news/connect-to-congress/connect-to-congress-rep-lucas-speaks-on-health-care-diversifying-oklahoma-business","7872057395_10154116283167396",NA,19,16,3
"7872057395","Frank Lucas","I'm excited to announce that my office is now accepting entries for the 2017 Congressional Art Competition! Oklahoma's Third District is home to some truly gifted artists so we are looking forward to reviewing your entries and selecting a piece to be placed on display in the U.S. Capitol building. More information about guidelines and how to apply can be found on my website.","2017-03-15T14:45:38+0000","link","https://lucas.house.gov/serving-you/art-competition","7872057395_10154112910422396",NA,15,7,18
"7872057395","Frank Lucas","This weekend I surveyed the damages throughout northwest Oklahoma and met with federal officials as well as leadership from the OK Forestry Service to receive updates on the wildfires. While there is no question about the extent of damages and devastation, the outpouring of support from volunteers and contributions like hay donations have helped tremendously in the recovery efforts.  I also visited with our firefighters in places like Woodward and Mooreland. They have worked tirelessly in very difficult conditions to protect lives and homes. Their preparation and hard work cannot go unmentioned.  If you have been impacted by the fires, my website has a list of resources and assistance programs available: http://lucas.house.gov/press-release/lucas-releases-information-wildfire-disaster-relief","2017-03-13T19:00:39+0000","photo","https://www.facebook.com/RepFrankLucas/photos/a.10150205806122396.314431.7872057395/10154108254247396/?type=3","7872057395_10154108260832396","Frank Lucas added 2 new photos.",83,8,41
"7872057395","Frank Lucas","This morning I joined K101 to discuss the wildfires that have devastated large areas of northwest Oklahoma. I talked about some of the assistance programs that will be available to those impacted. We also can't forget to recognize the efforts of the first responders, volunteers, firefighters, and others who have put their own safety on the line and have worked very hard to minimize damages and losses.","2017-03-10T15:22:27+0000","video","https://www.facebook.com/RepFrankLucas/videos/10154098528167396/","7872057395_10154098528167396",NA,47,7,5
"7872057395","Frank Lucas","My team and I continue to monitor the situation on the ground and are working with officials at the federal and state level to determine which assistance programs are available to those in the affected areas. On my website you will find information about assistance programs and ways you can help those impacted by the wildfires.","2017-03-09T22:50:48+0000","link","http://lucas.house.gov/press-release/lucas-releases-information-wildfire-disaster-relief","7872057395_10154096750512396",NA,46,1,37
"7872057395","Frank Lucas","Our thoughts and prayers are with those impacted by these deadly and destructive wildfires throughout northwest Oklahoma and parts of Texas and Kansas.  If you or anyone you know lives in the affected area please stay vigilant by tuning into weather reports and taking proper precautions.","2017-03-08T15:16:12+0000","link","http://newsok.com/deadly-wildfires-scorch-hundreds-of-thousands-of-acres-in-northwest-oklahoma/article/5540662","7872057395_10154092189822396",NA,74,4,22
"7872057395","Frank Lucas","The last eight years of the Obama administration left our country with thousands upon thousands of pages of additional government rules and regulations. This red tape is a roadblock to economic growth and job creation, which is why it’s important for Congress to establish strict guidelines to identify and eliminate regulations that are either outdated or simply unnecessary.  This week the House voted on three bills to restore sanity to our country's regulatory policy and build upon President Trump's efforts to get our economy back on track.","2017-03-02T20:49:23+0000","link","http://lucas.house.gov/press-release/lucas-votes-strengthen-regulatory-accountability-and-transparency","7872057395_10154075422192396",NA,56,15,5
"7872057395","Frank Lucas","I was very impressed with President Trump’s address to Congress and the American people last night. He offered a bold vision for the country and a commitment to his campaign promises. I hope his words will set a tone of optimism and action for the next four years.","2017-03-01T16:25:50+0000","video","https://www.facebook.com/RepFrankLucas/videos/10154072890512396/","7872057395_10154072890512396",NA,106,19,3
"7872057395","Frank Lucas","The Waters of the U.S. rule has created widespread uncertainty for many of the folks in the agriculture, energy, and construction sectors. This far-reaching and arbitrary regulation was less about protecting our country’s natural resources and more about expanding federal control over private landowners.  Getting rid of this red tape is a major win for rural America and I applaud President Trump for taking swift action on this matter.","2017-02-28T21:51:04+0000","link","http://www.foxnews.com/politics/2017/02/28/trump-targets-obama-era-water-regulation-in-new-executive-order.html","7872057395_10154071412002396",NA,117,15,26
"7872057395","Frank Lucas","If you or any of your friends or family are veterans, be sure to spread the word about Oklahoma City VA Health Care System's public Q&A meeting at Fort Sill next month. This is a good opportunity to have any of your questions or concerns addressed by VA leadership.","2017-02-27T21:45:17+0000","photo","https://www.facebook.com/RepFrankLucas/photos/a.10150205806122396.314431.7872057395/10154069174502396/?type=3","7872057395_10154069174502396",NA,13,2,40
"7872057395","Frank Lucas","Thank you to everyone who came out to participate in my four town hall meetings this week in Yukon, Guthrie, Chandler, and Sapulpa! There are a lot of perspectives that need to be heard and these public meetings are absolutely critical to my job representing you in Washington. I look forward to hosting many more town meetings this year in each of the Third District’s 32 counties.","2017-02-24T21:11:58+0000","photo","https://www.facebook.com/RepFrankLucas/photos/a.10150205806122396.314431.7872057395/10154062228747396/?type=3","7872057395_10154062237512396","Frank Lucas added 5 new photos.",49,14,7
"7872057395","Frank Lucas","Scott Pruitt's confirmation today is a major step toward restoring common sense and rule of law at the EPA. Scott has a strong understanding of the critical role states play in the regulatory process and the importance of sound science in policymaking.  I look forward to working with him to protect our country’s precious natural resources while ensuring American families have access to affordable energy and good paying jobs.","2017-02-17T20:37:18+0000","link","http://newsok.com/oklahoma-attorney-general-scott-pruitt-confirmed-by-senate-to-serve-as-epa-administrator/article/5538486","7872057395_10154046487567396",NA,149,65,13
"7872057395","Frank Lucas","Congress is currently working to repeal several of the rules and regulations pushed through by the Obama administration in its final months. I wanted to take a moment today to update you all on my efforts this week and talk about what lies ahead.","2017-02-16T20:46:33+0000","video","https://www.facebook.com/RepFrankLucas/videos/10154043250497396/","7872057395_10154043250497396",NA,60,22,11
"7872057395","Frank Lucas","We don’t do farm bills for the good times but to address the bad times. If the folks on the farm can’t produce the food and fiber, it’s not going to be on the shelf in the store.  Fortunately we don’t have to reinvent the wheel for the next farm bill. I’m proud of the progress we made with the 2014 Farm Bill and look forward to using it as a blueprint in our upcoming work.","2017-02-16T01:26:00+0000","video","https://www.facebook.com/RepFrankLucas/videos/10154040085692396/","7872057395_10154040085692396",NA,115,13,53
"7872057395","Frank Lucas","I had a great conversation this afternoon with Lt. General Thomas Stafford about the future of spaceflight and the American space program. A native of Weatherford, Stafford, served as Commander of the Apollo–Soyuz Test Project, the first international human space flight.  I very much look forward to his testimony at tomorrow's House Committee on Science, Space, and Technology hearing on the past, present, and future of NASA.","2017-02-15T20:09:46+0000","photo","https://www.facebook.com/RepFrankLucas/photos/a.10150205806122396.314431.7872057395/10154039789372396/?type=3","7872057395_10154039789372396",NA,53,3,5
"7872057395","Frank Lucas","Your private emails should be just that: private. Today the House voted to pass the Email Privacy Act which updates a 30 year old law by creating a new warrant requirement for law enforcement and government agencies seeking to access your email or text messages.  Last year, I wrote about why this law is so critical to safeguarding our Constitutional rights. You can read the full column here!","2017-02-07T01:33:02+0000","link","http://www.edmondsun.com/opinion/columns/reasserting-our-privacy-in-the-st-century/article_2f4dd7dc-1194-11e6-a40f-e767aa19b7f3.html","7872057395_10154020669847396",NA,41,4,5
"7872057395","Frank Lucas","Happy Birthday to our 40th President, Ronald Reagan!","2017-02-06T22:00:09+0000","photo","https://www.facebook.com/RepFrankLucas/photos/a.10150205806122396.314431.7872057395/10154020542457396/?type=3","7872057395_10154020542457396",NA,29,0,2
"7872057395","Frank Lucas","Looking forward to serving as Vice Chairman of House Committee on Science, Space, and Technology as we work to ensure sound and transparent science drives our country's policy and keeps our government accountable.","2017-02-02T22:25:17+0000","link","http://okenergytoday.com/2017/02/reps-lucas-bridenstine-get-house-science-committee-assignments/","7872057395_10154011512367396",NA,71,8,3
"7872057395","Frank Lucas","Yesterday I joined KOKH FOX 25 News, Oklahoma to discuss the latest in Washington! You can watch the full video of my interview on their website.","2017-02-02T16:02:24+0000","link","http://okcfox.com/news/connect-to-congress/connect-to-congress-rep-lucas-speaks-on-trump-executive-orders-natural-resources","7872057395_10154010674592396",NA,17,3,2
"7872057395","Frank Lucas","President Trump’s nomination of Judge Neil Gorsuch to the Supreme Court will fill a nearly yearlong vacancy on the court and help move it towards a stricter interpretation of the Constitution.   Judge Gorsuch has an impressive legal background and shares the late Justice Scalia’s belief in strict adherence to the letter of the law. I am encouraged by the president’s nomination and hope the Senate will take action to ensure the Supreme Court can move forward in its work with a full bench.","2017-02-01T01:16:08+0000","link","https://www.washingtonpost.com/politics/trump-picks-colo-appeals-court-judge-neil-gorsuch-for-supreme-court/2017/01/31/2b08a226-e55e-11e6-a547-5fb9411d332c_story.html","7872057395_10154006921397396",NA,110,17,5
"7872057395","Frank Lucas","Rather than asking in retrospect what we can do better in the aftermath of an attack, it’s the duty and responsibility of our government to take every realistic precaution to properly screen all individuals entering the United States, especially those from countries that are havens or state-sponsors of terrorism.  While I support the goal of President Trump’s executive order to strengthen America’s national security, I believe the administration must further clarify their long term objectives and the manner in which they intend to implement these new travel restrictions.","2017-01-31T14:11:58+0000","link","http://newsok.com/article/5536154","7872057395_10154005604487396",NA,73,23,11
"7872057395","Frank Lucas","Honored to witness our nation's peaceful transition of power today. Looking forward to working with President Trump and Vice President Pence to get our country back on track and make America great again!","2017-01-20T18:29:00+0000","photo","https://www.facebook.com/RepFrankLucas/photos/a.10150205806122396.314431.7872057395/10153976182247396/?type=3","7872057395_10153976182657396","Frank Lucas added 2 new photos.",114,17,2
"7872057395","Frank Lucas","I’m very impressed with our state’s Attorney General Scott Pruitt’s performance in his EPA confirmation hearing. He is a thoughtful and well-prepared individual who is ready to begin unwinding the burdensome regulations of the past eight years and refocus the EPA to its intended mission – not carrying out political or economic agendas, but enforcing the actual laws on clean air and clean water.","2017-01-19T19:29:52+0000","link","http://newsok.com/article/5534650","7872057395_10153974037777396",NA,78,19,5
"7872057395","Frank Lucas","Oklahoma has been an unfortunate case study for the failure of Obamacare – 2017 premiums increased an average of 76 percent and we are one of only five states with just one insurer participating in the federal exchange.  My colleagues in the Oklahoma delegation and I have heard too many stories from constituents about how Obamacare has failed them and their families. Congress is working on legislation to repeal Obamacare and ensure Americans have access to affordable and comprehensive health care coverage.","2017-01-17T21:52:23+0000","link","http://www.tulsaworld.com/opinion/othervoices/oklahoma-s-congressional-delegation-obamacare-fails-oklahoma/article_a64d60f8-de80-5ee8-9db7-d639af770d9c.html","7872057395_10153969530372396",NA,59,32,10
"7872057395","Frank Lucas","This week the House took action to pass a bill I introduced aimed at strengthening and modernizing our country's weather forecasting. This legislation has the potential to provide extra lead time and more accurate storm predictions for those in harm's way to help save lives and minimize damages.","2017-01-13T21:51:15+0000","link","https://about.bgov.com/blog/everyone-complains-weather-house-something/","7872057395_10153959931947396",NA,31,6,3
"7872057395","Frank Lucas","Congress is working to lay the groundwork for incoming President-elect Trump's administration so I wanted to take a moment to update everyone on my efforts this week in Washington and discuss a few of the big issues down the road.","2017-01-13T14:31:28+0000","video","https://www.facebook.com/RepFrankLucas/videos/10153959060907396/","7872057395_10153959060907396",NA,84,18,18
"7872057395","Frank Lucas","Every minute counts in the lead up before a major storm or tornado, which is why it’s so important we have timely and accurate weather predictions. I worked with my colleague Congressman Jim Bridenstine to put forward the Weather Research and Forecasting Innovation Act, legislation that will help restore our country's leadership in weather forecasting by strengthening our data and implementing new programs.   I am encouraged by the bill's passage today because it is so critical we give those in harm’s way additional disaster preparation time which could ultimately be the difference between life and death or thousands of dollars in property damage.","2017-01-09T22:47:24+0000","video","https://www.facebook.com/RepFrankLucas/videos/10153949176667396/","7872057395_10153949176667396",NA,86,1,9
"7872057395","Frank Lucas","Please join me in recognizing the brave men and women of our law enforcement community who put their own safety on the line in order to protect ours. We are incredibly grateful for your service to Oklahoma and the rest of our country. #LawEnforcementAppreciationDay","2017-01-09T19:19:37+0000","photo","https://www.facebook.com/RepFrankLucas/photos/a.10150205806122396.314431.7872057395/10153948730192396/?type=3","7872057395_10153948730192396",NA,135,2,23
"7872057395","Frank Lucas","The Obama administration’s regulatory regime of the past eight years has cost the U.S. economy billions and billions of dollars. That's why I voted to pass the REINS Act this evening. As one of the first bills of the 115th Congress, the REINS Act is a serious step toward curbing costly government overregulation by unelected bureaucrats and returning to common sense in the way we govern.  A big part of getting our economy back on track and Americans back to work is to remove the regulatory burdens that are restraining growth and opportunity.","2017-01-06T01:55:39+0000","status",NA,"7872057395_10153940601147396",NA,83,12,6
"7872057395","Frank Lucas","Looking forward to the 115th Congress! It’s a great privilege and honor to serve Oklahoma’s 3rd district.","2017-01-03T22:54:01+0000","photo","https://www.facebook.com/RepFrankLucas/photos/a.10150205806122396.314431.7872057395/10153935884347396/?type=3","7872057395_10153935884347396",NA,185,6,13
