"from_id","from_name","message","created_time","type","link","id","story","likes_count","comments_count","shares_count"
"273446508512","Congressman José E. Serrano","The Serrano Report with information about my work in Congress & in The Bronx is available online at: http://bit.ly/2sL0GA2","2017-06-20T16:03:07+0000","photo","https://www.facebook.com/RepJoseSerrano/photos/a.300710048512.143284.273446508512/10154662886538513/?type=3","273446508512_10154662886538513",NA,13,2,3
"273446508512","Congressman José E. Serrano","Speaking at Highschool graduation for #BronxEarlyCollegeAcademy Great group of students @fordhamnotes","2017-06-20T15:09:13+0000","photo","https://www.facebook.com/RepJoseSerrano/photos/a.300710048512.143284.273446508512/10154662765493513/?type=3","273446508512_10154662765493513",NA,14,3,2
"273446508512","Congressman José E. Serrano","‪Happy Fathers Day to all. Remembering my Father and the great role model that he was. --Feliz Día de los Padres. Que pasen un gran día. ‬","2017-06-18T16:01:28+0000","photo","https://www.facebook.com/RepJoseSerrano/photos/a.300710048512.143284.273446508512/10154657545543513/?type=3","273446508512_10154657545543513",NA,16,5,0
"273446508512","Congressman José E. Serrano","Both parties working together to establish the  American Latino Museum on the Mall to celebrate the impact of Latino culture in the US American Latino Museum","2017-06-15T16:37:34+0000","photo","https://www.facebook.com/RepJoseSerrano/photos/a.300710048512.143284.273446508512/10154649178918513/?type=3","273446508512_10154649178918513",NA,46,5,13
"273446508512","Congressman José E. Serrano","A year ago we lost 49 members of the #LGBTQ community, half of whom also identified as #Latinx, in the #Pulse nightclub shooting. Today we mourn their loss and vow to keep fighting for #equality. We will #NeverForget.","2017-06-13T02:13:32+0000","photo","https://www.facebook.com/RepJoseSerrano/photos/a.300710048512.143284.273446508512/10154642240063513/?type=3","273446508512_10154642240063513",NA,17,4,3
"273446508512","Congressman José E. Serrano","‪With my son @SenatorSerrano participating in the @PRparadeNYC ---Con mi hijo el Senador José M. Serrano en la parada Puertorriqueña. ‬","2017-06-11T22:19:30+0000","photo","https://www.facebook.com/RepJoseSerrano/photos/a.300710048512.143284.273446508512/10154638933698513/?type=3","273446508512_10154638933698513",NA,119,8,8
"273446508512","Congressman José E. Serrano","‪Por primera vez en mi carrera política, de 43 años, hago una petición sobre un voto en PR. No a favor de un candidato pero a favor del futuro de PR. VOTA HOY!‬ en el plebiscito.","2017-06-11T03:46:27+0000","photo","https://www.facebook.com/RepJoseSerrano/photos/a.300710048512.143284.273446508512/10154636883493513/?type=3","273446508512_10154636883493513",NA,211,23,172
"273446508512","Congressman José E. Serrano","With record-breaking temperatures and abnormal weather patterns occurring each year, the overwhelming scientific consensus on climate change is undeniable. Climate change affects all nations around the world and a global solution like the #ParisAgreement is the only way to successfully address this threat. I am disturbed by reports that the president plans to withdraw the United States from this international accord, thereby ceding American leadership and further alienating our allies around the world. Coastal communities like The Bronx and New York City will be devastated by the impacts of climate change. This threat affects our national security, economy, and way of life. I urge the president to do the right thing by remaining part of the agreement and leading the charge against climate change on the world stage.","2017-06-01T03:37:26+0000","status",NA,"273446508512_10154606835093513",NA,33,4,3
"273446508512","Congressman José E. Serrano","‪On this #MemorialDay we remember all those we lost and all who served. We Will Not Forget. ‬","2017-05-29T13:13:23+0000","photo","https://www.facebook.com/RepJoseSerrano/photos/a.300710048512.143284.273446508512/10154600032493513/?type=3","273446508512_10154600032493513",NA,18,1,2
"273446508512","Congressman José E. Serrano","‪So proud to spend time with a #Bronx success story. @PrinceRoyce at the #BronxBall2017. A great talented artist and a humble young man. ‬","2017-05-21T16:19:58+0000","photo","https://www.facebook.com/RepJoseSerrano/photos/a.300710048512.143284.273446508512/10154578830738513/?type=3","273446508512_10154578830738513",NA,65,5,1
"273446508512","Congressman José E. Serrano","With @SenatorSerrano and @repjoecrowley at #BronxBall2017 #bronxweek2017 @rubendiazjr","2017-05-21T15:20:19+0000","photo","https://www.facebook.com/RepJoseSerrano/photos/a.300710048512.143284.273446508512/10154578717483513/?type=3","273446508512_10154578717483513",NA,13,1,0
"273446508512","Congressman José E. Serrano","‪With @rubendiazjr & @SenatorSerrano at the #BronxBall2017 part of the #BronxWeek2017 celebration. Great celebration for our beloved borough.‬","2017-05-21T15:11:54+0000","photo","https://www.facebook.com/RepJoseSerrano/photos/a.300710048512.143284.273446508512/10154578704923513/?type=3","273446508512_10154578704923513",NA,6,0,0
"273446508512","Congressman José E. Serrano","‪At #BronxBall2017 with honorees and elected officials. @rubendiazjr @SenatorSerrano @CarlHeastie @MMViverito @PrinceRoyce #bronxweek2017 ‬","2017-05-21T15:00:31+0000","photo","https://www.facebook.com/RepJoseSerrano/photos/a.300710048512.143284.273446508512/10154578680763513/?type=3","273446508512_10154578680763513",NA,7,0,0
"273446508512","Congressman José E. Serrano","Puerto Rico's fiscal crisis should not be used as an excuse to take away worker's rights. Unfortunately, local legislative measures being proposed in Puerto Rico - including one that ends dues deductions for public sector workers - threaten to weaken long held union protections in order to solve a problem that does not exist. Taking away workers’ rights to support the implementation of austerity measures is not the way to develop the island's economy to get out of the crisis. These changes will greatly hurt unions’ ability to organize, protect workers, and collectively bargain.  Unions were not the cause of the island's crisis, and they should not be used as a scapegoat. _________________________________________________________________________________________________________     La crisis fiscal de Puerto Rico no debe de ser utilizada para eliminarles derechos a los trabajadores. Lamentablemente algunas medidas legislativas que han sido presentadas en Puerto Rico – incluyendo una que elimina la deducción automática de las cuotas a empleados públicos unionados – amenazan con debilitar a las uniones para “resolver” un problema que no existe. Eliminar derechos a empleados públicos para continuar con la implementación de medidas de austeridad no es la manera adecuada de desarrollar la economía de la isla y terminar con la crisis. Estos cambios van a impactar negativamente la habilidad de las uniones de organizar y proteger a los trabajadores. Las uniones no tienen la culpa de la crisis fiscal así que no deberían de ser utilizados como chivo expiatorio.","2017-05-17T01:32:59+0000","status",NA,"273446508512_10154565807873513",NA,27,12,10
"273446508512","Congressman José E. Serrano",NA,"2017-05-15T18:40:49+0000","photo","https://www.facebook.com/RepJoseSerrano/photos/a.10154560915893513.1073741879.273446508512/10154561542653513/?type=3","273446508512_10154561542653513","Congressman José E. Serrano added 4 new photos.",2,0,0
"273446508512","Congressman José E. Serrano","Happy Mothers Day. Remembering my Mom and all the love that she gave me. ----------------------------------------------------------------------------------------------------Feliz Día de Las Madres. Recordando a mi Mama y todo el amor que me dio.","2017-05-14T00:17:07+0000","photo","https://www.facebook.com/RepJoseSerrano/photos/a.300710048512.143284.273446508512/10154556652263513/?type=3","273446508512_10154556652263513",NA,147,10,0
"273446508512","Congressman José E. Serrano","I sent a letter today along with Rep. Nydia  Velazquez to the Chairman of Puerto Rico’s Fiscal Control Board urging the Board caution that austerity measures are not taken too far and to prioritize economic recovery. Read the full text of the letter here: http://bit.ly/2q7MajB / ------------------------------------------------------------------------------------------------------------------ Le envie hoy una carta al Presidente de la Junta de Control Fiscal de Puerto Rico junto a la Representante Nydia Velázquez pidiendo cautela en la implementación de medidas de austeridad y darle prioridad a la recuperación económica de la isla. Lea la carta aquí: http://bit.ly/2q7MajB /","2017-05-12T00:07:18+0000","photo","https://www.facebook.com/RepJoseSerrano/photos/a.300710048512.143284.273446508512/10154551171873513/?type=3","273446508512_10154551171873513",NA,24,6,11
"273446508512","Congressman José E. Serrano","‪I lived through Watergate. This is beginning to look more like it every day. We need an independent investigation. ‬ #Comey","2017-05-10T01:34:38+0000","status",NA,"273446508512_10154545931828513",NA,96,17,13
"273446508512","Congressman José E. Serrano","‪The Serrano Report for this week with information about my work in the Congress & the #Bronx is available online at: http://bit.ly/2pgB3pE‬","2017-05-09T21:08:13+0000","photo","https://www.facebook.com/RepJoseSerrano/photos/a.300710048512.143284.273446508512/10154545270018513/?type=3","273446508512_10154545270018513",NA,14,0,0
"273446508512","Congressman José E. Serrano","Some of the great artwork at our annual Congressional Arts competition. Each member of congress holds a competition in their district. All 50 states and the territories participate.","2017-05-09T02:30:02+0000","photo","https://www.facebook.com/RepJoseSerrano/photos/a.300710048512.143284.273446508512/10154543106353513/?type=3","273446508512_10154543106353513",NA,9,0,2
"273446508512","Congressman José E. Serrano","Congratulations on today’s #bronxweek2017 kick-off @rubendiazjr @bronxtourism! We’re looking forward to a great week of Bronx events! ----------------------------------------------- Ya llego la semana de El Bronx!  #Bronxweek2017 Para más información sobre los eventos, visita www.ilovethebronx.com","2017-05-08T18:40:55+0000","photo","https://www.facebook.com/RepJoseSerrano/photos/a.300710048512.143284.273446508512/10154542232053513/?type=3","273446508512_10154542232053513",NA,14,0,1
"273446508512","Congressman José E. Serrano","Proud to be keynote speaker at @USCIS annual citizenship ceremony at the @BronxZoo. 32 children from25 countries became #newUScitizens.","2017-05-06T00:49:31+0000","photo","https://www.facebook.com/RepJoseSerrano/photos/a.300710048512.143284.273446508512/10154535174408513/?type=3","273446508512_10154535174408513",NA,20,0,3
"273446508512","Congressman José E. Serrano","‪Today I will join the @USCIS at the @BronxZoo for our annual citizenship ceremony. Event to officially welcome young people as Americans. ‬","2017-05-05T12:47:40+0000","photo","https://www.facebook.com/RepJoseSerrano/photos/a.300710048512.143284.273446508512/10154533835158513/?type=3","273446508512_10154533835158513",NA,20,1,2
"273446508512","Congressman José E. Serrano","‪Happy Cinco De Mayo to all. Have a a wonderful day!!!--------------------------Feliz Cinco de Mayo. Les deseo un gran día!!!‬","2017-05-05T12:21:31+0000","photo","https://www.facebook.com/RepJoseSerrano/photos/a.300710048512.143284.273446508512/10154533779383513/?type=3","273446508512_10154533779383513",NA,10,0,3
"273446508512","Congressman José E. Serrano","Today I called for a comprehensive audit of the Puerto Rican debt while speaking at a forum in Washington DC. Hoy solicité que se complete una auditoría de la deuda pública de Puerto Rico. #AuditoriaYa  https://youtu.be/GKr9onCaGE0?t=2580","2017-05-02T21:38:09+0000","photo","https://www.facebook.com/RepJoseSerrano/photos/a.300710048512.143284.273446508512/10154527188883513/?type=3","273446508512_10154527188883513",NA,95,8,63
"273446508512","Congressman José E. Serrano","The just announced Omnibus Appropriations bill includes funding to reimburse New York City for the costs of protecting Donald Trump and his family while they reside at Trump Tower.  As a senior appropriator on the Committee, this was a top priority for me, and I fought to ensure that New York was able to recoup these unprecedented costs.  This was a matter of fairness for New Yorkers- we shouldn’t have to bear the full cost of protecting the President and his family at Trump Tower– and with this funding, we won’t have to.","2017-05-01T04:00:42+0000","status",NA,"273446508512_10154520756868513","Congressman José E. Serrano updated their status.",24,1,3
"273446508512","Congressman José E. Serrano","Glad to be part of the opening ceremonies of the Castle Hill Baseball Little League. Coaches, parents & volunteers doing a great job with our youth. This is one of the best organized and most successful programs for our youth.","2017-04-30T15:38:20+0000","photo","https://www.facebook.com/RepJoseSerrano/photos/a.300710048512.143284.273446508512/10154519310448513/?type=3","273446508512_10154519310448513",NA,18,0,2
"273446508512","Congressman José E. Serrano","Congressman Adriano Espaillat and I sent a letter today to the Secretary of Education, Betsy De Vos, to ask for an explanation on the Department’s decision to deny funding for the Upward Bound program proposals submitted by Fordham University and Columbia University. For decades, the #UpwardBound program at both universities has helped thousands of low-income high school students prepare to enter and successfully complete college, and shutting down this program without a valid reason is not only shameful, but a direct attack on our students who deserve better","2017-04-28T00:23:21+0000","photo","https://www.facebook.com/RepJoseSerrano/photos/a.300710048512.143284.273446508512/10154512778788513/?type=3","273446508512_10154512778788513",NA,17,2,3
"273446508512","Congressman José E. Serrano","I had the opportunity to sit down and talk with students from Claremont International High School in #TheBronx. We spoke about what Congress can do to help improve the quality of life for future generations and how young people can become involved in their community.","2017-04-27T14:44:40+0000","photo","https://www.facebook.com/RepJoseSerrano/photos/a.300710048512.143284.273446508512/10154511700938513/?type=3","273446508512_10154511700938513",NA,29,0,12
"273446508512","Congressman José E. Serrano","I met with members from the National Association of Latino Arts and Cultures to discuss the importance of funding the National Endowment for the Arts, as well as the National Endowment for the Humanities, so that our country can keep investing in the development of the arts and our artists.","2017-04-27T14:35:05+0000","photo","https://www.facebook.com/RepJoseSerrano/photos/a.300710048512.143284.273446508512/10154511683108513/?type=3","273446508512_10154511683108513",NA,16,0,1
"273446508512","Congressman José E. Serrano","Today I met with members from the New York State Bar Association to discuss how we can make sure that the Legal Services Corporation (LSC) is funded in order for them to continue their work protecting the most vulnerable in our justice system. As the Senior Democrat on the Appropriations subcommittee that funds the LSC, I am committed to ensuring that local legal services providers have the money they need to ensure that all Americans, regardless of wealth, can have their day in court.","2017-04-27T14:28:51+0000","photo","https://www.facebook.com/RepJoseSerrano/photos/a.300710048512.143284.273446508512/10154511673493513/?type=3","273446508512_10154511673493513",NA,21,0,1
"273446508512","Congressman José E. Serrano","Today I met with Tiffany Yee Vo, UAW Columbia University Lead Organizer and Olga Brudastova, PhD Student in Civil Engineering at Columbia University. They both came to the office to discuss the importance of unionization efforts in higher education throughout NYC. Great cause and great meeting. I totally support their efforts.","2017-04-25T18:32:55+0000","photo","https://www.facebook.com/RepJoseSerrano/photos/a.300710048512.143284.273446508512/10154506960288513/?type=3","273446508512_10154506960288513",NA,26,0,3
"273446508512","Congressman José E. Serrano","Yesterday, Earth Day, I visited The Get Green South Bronx Earth Fest at St. Mary's Park in the #Bronx. The fact that there is a Beaver named Jose as part of my work on the @BronxRiver cleanup was mentioned.  I was humbled by the recognition. But there was another great surprise. I was asked to take a seat as singer/songwriter, Terri Bocklund, sang her song in tribute to Jose The Beaver. ""Boggie Down Beaver"". It was a great moment and I was honored by it all. Thanks to John Johnson, Janna from Grow NYC.  A great event for all.","2017-04-23T13:18:13+0000","video","https://www.facebook.com/RepJoseSerrano/videos/10154501076713513/","273446508512_10154501076713513",NA,21,1,2
"273446508512","Congressman José E. Serrano","‪Wishing you and your family a Happy Easter full of Peace & Joy. --Deseandole a usted y a su familia un Feliz Easter lleno de Paz & alegría. ‬","2017-04-16T13:50:32+0000","photo","https://www.facebook.com/RepJoseSerrano/photos/a.300710048512.143284.273446508512/10154481920323513/?type=3","273446508512_10154481920323513",NA,18,3,0
"273446508512","Congressman José E. Serrano","‪Honored to be invited by @Vpichardo86 to join his roundtable meeting dealing with issues that affect the Muslim community at the national & local levels‬. We met with leaders of the community and had a great discussion of their issues.","2017-04-16T02:50:27+0000","photo","https://www.facebook.com/RepJoseSerrano/photos/a.300710048512.143284.273446508512/10154480840008513/?type=3","273446508512_10154480840008513",NA,20,0,1
"273446508512","Congressman José E. Serrano","On this day, April 15,1947, #JackieRobinson became the first African American to play Major League Baseball. A courageous and talented pioneer who made baseball and our great country much better.  #HallofFame-------------------------------------  En esta fecha Abril 15, del 1947 Jackie Robinson se convirtió en el primer Afro Americano de jugar baseball en las grandes ligas. Con su talento y forma de ser no sólo cambió el baseball pero también cambio a esta  gran nación para siempre. #SalondelaFama","2017-04-15T14:49:18+0000","photo","https://www.facebook.com/RepJoseSerrano/photos/a.300710048512.143284.273446508512/10154479269038513/?type=3","273446508512_10154479269038513",NA,22,1,0
"273446508512","Congressman José E. Serrano","The announcement by the Department of Justice that it will allocate more funding for prosecuting immigration crimes in federal court is another attempt by the Trump administration to demonize the immigrant community living in the United States. By prioritizing immigration crimes, the DOJ is taking limited resources away from fraud, terrorism, and gun trafficking cases which have a greater impact in the safety and well-being of all American families. Already 52% of federal prosecutions are immigration cases, this unnecessary directive will only result in the misguided use of our very limited resources.","2017-04-14T15:23:50+0000","photo","https://www.facebook.com/RepJoseSerrano/photos/a.300710048512.143284.273446508512/10154476368843513/?type=3","273446508512_10154476368843513",NA,15,3,5
"273446508512","Congressman José E. Serrano","Wishing you a very happy and peaceful Passover.","2017-04-10T20:18:11+0000","photo","https://www.facebook.com/RepJoseSerrano/photos/a.300710048512.143284.273446508512/10154465639778513/?type=3","273446508512_10154465639778513",NA,8,0,2
"273446508512","Congressman José E. Serrano","I introduced the Sewage Sludge in Food Production Consumer Notification Act. If the bill becomes law it would require the food industry to label products that have been grown in farmlands that use sewage sludge as fertilizer. Americans need to know where and how their food was grown so that they can make informed decisions when buying food products, especially if the fertilizer used to grow that food contains varying degrees of pathogens, heavy metals, organic chemicals, industrial solvents, asbestos, and radioactive waste. It is time to make sure that federal law adequately protects consumers from sewage sludge that is being used as fertilizer.","2017-04-08T02:44:35+0000","photo","https://www.facebook.com/RepJoseSerrano/photos/a.300710048512.143284.273446508512/10154458046448513/?type=3","273446508512_10154458046448513",NA,18,2,0
"273446508512","Congressman José E. Serrano","The Serrano Report for this week with information about my work in congress & in The Bronx is available online at: bit.ly/2ohPWWZ","2017-04-08T02:22:01+0000","photo","https://www.facebook.com/RepJoseSerrano/photos/a.300710048512.143284.273446508512/10154458013798513/?type=3","273446508512_10154458013798513",NA,7,0,1
"273446508512","Congressman José E. Serrano","50 years ago #MLKJr spoke these words in his ""Beyond Vietnam: A Time to Break the Silence"" speech at Riverside Church in New York City. And they still ring true. Just a year later, to the day, we would lose Dr. Martin Luther King, Jr. to racially-motivated violence   Today, on the 50th Anniversary of his ""Beyond Vietnam"" speech, I am proud to join my colleagues in sponsoring a resolution that commemorates MLK, Jr's sermon.","2017-04-04T19:22:11+0000","photo","https://www.facebook.com/RepJoseSerrano/photos/a.300710048512.143284.273446508512/10154447466333513/?type=3","273446508512_10154447466333513",NA,8,4,3
"273446508512","Congressman José E. Serrano","The #SensitiveLocationsAct prohibits @ICEgov from conducting raids on places like schools, hospitals, and churches http://wapo.st/2otkCF9","2017-04-03T20:18:29+0000","link","http://wapo.st/2otkCF9","273446508512_10154444929328513",NA,25,3,6
"273446508512","Congressman José E. Serrano","‪The Serrano Report for this week with information on my work in the congress and in the Bronx is available online at http://bit.ly/2nECCtx‬","2017-04-03T13:08:08+0000","photo","https://www.facebook.com/RepJoseSerrano/photos/a.300710048512.143284.273446508512/10154444044833513/?type=3","273446508512_10154444044833513",NA,9,1,2
"273446508512","Congressman José E. Serrano","Honorees for our Women's History Month Celebration event. Noelle Santos, ""Rokafella"" Garcia, Holly Block, DeirdreScott, Vivian Bonnie Wright. It was a great celebration in honor of women who do so much in our community. @Vanessalgibson and Deputy Borough President Aurelia Greene joined us. We were also joined by Antirson Ortiz from Assemblyman @crespo85ad 's office.","2017-04-01T21:50:59+0000","photo","https://www.facebook.com/RepJoseSerrano/photos/a.300710048512.143284.273446508512/10154440071408513/?type=3","273446508512_10154440071408513",NA,18,1,6
"273446508512","Congressman José E. Serrano","Today, along with Rep. Espaillat, Rep. Bonamici, and Rep. Beyer, I introduced the Protecting Sensitive Locations Act. This bill’s purpose is to designate places like schools, healthcare facilities, churches, and government offices as “Sensitive zones” that will be protected from #ICE raids. No one in the US should be fearful of taking their children to school, receiving medical care, or going to their place of worship. The #SensitiveLocationsAct creates common-sense limits to ensure that ICE agents perform their duties in a way that protects the safety, health, and civil rights of immigrants. It will also help preserve the security in our communities by helping ensure immigrants are not afraid to visit a court, report crimes and engage with law enforcement institutions and officials in other ways.     Hoy, junto a los Congresistas Espaillat, Bonamici, y Beyer, presenté el proyecto de ley “Protecting Sensitive Locations Act”. De convertirse en ley, el #SensitiveLocationsAct designaría a hospitales, escuelas, iglesias, y oficinas de gobierno como lugares sensitivos en donde agentes de #ICE no podrían llevar a cabo operativos. Nadie que viva en los Estados Unidos debería de sentir temor de ser deportado al llevar a sus hijos a la escuela, ir a facilidades médicas, o asistir a la iglesia. Este proyecto de ley crea limites bajo la ley para asegurar que los agentes de ICE conduzcan su trabajo de una manera que proteja la seguridad, la salud, y los derechos civiles de los inmigrantes. También ayudará a preservar la seguridad en nuestras comunidades al ayudar a asegurar que los inmigrantes no tengan miedo de visitar un tribunal, reportar crímenes y relacionarse con instituciones u oficiales de la ley de otras formas.","2017-03-30T18:55:22+0000","photo","https://www.facebook.com/RepJoseSerrano/photos/a.300710048512.143284.273446508512/10154434654488513/?type=3","273446508512_10154434654488513",NA,37,3,7
"273446508512","Congressman José E. Serrano","I am disappointed to hear the remarks of Attorney General Jeff Sessions regarding efforts to  withhold funds for #SanctuaryCities. Using $4 billion in funding to hold these cities hostage will not make America safer, nor will it help improve the relationship between the local police and the community they serve. For decades the position of the Republican Party has been to give more power and flexibility to local and state governments so they can develop policies that are better suited for the communities they represent.  Forcing local police officers to work for ICE is a direct contradiction of those values, and will make our communities less safe.  As the top Democrat on the appropriations subcommittee that oversees Department of Justice funding, I plan to oppose the AG’s efforts.","2017-03-28T23:04:07+0000","photo","https://www.facebook.com/RepJoseSerrano/photos/a.300710048512.143284.273446508512/10154430660413513/?type=3","273446508512_10154430660413513",NA,29,2,5
"273446508512","Congressman José E. Serrano","‪On this day, 3/28/1990 I took the oath in Congress after serving 15+ years in the NY State Assembly. Proud to represent the Bronx ‬","2017-03-28T21:09:36+0000","photo","https://www.facebook.com/RepJoseSerrano/photos/a.300710048512.143284.273446508512/10154430477183513/?type=3","273446508512_10154430477183513",NA,43,9,5
"273446508512","Congressman José E. Serrano","‪The Serrano Report with information about my work in congress and the Bronx is available online at: http://bit.ly/2o2Gs2m‬ ‪ ‬","2017-03-27T19:05:19+0000","photo","https://www.facebook.com/RepJoseSerrano/photos/a.300710048512.143284.273446508512/10154427683288513/?type=3","273446508512_10154427683288513",NA,9,2,0
"273446508512","Congressman José E. Serrano","Looks like the President is not quite the skilled negotiator that he claims to be and Republicans can’t even agree on how to repeal and replace the Affordable Care Act. We should be glad that Speaker Ryan and Republicans had to abandon their bill to kill #Obamacare and that it got nowhere in the House.  I vehemently opposed this legislation because it would have kicked 24 million Americans- including nearly 130,000 #Bronxites in my district- off their health care, increased health care costs, and rolled back many of the hard fought consumer protections in the ACA. Thank you to all the constituents who called my office to voice your support. I will continue to do all I can as your Member of Congress to protect and expand access to health care, and work to bring down costs so all Americans have equal access to care.","2017-03-24T22:52:15+0000","photo","https://www.facebook.com/RepJoseSerrano/photos/a.300710048512.143284.273446508512/10154419966823513/?type=3","273446508512_10154419966823513",NA,29,3,5
"273446508512","Congressman José E. Serrano","Today I met with a bi-partisan delegation of Puerto Rican officials to have a conversation about the Healthcare funding cliff that the island is facing, and how Congress can help solve the problem. _________________________________________________  Hoy tuve la oportunidad de dialogar con una delegación bipartita de oficiales Puertorriqueños sobre la crisis de salud en la isla, y como el Congreso puede ayudar a solucionar el problema.","2017-03-23T20:21:41+0000","photo","https://www.facebook.com/RepJoseSerrano/photos/a.300710048512.143284.273446508512/10154417112578513/?type=3","273446508512_10154417112578513",NA,44,7,4
"273446508512","Congressman José E. Serrano","If #TrumpCare gets passed over 128,000 of my constituents will lose health coverage. That is unacceptable and #NotAPlan. #ProtectOurCare","2017-03-23T19:07:53+0000","photo","https://www.facebook.com/RepJoseSerrano/photos/a.300710048512.143284.273446508512/10154416968553513/?type=3","273446508512_10154416968553513",NA,10,5,4
"273446508512","Congressman José E. Serrano","‪Join us tonight for a great discussion on the very important immigration issue. ‬","2017-03-23T13:56:30+0000","photo","https://www.facebook.com/RepJoseSerrano/photos/a.300710048512.143284.273446508512/10154416344988513/?type=3","273446508512_10154416344988513",NA,14,1,6
"273446508512","Congressman José E. Serrano","Today I had the opportunity to meet with staff members from NYCHA, the New York Housing Development Corporation, and the New York City Department of Housing Preservation and Development about the appropriations process in Congress, and how the policies of the Trump administration will negatively affect New Yorkers","2017-03-23T00:19:09+0000","photo","https://www.facebook.com/RepJoseSerrano/photos/a.300710048512.143284.273446508512/10154414876343513/?type=3","273446508512_10154414876343513",NA,12,0,2
"273446508512","Congressman José E. Serrano","I will be part of the @NatResources Committee hearing on the restructuring of PREPA. Livestream the hearing here: bit.ly/2mUdfCv","2017-03-22T14:53:03+0000","photo","https://www.facebook.com/RepJoseSerrano/photos/a.300710048512.143284.273446508512/10154413434073513/?type=3","273446508512_10154413434073513",NA,16,0,3
"273446508512","Congressman José E. Serrano","Great interview this AM w/@Univision #BuenosDiasAmerica on repeal of Obamacare and Kids medicine safety bill cc: @AubMax @LuisitaFernanda ------------------------------------------------------ Gran entrevista hoy en #BuenosDiasAmerica por @univision radio. Hablamos del debate congresional sobre el plan de salud y mi legislación para proteger a los niños a que no ingieran más que la dosis recetada.","2017-03-21T15:56:58+0000","photo","https://www.facebook.com/RepJoseSerrano/photos/a.300710048512.143284.273446508512/10154410428558513/?type=3","273446508512_10154410428558513",NA,9,0,1
"273446508512","Congressman José E. Serrano","‪On this day, In 1990, I was elected to congress after 15+ years in the NY Assembly. Since then, it's been my honor to represent the #Bronx‬","2017-03-20T20:28:44+0000","photo","https://www.facebook.com/RepJoseSerrano/photos/a.300710048512.143284.273446508512/10154408430063513/?type=3","273446508512_10154408430063513",NA,175,23,9
"273446508512","Congressman José E. Serrano","‪The Serrano Report for this week with information about my work in congress and The Bronx is available online at: http://bit.ly/2ni0Ag9‬","2017-03-19T18:16:11+0000","photo","https://www.facebook.com/RepJoseSerrano/photos/a.300710048512.143284.273446508512/10154405515038513/?type=3","273446508512_10154405515038513",NA,7,0,1
"273446508512","Congressman José E. Serrano","‪A very Happy Birthday to our dear friend and colleague @Vanessalgibson. The Serranos wish you a blessed day & best wishes. @SenatorSerrano‬","2017-03-19T16:17:38+0000","photo","https://www.facebook.com/RepJoseSerrano/photos/a.300710048512.143284.273446508512/10154405233798513/?type=3","273446508512_10154405233798513",NA,27,2,1
"273446508512","Congressman José E. Serrano","One of the first things I learned, growing up in New York, is that on this day we are all Irish. Happy #StPatricksDay to all!!! ------------------------------------------- De las primeras cosas que aprendí, creciendo en New York, es que en este día todos somos Irlandeses!!! Feliz día de San Patricio a todos.","2017-03-17T15:07:51+0000","photo","https://www.facebook.com/RepJoseSerrano/photos/a.300710048512.143284.273446508512/10154399719483513/?type=3","273446508512_10154399719483513",NA,80,6,0
"273446508512","Congressman José E. Serrano","The #budget proposed by the Trump administration guts agencies that work to protect the environment, defend our civil rights, and that help businesses expand. Just to build a wall. I cannot support a budget that chooses to fund war & exclusion at the expense of working families all across the United States.","2017-03-16T18:48:16+0000","photo","https://www.facebook.com/RepJoseSerrano/photos/a.300710048512.143284.273446508512/10154397586558513/?type=3","273446508512_10154397586558513",NA,26,1,5
"273446508512","Congressman José E. Serrano","Yesterday, Republicans attacked the credibility of a nonpartisan analysis that showed the Republicans’ #RxForDisaster bill would kick 24 million Americans off their health care. Now, we’re learning that the White House’s internal numbers show that number is actually 26 million. The hypocrisy is astounding! https://goo.gl/mEXvmK","2017-03-14T21:00:04+0000","photo","https://www.facebook.com/RepJoseSerrano/photos/a.300710048512.143284.273446508512/10154392626038513/?type=3","273446508512_10154392626038513",NA,15,2,2
"273446508512","Congressman José E. Serrano","According to the new report by the Congressional Budget Office (CBO) #24Million individuals will lose their health coverage if Trump's healthcare plan gets passed into law. Yet another example of a Trump policy that lowers the quality of life for everyday Americans.","2017-03-14T01:57:42+0000","photo","https://www.facebook.com/RepJoseSerrano/photos/a.300710048512.143284.273446508512/10154390760963513/?type=3","273446508512_10154390760963513",NA,11,5,3
"273446508512","Congressman José E. Serrano","‪The Serrano Report for this week with info about my work in Congress and in the Bronx is available online at: http://bit.ly/2nmUk3p‬ ‪ ‬","2017-03-12T20:29:02+0000","photo","https://www.facebook.com/RepJoseSerrano/photos/a.300710048512.143284.273446508512/10154387154083513/?type=3","273446508512_10154387154083513",NA,14,0,0
"273446508512","Congressman José E. Serrano","President Trump is considering a proposal to cut HUD’s budget by $6 billion dollars. This is an insult to the moral character of our nation. HUD funds many programs across the country that assist the homeless and low income individuals that cannot afford housing without assistance. This cut would potentially leave many vulnerable Americans out in the streets. President Trump promised the American people that he would help low-income communities and this proposal would do the complete opposite. If this is included in his final budget proposal then I will make sure to do everything within my capacity to prevent its implementation by the Appropriations Committee. #HUDCut","2017-03-09T17:15:47+0000","photo","https://www.facebook.com/RepJoseSerrano/photos/a.300710048512.143284.273446508512/10154377523563513/?type=3","273446508512_10154377523563513",NA,17,2,5
"273446508512","Congressman José E. Serrano","‪Met & spoke to The Science Coalition composed of more than 50 public & private research universities about the future of federal funding. ‬","2017-03-09T15:53:14+0000","photo","https://www.facebook.com/RepJoseSerrano/photos/a.300710048512.143284.273446508512/10154377274923513/?type=3","273446508512_10154377274923513",NA,17,1,2
"273446508512","Congressman José E. Serrano","‪#IFightFor affordable health care for all women & families, because health care isn’t a privilege – it’s a human right. #DayWithoutAWoman ‬","2017-03-08T17:11:10+0000","photo","https://www.facebook.com/RepJoseSerrano/photos/a.300710048512.143284.273446508512/10154373550478513/?type=3","273446508512_10154373550478513",NA,12,1,1
"273446508512","Congressman José E. Serrano","‪We've lost a legendary musician known throughout the world. A Latin Jazz Artist who made us all proud of him. R.I.P. Dave Valentin. #Bronx ‬","2017-03-08T16:41:17+0000","photo","https://www.facebook.com/RepJoseSerrano/photos/a.300710048512.143284.273446508512/10154373501573513/?type=3","273446508512_10154373501573513",NA,19,3,3
"273446508512","Congressman José E. Serrano","The GOP’s health care bill is a #RxForDisaster for America’s families!","2017-03-08T15:26:19+0000","photo","https://www.facebook.com/RepJoseSerrano/photos/a.300710048512.143284.273446508512/10154373364978513/?type=3","273446508512_10154373364978513",NA,5,0,0
"273446508512","Congressman José E. Serrano","I am deeply troubled by Congressional Republican’s plan to repeal and replace the Affordable Care Act. The “so-called American Health Care Act” will cause 20 million Americans, including 400,000 in the Bronx, to lose coverage by phasing out the vital Medicaid expansion and re-engineering tax credits that will once again put low-income and working class Americans at a disadvantage from accessing affordable care. The age-based tax credits also openly discriminate against older Americans who use health care more frequently. Americans who have pre-existing conditions will once again have insurance companies cut off access to care once they reach their lifetime insurance limit. The graphic below shows how negatively my constituents will be impacted by this proposal. As your member of Congress, I will fight to protect Medicaid expansion, subsidies to make coverage more affordable, and the invaluable consumer protections under the ACA.","2017-03-07T21:18:20+0000","photo","https://www.facebook.com/RepJoseSerrano/photos/a.300710048512.143284.273446508512/10154371151098513/?type=3","273446508512_10154371151098513",NA,27,1,3
"273446508512","Congressman José E. Serrano","R.I.P. #MiriamColon a pioneer and giant in our community. Her career included close to 100 films & 250 TV appearances. Founder of the Puerto Rican Traveling Theater. #legacy","2017-03-04T02:33:37+0000","photo","https://www.facebook.com/RepJoseSerrano/photos/a.300710048512.143284.273446508512/10154360565003513/?type=3","273446508512_10154360565003513",NA,52,10,12
"273446508512","Congressman José E. Serrano","I was thrilled to hear that NOAA has included the #HudsonCanyon in its inventory of sites being considered for National Marine Sanctuary status. This past November, I led 13 Members of Congress in sending a letter to NOAA asking for them to take this step. The designation of the Canyon as a National Marine Sanctuary will help ensure that the canyon’s resources are utilized in a sustainable manner that protects its biodiversity, and allows visitors to enjoy this marine treasure for generations to come. I want to thank the local elected officials, private sector stakeholders, and environmental groups who helped make this possible. Read more here: http://bit.ly/2mUPYAe","2017-03-04T01:05:18+0000","photo","https://www.facebook.com/RepJoseSerrano/photos/a.300710048512.143284.273446508512/10154360393918513/?type=3","273446508512_10154360393918513",NA,13,1,3
"273446508512","Congressman José E. Serrano","Last week, I, along with several of my colleagues in the NYC Congressional Delegation, sent a letter to the NYC Department of Education seeking answers and clarification on the City’s response to high lead levels in our public schools. Lead exposure is not something to take lightly. It seriously puts our children’s health and development at risk. The City must be fully transparent with the findings of their investigations; notify all parents- regardless of language- about the situation; and provide a timeline for immediately addressing contaminated water systems or infrastructure. All of our children deserve to have access to a safe, lead-free learning environment. Read more here: http://bit.ly/2mmMNo4","2017-03-03T21:19:30+0000","status",NA,"273446508512_10154359797898513",NA,14,2,4
"273446508512","Congressman José E. Serrano","‪Photo of the New York Congressional delegation in the 115th Congress. #EmpireState ‬","2017-03-01T19:55:23+0000","photo","https://www.facebook.com/RepJoseSerrano/photos/a.300710048512.143284.273446508512/10154353730468513/?type=3","273446508512_10154353730468513",NA,18,6,1
"273446508512","Congressman José E. Serrano","‪At #SOTU wearing the @ACLU ribbon. Committed more than ever to protect our precious rights under our constitution. #USA ‬","2017-03-01T02:27:56+0000","photo","https://www.facebook.com/RepJoseSerrano/photos/a.300710048512.143284.273446508512/10154352141908513/?type=3","273446508512_10154352141908513",NA,45,2,2
"273446508512","Congressman José E. Serrano","Today I was heartened to see Democrats and Republicans offer testimony in support of programs that are rumored to be targeted for spending cuts like the COPS program, the Legal Services Corporation, and funding for the Violence Against Women Act (VAWA). Republicans and Democrats in Congress alike made it clear that gutting spending in important social and economic programs is a non-starter in Congress. http://bit.ly/2l8SBlh","2017-02-28T23:18:11+0000","photo","https://www.facebook.com/RepJoseSerrano/photos/a.300710048512.143284.273446508512/10154351829668513/?type=3","273446508512_10154351829668513",NA,13,1,4
"273446508512","Congressman José E. Serrano","With @SenatorSerrano at our annual #BlackHistoryMonth  celebration. Held at @HostosCollege @TishJames @BronxDAClark @RenYouthCenter","2017-02-27T20:48:30+0000","photo","https://www.facebook.com/RepJoseSerrano/photos/a.300710048512.143284.273446508512/10154349397228513/?type=3","273446508512_10154349397228513",NA,23,1,4
"273446508512","Congressman José E. Serrano","Great Black History Month Celebration today with @nysenatorrivera. We honored community leaders and the contributions of all members of the community  throughout the history of our country.","2017-02-25T23:45:35+0000","photo","https://www.facebook.com/RepJoseSerrano/photos/a.300710048512.143284.273446508512/10154344724573513/?type=3","273446508512_10154344724573513",NA,19,1,1
"273446508512","Congressman José E. Serrano","‪Today at 1pm I will be honored to join NYSenatorRivera as we celebrate Black History Month. See attached flyer  for information. #BHM","2017-02-25T15:34:40+0000","photo","https://www.facebook.com/RepJoseSerrano/photos/a.300710048512.143284.273446508512/10154343800968513/?type=3","273446508512_10154343800968513",NA,3,0,1
"273446508512","Congressman José E. Serrano","‪With my colleague @RepEspaillat at our Dominican Heritage Month Celebration  ‬","2017-02-23T16:59:48+0000","photo","https://www.facebook.com/RepJoseSerrano/photos/a.300710048512.143284.273446508512/10154338900678513/?type=3","273446508512_10154338900678513",NA,37,3,3
"273446508512","Congressman José E. Serrano","This coming Monday @senatorserrano and I will hold our annual Black History Month Celebration. The attached flyer has all the information.","2017-02-22T15:20:16+0000","photo","https://www.facebook.com/RepJoseSerrano/photos/a.300710048512.143284.273446508512/10154336565568513/?type=3","273446508512_10154336565568513",NA,10,1,2
"273446508512","Congressman José E. Serrano","Tonight @RepEspaillat and I celebrated Dominican Heritage Month by honoring community leaders-Sussie Lozada, Eddie Cuesta & Jaime Vargas. We honor the Dominican community for all of their contributions to our country.","2017-02-22T03:39:34+0000","photo","https://www.facebook.com/RepJoseSerrano/photos/a.300710048512.143284.273446508512/10154335602238513/?type=3","273446508512_10154335602238513",NA,43,1,6
"273446508512","Congressman José E. Serrano","Great honor to join @nysenatorrivera in celebrating Black History Month. Join us for this great celebration. #BHM2017","2017-02-21T21:35:02+0000","photo","https://www.facebook.com/RepJoseSerrano/photos/a.300710048512.143284.273446508512/10154334977738513/?type=3","273446508512_10154334977738513",NA,9,0,2
"273446508512","Congressman José E. Serrano","‪Tomorrow, Tuesday 2/21 join my colleague @RepEspaillat & @RepJoseSerrano as we celebrate #DominicanHeritageMonth. 5pm @LehmanCollege ‬","2017-02-20T14:28:28+0000","photo","https://www.facebook.com/RepJoseSerrano/photos/a.300710048512.143284.273446508512/10154331767123513/?type=3","273446508512_10154331767123513",NA,16,1,11
"273446508512","Congressman José E. Serrano","‪The Serrano Report for this week with information about my work in congress & in The Bronx is available online at:  http://bit.ly/2ltaz1q‬","2017-02-18T21:33:26+0000","photo","https://www.facebook.com/RepJoseSerrano/photos/a.300710048512.143284.273446508512/10154327730918513/?type=3","273446508512_10154327730918513",NA,20,3,5
"273446508512","Congressman José E. Serrano","Today I met with Luis Rivera Marin, Puerto Rico’s Secretary of State, as well as Carlos Mercader &  George Laws Garcia from the Puerto Rico Federal Affairs Administration (PRFAA) to discuss how the US Congress can help Puerto Rico. ____________________________________________________   Hoy me reuní con Luis G. Rivera Marín, Secretario de Estado de Puerto Rico, y con Carlos Mercader y George Laws Garcia de la Administración de Asuntos Federales de Puerto Rico para discutir como el Congreso de los Estados Unidos puede ayudar a Puerto Rico.","2017-02-15T20:42:23+0000","photo","https://www.facebook.com/RepJoseSerrano/photos/a.300710048512.143284.273446508512/10154317244778513/?type=3","273446508512_10154317244778513","Congressman José E. Serrano at United States Capitol.",86,8,18
"273446508512","Congressman José E. Serrano","To All-----Have A Wonderful Day!!!------------------- Feliz Día!!!","2017-02-14T16:06:04+0000","photo","https://www.facebook.com/RepJoseSerrano/photos/a.300710048512.143284.273446508512/10154314221288513/?type=3","273446508512_10154314221288513",NA,27,3,1
"273446508512","Congressman José E. Serrano","‪Proud to join today with The Muslin & Immigrant Coalition For justice--against the travel ban and the Wall. We marched along the Grand Concourse to the courthouse for a rally. #Bronx @Vpichardo86 @CnDelarosa ‬","2017-02-12T23:16:22+0000","photo","https://www.facebook.com/RepJoseSerrano/photos/a.300710048512.143284.273446508512/10154310387083513/?type=3","273446508512_10154310387083513",NA,52,10,3
"273446508512","Congressman José E. Serrano","Yesterday the #9thCircuitCourtOfAppeals maintained the freeze on the unconstitutional #MuslimBan ordered by the Trump administration. With this ruling our justice system made sure that justice and our Constitution prevailed.  There will be more court cases on this issue- and we will be ready to continue fighting against bigotry.","2017-02-10T18:48:51+0000","photo","https://www.facebook.com/RepJoseSerrano/photos/a.300710048512.143284.273446508512/10154304936718513/?type=3","273446508512_10154304936718513",NA,37,1,7
"273446508512","Congressman José E. Serrano","Today I led 38 House Democrats in sending a letter to the Department of Homeland Security Inspector General and their Office for Civil Rights and Civil Liberties calling for comprehensive investigations into reports of the potential abuse of civil rights & constitutional rights perpetrated by U.S. Customs and Border Protection (CBP) officers during the implementation of President Trump's #MuslimBan Executive Order.   The reports indicate that C.B.P. officials denied detainees access to legal representation, and coerced visa holders and Legal Permanent Residents into signing documents that would relinquish their legal immigration status. If the reports are accurate the actions undertaken by these officers undermine important provisions of our Constitution and the rule of law in the United States.   That is why we are asking these two offices to investigate these reports so that individuals that acted illegally can be held accountable, and to ensure that our immigration system is administered in a fair, impartial, and constitutional manner.  You can read the letter here: http://bit.ly/2k8fZu2","2017-02-09T22:17:40+0000","status",NA,"273446508512_10154302896073513",NA,34,7,5
"273446508512","Congressman José E. Serrano","Joyce Kilmer Park on the Grand Concourse in the Bronx. A winter wonderland!!!","2017-02-09T19:19:48+0000","video","https://www.facebook.com/RepJoseSerrano/videos/10154302574183513/","273446508512_10154302574183513",NA,47,7,4
"273446508512","Congressman José E. Serrano","‪Earlier in the day on the Grand Concourse in the Bronx. More snow fell after this photo. ‬","2017-02-09T18:57:59+0000","photo","https://www.facebook.com/RepJoseSerrano/photos/a.300710048512.143284.273446508512/10154302531143513/?type=3","273446508512_10154302531143513",NA,182,19,3
"273446508512","Congressman José E. Serrano","Spoke with members of #AFGE 3355 about how the Equal Opportunity Employment Commission protects federal employees from discrimination.","2017-02-07T21:00:03+0000","photo","https://www.facebook.com/RepJoseSerrano/photos/a.300710048512.143284.273446508512/10154297507573513/?type=3","273446508512_10154297507573513",NA,27,2,3
"273446508512","Congressman José E. Serrano","Today I spoke with representatives of the AFGE Local 3369 about the challenges being faced by the employees of the Social Security Administration, and how our office can help. Attending the meeting were--Alberto Garmes, Edwin Osorio and Jennifer Ramirez","2017-02-06T22:22:21+0000","photo","https://www.facebook.com/RepJoseSerrano/photos/a.300710048512.143284.273446508512/10154295199043513/?type=3","273446508512_10154295199043513",NA,42,3,5
"273446508512","Congressman José E. Serrano","The Serrano Report for this week with information about my work in congress & The Bronx is available online at: go.usa.gov/x968F","2017-02-03T16:55:50+0000","photo","https://www.facebook.com/RepJoseSerrano/photos/a.300710048512.143284.273446508512/10154286590758513/?type=3","273446508512_10154286590758513",NA,24,2,1
"273446508512","Congressman José E. Serrano","I am thrilled to take the helm and lead Democrats' work on the Commerce, Justice and Science Appropriations Subcommittee. With President Donald J. Trump in power, our work in Congress to preserve important rights and programs is now more than important than ever.","2017-02-02T15:03:32+0000","photo","https://www.facebook.com/RepJoseSerrano/photos/a.300710048512.143284.273446508512/10154283762628513/?type=3","273446508512_10154283762628513",NA,24,4,3
"273446508512","Congressman José E. Serrano","‪Today is the deadline to sign-up for the #AffordableCareAct. If you live in NYC please visit http://on.ny.gov/1dpQ8F0 for info. ‬ ‪","2017-01-31T17:19:11+0000","photo","https://www.facebook.com/RepJoseSerrano/photos/a.300710048512.143284.273446508512/10154278851688513/?type=3","273446508512_10154278851688513",NA,4,3,5
"273446508512","Congressman José E. Serrano","‪Great meeting today in the Bronx with members of @1199SEIU to discuss the affordable care act and other community issues.‬","2017-01-31T03:41:54+0000","photo","https://www.facebook.com/RepJoseSerrano/photos/a.300710048512.143284.273446508512/10154277474153513/?type=3","273446508512_10154277474153513",NA,47,3,0
"273446508512","Congressman José E. Serrano","Standing with @HouseDemocrats and refugees against @POTUS #MuslimBan at the Supreme Court","2017-01-30T23:56:37+0000","photo","https://www.facebook.com/RepJoseSerrano/photos/a.300710048512.143284.273446508512/10154277011073513/?type=3","273446508512_10154277011073513",NA,78,32,11
"273446508512","Congressman José E. Serrano","Today I joined House Democrats in co-sponsoring the Statue of Liberty Values (SOLVE) Act that would rescind the executive order signed by President Trump establishing a unconstitutional #MuslimBan in the United States. Our country is built on the values of tolerance and diversity, and places like the Bronx would not be what they are today without the contributions of immigrants, refugees, and Muslim-Americans.  The Trump administration’s executive order threatens to destroy that proud tradition in the name of national security.   In the wake of this announcement, people from all across the political spectrum, including thousands of protestors, have made it clear that our country should not turn its back on the people that need it the most. As a member of the Appropriations committee I will do everything in my power to make sure government funds are not used to carry out this immoral and illegal executive order. #RefugeesWelcome","2017-01-30T21:43:07+0000","photo","https://www.facebook.com/RepJoseSerrano/photos/a.300710048512.143284.273446508512/10154276787653513/?type=3","273446508512_10154276787653513",NA,49,3,9
"273446508512","Congressman José E. Serrano","The executive orders issued by @potus are full of hate and bigotry. We must all oppose them. Discrimination against Muslims is not constitutional. These executive orders go against everything we stand for as a great nation.","2017-01-29T16:34:12+0000","photo","https://www.facebook.com/RepJoseSerrano/photos/a.300710048512.143284.273446508512/10154273687698513/?type=3","273446508512_10154273687698513",NA,68,22,7
"273446508512","Congressman José E. Serrano","La fecha límite de inscripción para el #ACA es el 31 de Enero de 2017, y queremos asegurarnos que nuestros constituyentes tengan la información adecuada para realizar el trámite. Si vives en Nueva York por favor visita la página web https://nystateofhealth.ny.gov/individual?lang=es para obtener información en español.   También puede visitar la página web https://info.nystateofhealth.ny.gov/events para ver un calendario de eventos comunitarios en donde puede inscribirse en un plan de seguro médico. Si necesita asistencia para el proceso de inscripción puede hacer una cita con un representante en persona a través de este link https://info.nystateofhealth.ny.gov/IPANavigatorSiteLocations,  para que una persona adiestrada en el proceso de inscripción le brinde ayuda.   Por favor recuerde inscribirse antes de Enero 31 del 2017. Individuos que no estén cubierto por el #ACA luego de esa fecha podrían enfrentar una multa de $695 por adulto, y $347 por niño.","2017-01-28T15:58:00+0000","photo","https://www.facebook.com/RepJoseSerrano/photos/a.300710048512.143284.273446508512/10154271282653513/?type=3","273446508512_10154271282653513",NA,11,2,6
"273446508512","Congressman José E. Serrano","As the deadline to #GetCovered with #ACA health insurance approaches we want to make sure you know all of the resources that are available. If you live in New York city please visit www.nystateofhealth.ny.gov to get information on how to sign-up.   You can also visit https://info.nystateofhealth.ny.gov/events to see a calendar of community events where you can #GetCoveredNYC. If you need help with the enrollment process you can also visit https://info.nystateofhealth.ny.gov/IPANavigatorSiteLocations to make an appointment with an In-Person Assistors.   Please remember to get covered before the January 31st, 2017 deadline. Individuals not enrolled will face fines of up to $695 per adult and $347 per child.","2017-01-28T15:52:00+0000","photo","https://www.facebook.com/RepJoseSerrano/photos/a.300710048512.143284.273446508512/10154271272958513/?type=3","273446508512_10154271272958513",NA,6,1,3
"273446508512","Congressman José E. Serrano",NA,"2017-01-27T20:36:50+0000","photo","https://www.facebook.com/RepJoseSerrano/photos/a.300710048512.143284.273446508512/10154269548183513/?type=3","273446508512_10154269548183513","Congressman José E. Serrano added a new photo.",35,7,7
"273446508512","Congressman José E. Serrano","W/colleagues in opposition to @POTUS proposals on immigration. @rubendiazjr @RepEspaillat @MarcosCrespo85 @Salamancajr80 @LuisSepulvedaNY #NoWallNoBan","2017-01-26T16:24:53+0000","photo","https://www.facebook.com/RepJoseSerrano/photos/a.300710048512.143284.273446508512/10154266761493513/?type=3","273446508512_10154266761493513",NA,63,9,21
"273446508512","Congressman José E. Serrano","‪Very sad to learn of the passing of my dear friend and colleague former Congressman Robert ""Bobby"" Garcia. A pioneer in our community.  Bobby and I were friends for decades. He served in the NY Assembly, NY State Senate and the U.S. Congress. He was involved in many issues that affected our community. R.I.P. my friend.","2017-01-26T00:44:05+0000","photo","https://www.facebook.com/RepJoseSerrano/photos/a.300710048512.143284.273446508512/10154265162993513/?type=3","273446508512_10154265162993513",NA,66,47,33
"273446508512","Congressman José E. Serrano","The White House website keeps citizens informed about the actions undertaken by the President, as well as the executive branch policies and initiatives. That is why I find it disturbing that the Trump administration took down its Spanish-language version upon entering office, which will make it harder for the over 40 million native Spanish speakers that reside in the US to be informed about our government’s actions. Our Hispanic population’s needs and concerns have to be addressed; removing Spanish from our government’s website without having a suitable replacement ready is a clear indication that the Trump administration does not care about all Americans.   ---------------------------------   La página web de la Casa Blanca mantiene informados a nuestros ciudadanos sobre las acciones del Presidente, además de las iniciativas y la política pública de la rama ejecutiva. Es por esto que me perturba el saber que la administración de Trump eliminó la sección en español de la página web, haciendo más difícil el que los más de 40 millones de habitantes hispanoparlantes que residen en los Estados Unidos se mantengan informados acerca de las acciones de nuestro gobierno. Las preocupaciones y necesidades de la comunidad hispana tienen que ser resueltas; el quitar el español de la página web de nuestro gobierno sin tener un reemplazo disponible es una señal clara de que a la administración de Trump no le importan todos los americanos.","2017-01-24T17:19:22+0000","photo","https://www.facebook.com/RepJoseSerrano/photos/a.300710048512.143284.273446508512/10154260660403513/?type=3","273446508512_10154260660403513",NA,48,12,44
"273446508512","Congressman José E. Serrano","‪More photos from today's #WomensMarch in Washington. A great demonstration of unity, concern and hope for the future. ‬","2017-01-22T00:02:25+0000","photo","https://www.facebook.com/RepJoseSerrano/photos/a.300710048512.143284.273446508512/10154250561578513/?type=3","273446508512_10154250561578513",NA,135,15,11
"273446508512","Congressman José E. Serrano",NA,"2017-01-21T22:28:17+0000","video","https://www.facebook.com/RepJoseSerrano/videos/10154250316273513/","273446508512_10154250316273513",NA,49,5,4
"273446508512","Congressman José E. Serrano","‪My credentials to participate in support of the #WomensMarch today in Washington. Together we will face the challenges ahead. ‬","2017-01-21T13:06:26+0000","photo","https://www.facebook.com/RepJoseSerrano/photos/a.300710048512.143284.273446508512/10154248832158513/?type=3","273446508512_10154248832158513",NA,111,5,6
"273446508512","Congressman José E. Serrano","Thank you Mr. President for your friendship, leadership, vision and especially your love for our great country. As you leave the Presidency, you leave our country a better place. And a special thank you to our First Lady @michelleobama and to the whole First Family. -------------------Gracias Señor Presidente por su amistad, labor, visión y amor a nuestra gran nación.","2017-01-20T04:43:41+0000","photo","https://www.facebook.com/RepJoseSerrano/photos/a.300710048512.143284.273446508512/10154245289863513/?type=3","273446508512_10154245289863513",NA,163,7,15
"273446508512","Congressman José E. Serrano","Congratulations @Pudge_Rodriguez on reaching the Hall of Fame. One of the all time greats. It was a joy to watch you play.-----------------  Felicidades Iván Pudge Rodriguez por llegar al Salón De La Fama.  Una estrella en la historia del baseball.  #OrgulloBoricua","2017-01-19T00:30:13+0000","photo","https://www.facebook.com/RepJoseSerrano/photos/a.300710048512.143284.273446508512/10154242368408513/?type=3","273446508512_10154242368408513",NA,64,5,5
"273446508512","Congressman José E. Serrano","Today President Obama announced that he was using his Presidential pardon powers to commute the sentence of #OscarLopez, a Puerto Rican independence activist who has been imprisoned for over 35 years. All Puerto Ricans have been united on the need to bring Oscar home, and I want to express my gratitude to President Obama for listening to the thousands of voices- from all over our nation and the world - that asked for clemency.     Hoy el Presidente Obama anunció que utilizará su poder de otorgar un perdón presidencial para liberar a #OscarLopez, un activista independentista puertorriqueño que ha estado en prisión por más de 35 años. Toda la comunidad puertorriqueña ha estado unida en el reclamo de liberar a Oscar, y quiero aprovechar este momento para darle las gracias al Presidente Obama por escuchar las miles de voces, dentro de la nación americana y alrededor del mundo, que clamaron por clemencia.","2017-01-17T22:26:05+0000","photo","https://www.facebook.com/RepJoseSerrano/photos/a.300710048512.143284.273446508512/10154239716108513/?type=3","273446508512_10154239716108513",NA,97,28,34
"273446508512","Congressman José E. Serrano","Speaking at Union Grove about Dr. King's legacy and the challenge of the next 4 years. Thank you @pastorfcrawford #Bronx","2017-01-16T21:14:13+0000","photo","https://www.facebook.com/RepJoseSerrano/photos/a.300710048512.143284.273446508512/10154237059088513/?type=3","273446508512_10154237059088513",NA,73,8,2
"273446508512","Congressman José E. Serrano","Speaking at @FoodBank4NYC renovation at Bright Temple AME church for future soup kitchen in Hunts Point #Bronx #MLKday2017","2017-01-16T21:10:15+0000","photo","https://www.facebook.com/RepJoseSerrano/photos/a.300710048512.143284.273446508512/10154237052298513/?type=3","273446508512_10154237052298513",NA,42,5,2
"273446508512","Congressman José E. Serrano","‪Hoy recordamos muchas de las palabras del Dr. Martin Luther King. Más que todo nunca dejar de luchar por La Paz y la igualdad. ‬","2017-01-16T13:20:38+0000","photo","https://www.facebook.com/RepJoseSerrano/photos/a.300710048512.143284.273446508512/10154236228793513/?type=3","273446508512_10154236228793513",NA,57,0,13
"273446508512","Congressman José E. Serrano","Today we remember the legacy of Martin Luther King, Jr and his words that ring true decades later. Let’s keep moving forward.","2017-01-16T12:56:25+0000","photo","https://www.facebook.com/RepJoseSerrano/photos/a.300710048512.143284.273446508512/10154236191953513/?type=3","273446508512_10154236191953513",NA,67,8,14
"273446508512","Congressman José E. Serrano","‪I stand with my colleague and American Hero @repjohnlewis against the attacks by the president-elect. #StandWithJohnLewis #CivilRightsHero‬","2017-01-15T13:57:34+0000","photo","https://www.facebook.com/RepJoseSerrano/photos/a.300710048512.143284.273446508512/10154233640273513/?type=3","273446508512_10154233640273513",NA,119,33,14
"273446508512","Congressman José E. Serrano","The Serrano Report for this week with information about my work in Congress & The Bronx is available online at: go.usa.gov/x9EZh","2017-01-14T13:34:10+0000","photo","https://www.facebook.com/RepJoseSerrano/photos/a.300710048512.143284.273446508512/10154231012728513/?type=3","273446508512_10154231012728513",NA,27,3,3
"273446508512","Congressman José E. Serrano","A 20 year old conviction for turnstile jumping or another minor infraction should not lead to deportation. Without action, individuals with minor violations on their records could be forced to go back to a country they do not know and they may be separated from their spouses and children- leading to unnecessary emotional and economic harm.  President Obama has previously used his executive authority to deprioritize the deportation of these individuals- but I've just led a letter with my colleague Representative Nydia Velázquez asking that he use his pardon powers to ensure their safety and security beyond January 20th: http://bit.ly/2joOuNz","2017-01-13T16:53:33+0000","status",NA,"273446508512_10154228702318513",NA,17,7,4
"273446508512","Congressman José E. Serrano","I will not attend the #inauguration2017 next week- cannot celebrate the inauguration of a man who has no regard for my constituents. #Bronx","2017-01-12T21:09:37+0000","photo","https://www.facebook.com/RepJoseSerrano/photos/a.300710048512.143284.273446508512/10154226290313513/?type=3","273446508512_10154226290313513",NA,440,156,169
"273446508512","Congressman José E. Serrano","‪W/colleagues from the @CHCI for the inauguration of our Caucus officers. Dedicated to work on issues that affect all communities in U.S.A. ‬","2017-01-11T22:31:23+0000","photo","https://www.facebook.com/RepJoseSerrano/photos/a.300710048512.143284.273446508512/10154222423703513/?type=3","273446508512_10154222423703513",NA,26,6,3
"273446508512","Congressman José E. Serrano","‪The Serrano Report for this week with information about our work in congress & the Bronx is available online at: http://go.usa.gov/x95mu‬ ‪ ‬","2017-01-11T18:36:30+0000","photo","https://www.facebook.com/RepJoseSerrano/photos/a.300710048512.143284.273446508512/10154221466573513/?type=3","273446508512_10154221466573513",NA,26,3,3
"273446508512","Congressman José E. Serrano",NA,"2017-01-10T20:50:10+0000","photo","https://www.facebook.com/RepJoseSerrano/photos/a.300710048512.143284.273446508512/10154219467003513/?type=3","273446508512_10154219467003513","Congressman José E. Serrano added a new photo.",69,9,21
"273446508512","Congressman José E. Serrano","Feliz Día de Los 3 Reyes.  Paz!!!","2017-01-06T21:38:52+0000","photo","https://www.facebook.com/RepJoseSerrano/photos/a.300710048512.143284.273446508512/10154210148233513/?type=3","273446508512_10154210148233513",NA,42,5,0
"273446508512","Congressman José E. Serrano","A bittersweet moment for @HouseDemocrats. Always exciting to hear our @POTUS but  faced  with the realization that it's the last time.--------Un momento agridulce esta mañana para nosotros los demócratas.  @Barack Obama se dirigió a nosotros por última vez como nuestro Presidente. Gracias Señor Presidente por su labor, su visión y su amor a nuestra nación.","2017-01-05T17:41:04+0000","photo","https://www.facebook.com/RepJoseSerrano/photos/a.300710048512.143284.273446508512/10154205954493513/?type=3","273446508512_10154205954493513",NA,40,3,3
"273446508512","Congressman José E. Serrano","Video of my speech during Adriano Espaillat swearing-in yesterday. Congressman Espaillat is the first Dominican to be elected to the U.S. Congress.  ------------------------------------------------------------------------------------------ Video de mi mensaje en la juramentación de Adriano Espaillat. El Congresista Espaillat es el primer dominicano en ser electo al Congreso de los Estados Unidos.","2017-01-04T19:01:39+0000","video","https://www.facebook.com/RepJoseSerrano/videos/10154205138708513/","273446508512_10154205138708513","Congressman José E. Serrano at United States Capitol.",31,1,12
"273446508512","Congressman José E. Serrano","Getting ready to join our #Senate colleagues as @POTUS Obama discusses our strategy to stop republicans  from destroying the #ACA","2017-01-04T15:08:41+0000","photo","https://www.facebook.com/RepJoseSerrano/photos/a.300710048512.143284.273446508512/10154204697318513/?type=3","273446508512_10154204697318513",NA,108,9,8
"273446508512","Congressman José E. Serrano","Today I will be sworn in to my 27th year in congress & 43rd year as an elected official. Thanks to the people of the Bronx for this honor.","2017-01-03T17:48:51+0000","photo","https://www.facebook.com/RepJoseSerrano/photos/a.300710048512.143284.273446508512/10154202346738513/?type=3","273446508512_10154202346738513",NA,309,42,17
"273446508512","Congressman José E. Serrano","Wishing everyone a 2017 full of peace, good health and happiness. -------Deseandole a todos un 2017 lleno de paz, buena salud y felicidad.","2017-01-02T14:21:45+0000","photo","https://www.facebook.com/RepJoseSerrano/photos/a.300710048512.143284.273446508512/10154198728548513/?type=3","273446508512_10154198728548513",NA,81,11,3
