"from_id","from_name","message","created_time","type","link","id","story","likes_count","comments_count","shares_count"
"1036040879754716","Congressman Ken Buck","Check out this video of Scott Johnson, whom I had the honor of nominating to the U.S. Air Force Academy. Scott shares why he is so excited to serve our nation as an officer in the U.S. military.","2017-06-22T14:06:00+0000","video","https://www.facebook.com/repkenbuck/videos/1960200124005449/","1036040879754716_1960200124005449",NA,40,3,2
"1036040879754716","Congressman Ken Buck","I’m glad to see these efforts by the Department of Veterans Affairs to use taxpayer dollars wisely. The more efficient the VA’s use of resources, the better the agency will be able to serve our veterans.","2017-06-22T01:02:00+0000","link","http://thehill.com/policy/defense/338637-va-pledges-action-on-1200-vacant-underused-buildings","1036040879754716_1960775233947938",NA,37,13,2
"1036040879754716","Congressman Ken Buck","Today, I spoke on the floor in favor of H.R. 1654, legislation that will streamline the process of permitting water projects in Colorado.   I've been calling for reforms of this process for a long time, especially in light of the delays faced by the Northern Integrated Supply Process (NISP) in Northern Colorado.","2017-06-21T22:03:00+0000","video","https://www.facebook.com/repkenbuck/videos/1960757193949742/","1036040879754716_1960757193949742",NA,75,15,7
"1036040879754716","Congressman Ken Buck","This year, I had the honor of seeing 14 young men and women from the 4th Congressional District who I nominated to a United States Service Academy receive an offer of appointment. I'm so proud of these students, and I trust they'll rise to the challenge demanded them as officers in the U.S. military.","2017-06-21T17:54:52+0000","link","https://buck.house.gov/media-center/press-releases/congressman-ken-buck-announces-military-academy-appointments","1036040879754716_1960574910634637",NA,70,6,0
"1036040879754716","Congressman Ken Buck","This week, I spoke to a group of students visiting the Capitol with Colorado Rural Electric Association. We discussed my current legislative agenda, which includes reining in government spending. Our youth shouldn't have to shoulder the burden of our current fiscal irresponsibility.","2017-06-16T14:56:00+0000","photo","https://www.facebook.com/repkenbuck/photos/a.1057821127576691.1073741828.1036040879754716/1951722368186558/?type=3","1036040879754716_1951726921519436","Congressman Ken Buck added 3 new photos.",36,28,1
"1036040879754716","Congressman Ken Buck","Here at the Congressional Baseball game with my staff. I’m thankful to be here, with them, all of us unscathed from the attacks this week. And I’m thankful my colleague, Rep. Scalise, and the Capitol Police and the staff members who were shot on Wednesday are alive—though they still need our prayers for this tough recovery process.   We’re here in defiance—for our friends and colleagues who were attacked this week. For the ideal of civil discourse. For a peaceful political system. For a unified America that can debate and argue and at the end of the day watch a charity baseball game together.","2017-06-16T00:40:32+0000","photo","https://www.facebook.com/repkenbuck/photos/a.1057821127576691.1073741828.1036040879754716/1952091174816344/?type=3","1036040879754716_1952091174816344",NA,148,20,7
"1036040879754716","Congressman Ken Buck","I had the chance to visit with several business leaders and local officials from the 4th District at a meeting of Accelerate Colorado in DC. We talked about the achievements of this current Congress and the ways we're trying to promote economic growth for Colorado.","2017-06-15T19:45:00+0000","photo","https://www.facebook.com/repkenbuck/photos/a.1057821127576691.1073741828.1036040879754716/1951715121520616/?type=3","1036040879754716_1951715121520616",NA,30,26,2
"1036040879754716","Congressman Ken Buck","From the farmer in Prowers County to the small business owner in Longmont, we need strong local banks that can responsibly provide credit to their communities. The Financial CHOICE Act will reinvigorate community banks, helping Colorado's economy and spurring job growth.   Check out my op-ed on the bill:","2017-06-15T15:24:00+0000","link","http://www.greeleytribune.com/news/opinion/buck-choice-act-will-reinvigorate-community-banks-small-businesses/","1036040879754716_1950483811643747",NA,32,21,6
"1036040879754716","Congressman Ken Buck","Praying for my colleague Majority Whip Scalise and everyone else who was injured this morning at the congressional charity baseball game practice. Still waiting for more details.","2017-06-14T12:18:28+0000","status",NA,"1036040879754716_1949844665040995",NA,120,45,7
"1036040879754716","Congressman Ken Buck","I applaud the administration’s work to allow American farmers to export beef and beef products to China. Cattle ranchers continue to serve an important role in the economy and this development will give them access to a $2.5 billion beef import market in China. By giving ranchers and businessmen access to markets around the world, we improve the lives of countless Americans while strengthening our nation’s position in global trade.","2017-06-13T21:11:00+0000","link","http://www.hpj.com/carrico/us-china-finalize-details-to-open-beef-trade/article_c70106f2-5064-11e7-b753-879244d77fe0.html","1036040879754716_1948890211803107",NA,80,17,6
"1036040879754716","Congressman Ken Buck","I had the honor today of managing floor debate on the rule resolution for S. 1094, legislation that holds employees at the VA accountable for their actions and protects the whistleblowers there who expose wrongdoing. We can never fully repay our veterans for their sacrifice, but we can work on providing them quality medical care.","2017-06-13T18:07:13+0000","video","https://www.facebook.com/repkenbuck/videos/1948823031809825/","1036040879754716_1948823031809825",NA,119,26,13
"1036040879754716","Congressman Ken Buck","A new CMS study shows that nearly 2 million people who enrolled in Obamacare exchanges in the 2017 enrollment season have chosen not to pay their insurance premiums, letting their coverage lapse. Healthcare under Obamacare is simply too expensive for many Americans to afford the coverage they need. That’s why we need to continue working on repealing and replacing Obamacare with a system that works for all Americans.","2017-06-13T13:46:10+0000","link","http://www.washingtontimes.com/news/2017/jun/12/obamacare-lost-2-million-enrollees-2017-signups-tr/","1036040879754716_1948519148506880",NA,64,87,30
"1036040879754716","Congressman Ken Buck","Today we're voting on the CHOICE Act, important legislation that will promote job creation and economic growth for Main Street America. Watch the video below to hear why I support this bill.","2017-06-08T19:05:50+0000","video","https://www.facebook.com/repkenbuck/videos/1941810649177730/","1036040879754716_1941810649177730",NA,51,48,8
"1036040879754716","Congressman Ken Buck","On this day in 1944, Allied forces launched one of the largest amphibious military operations in history: Operation Overlord. Today, we remember and thank the brave soldiers who fought to protect our nation and put an end to tyranny in Europe.  “You are about to embark upon the Great Crusade, toward which we have striven these many months. The eyes of the world are upon you. The hopes and prayers of liberty-loving people everywhere march with you.” – General Dwight D. Eisenhower","2017-06-06T16:13:12+0000","photo","https://www.facebook.com/repkenbuck/photos/a.1057821127576691.1073741828.1036040879754716/1938896112802517/?type=3","1036040879754716_1938896112802517",NA,24,10,6
"1036040879754716","Congressman Ken Buck","Last week I met with officials in Haxtun to discuss the tragic brushfires that occurred a few months ago. We talked about the recovery process, what went well, what didn't go well, and how the federal government should be involved in situations like this in the future. I'm thankful that the community truly came together in the midst of this challenge to help each other and pull through.","2017-06-06T14:55:01+0000","photo","https://www.facebook.com/repkenbuck/photos/a.1057821127576691.1073741828.1036040879754716/1937825862909542/?type=3","1036040879754716_1937825862909542",NA,30,17,1
"1036040879754716","Congressman Ken Buck","Last week I had a chance to visit the Colorado Plains Regional Airport to view the on-site manufacturing and learn about the impact of FAA regulations. Infrastructure like this is important to our rural communities because it provides quality jobs and facilitates economic growth.","2017-06-05T21:48:56+0000","photo","https://www.facebook.com/repkenbuck/photos/a.1057821127576691.1073741828.1036040879754716/1937820589576736/?type=3","1036040879754716_1937820589576736",NA,27,13,2
"1036040879754716","Congressman Ken Buck","This week I met with farmers, ranchers, and others in the Yuma community to discuss agriculture issues. Agriculture is incredibly important to our district, not only because it provides jobs for so many individuals but because everybody in this nation relies on America's farmers for nourishment.","2017-06-02T21:22:00+0000","photo","https://www.facebook.com/repkenbuck/photos/a.1057821127576691.1073741828.1036040879754716/1932817460077049/?type=3","1036040879754716_1932817140077081","Congressman Ken Buck added 5 new photos.",56,23,2
"1036040879754716","Congressman Ken Buck","I met with small business owners in Fort Morgan this week to talk about job creation, regulations, and how the federal government can encourage economic growth in our community. I'm eager to take their ideas back to Washington with me.","2017-06-02T19:53:08+0000","photo","https://www.facebook.com/repkenbuck/photos/a.1057821127576691.1073741828.1036040879754716/1932859156739546/?type=3","1036040879754716_1932859476739514","Congressman Ken Buck added 3 new photos.",48,28,5
"1036040879754716","Congressman Ken Buck","The President's decision to withdraw from the Paris Accord is a win for Colorado. The deal disproportionately hurts the U.S. and lets the world's worst polluters off the hook. We can strive to reduce emissions in this country without participating in this poorly negotiated deal, a non-binding deal that President Obama never even sent to the Senate for approval.   From the linked article: “The Big Con at the heart of Paris is that even its supporters concede that meeting all of its commitments won’t prevent more than a 0.17 degree Celsius increase in global temperatures by 2100, far less than the two degrees that is supposedly needed to avert climate doom.”","2017-06-02T14:17:33+0000","link","https://www.wsj.com/articles/paris-climate-discord-1496272448","1036040879754716_1932464620112333",NA,255,256,96
"1036040879754716","Congressman Ken Buck","Enjoyed my visit with White Construction Group in Castle Rock this week. We chatted about construction industry issues and ways the federal government can facilitate economic growth.","2017-06-01T19:46:00+0000","photo","https://www.facebook.com/repkenbuck/photos/a.1057821127576691.1073741828.1036040879754716/1931058706919591/?type=3","1036040879754716_1931058706919591",NA,25,17,2
"1036040879754716","Congressman Ken Buck","Yesterday, I toured the Chick-Fil-A on Metzler Drive in Castle Rock, where I learned about the arduous process of becoming a Chick-Fil-A franchisee and about the way federal laws are impacting small businesses. Several constituents were enjoying lunch there at the same time, so I had a chance to chat with them as well!","2017-06-01T17:14:26+0000","photo","https://www.facebook.com/repkenbuck/photos/a.1057821127576691.1073741828.1036040879754716/1931046923587436/?type=3","1036040879754716_1931046923587436",NA,66,29,2
"1036040879754716","Congressman Ken Buck","I had the chance to speak with the Castle Rock Rotary Club this morning about current legislative issues facing the country. I'm encouraged by the way the club serves the Castle Rock community and I appreciated their policy input at breakfast this morning.","2017-06-01T00:05:00+0000","photo","https://www.facebook.com/repkenbuck/photos/a.1057821127576691.1073741828.1036040879754716/1929662737059188/?type=3","1036040879754716_1929662737059188",NA,22,8,0
"1036040879754716","Congressman Ken Buck","Yesterday, I toured the Greeley Refugee Center to learn about the issues faced by people newly arrived in our communities and how the center helps those individuals transition to life in America and successfully contribute to our society.","2017-05-31T20:17:00+0000","photo","https://www.facebook.com/repkenbuck/photos/a.1057821127576691.1073741828.1036040879754716/1929420193750109/?type=3","1036040879754716_1929422160416579","Congressman Ken Buck added 4 new photos.",51,32,10
"1036040879754716","Congressman Ken Buck","Last night I had a great discussion with members of the Douglas County Voices for Action group. We talked about a number of issues, including education, fiscal responsibility and the budget, healthcare, national security, and several local issues. We didn't agree on everything but I'm thankful we could have a conversation about the issues.","2017-05-31T17:51:26+0000","photo","https://www.facebook.com/repkenbuck/photos/a.1057821127576691.1073741828.1036040879754716/1929404637084998/?type=3","1036040879754716_1929408223751306","Congressman Ken Buck added 4 new photos.",37,20,3
"1036040879754716","Congressman Ken Buck","Today, we honor the men and women who have fallen fighting for our nation. We set aside one day to honor these fallen heroes, but really their memorial lives on in this country and its people, every day of the year.","2017-05-29T23:59:27+0000","photo","https://www.facebook.com/repkenbuck/photos/a.1057821127576691.1073741828.1036040879754716/1926772114014917/?type=3","1036040879754716_1926772114014917",NA,27,7,1
"1036040879754716","Congressman Ken Buck","A new report from the Department of Health and Human Services shows that premiums on the federal Obamacare exchanges increased on average by 105% between 2013 and 2017. That's an average premium increase of $244 per month in those states. Obamacare is failing too many people in this country. We need to lower premiums and ensure patients and doctors are the ones making health care decisions. The AHCA is the first step in this process.","2017-05-25T13:22:23+0000","photo","https://www.facebook.com/repkenbuck/photos/a.1057821127576691.1073741828.1036040879754716/1919649951393800/?type=3","1036040879754716_1919649951393800",NA,65,154,43
"1036040879754716","Congressman Ken Buck","I had the honor to manage debate on the House floor today for two important bills that protect children from abuse. We are all the guardians of our nation’s youth. We are all responsible for their childhood. We are all proponents of their future. That's why we need to pass these bills.","2017-05-24T20:05:01+0000","video","https://www.facebook.com/repkenbuck/videos/1919623671396428/","1036040879754716_1919623671396428",NA,46,29,1
"1036040879754716","Congressman Ken Buck","A pamphlet heralded our new democracy. Impassioned speeches fueled the abolitionists. An address on the National Mall prompted the end of segregation. We protect speech in this country because freedom and liberty can’t live without it.   This weekend, Vice President Pence offered a commencement address calling for the defense of free speech on our college campuses.   In case you missed it amidst all the coverage over the few students who walked out of the speech, I encourage you to listen to the Vice President's remarks. I'd love to know your thoughts.","2017-05-23T16:13:45+0000","video","https://www.youtube.com/watch?v=dmGYzkQ9UHg","1036040879754716_1917943694897759",NA,55,62,10
"1036040879754716","Congressman Ken Buck","I was honored to speak at the Vietnam Veterans Ceremony in Longmont a few days ago. I'm thankful for the men and women who have sacrificed, throughout our nation's history, to fight for freedom around the world.","2017-05-19T19:51:42+0000","photo","https://www.facebook.com/repkenbuck/photos/a.1057821127576691.1073741828.1036040879754716/1912984968726965/?type=3","1036040879754716_1912984968726965",NA,93,24,2
"1036040879754716","Congressman Ken Buck","I'm proud that this week the House passed the Thin Blue Line Act. I was honored to manage floor debate on this bill for the Rules Committee. This legislation makes the murder or attempted murder of a law enforcement officer or first responder an aggravating factor for Federal death penalty cases. In passing this bill, Congress is sending a clear message that America will not stand for the killing of law enforcement officers.","2017-05-19T14:49:58+0000","photo","https://www.facebook.com/repkenbuck/photos/a.1057821127576691.1073741828.1036040879754716/1907650185927110/?type=3","1036040879754716_1907650185927110",NA,73,31,15
"1036040879754716","Congressman Ken Buck","Last week I had the chance to visit Premium Powder Coating in Longmont, where we discussed issues facing the small business community. I'm focused on policies in Washington that will make it easier for businesses across Colorado to grow and add employees.","2017-05-18T19:15:16+0000","photo","https://www.facebook.com/repkenbuck/photos/a.1057821127576691.1073741828.1036040879754716/1911649905527138/?type=3","1036040879754716_1911650015527127","Congressman Ken Buck added 3 new photos.",37,24,1
"1036040879754716","Congressman Ken Buck","Last year, ambush-style killings of police officers were up by 167%. We must send a clear message to those criminals who believe it's ok to target law enforcement officers. That's why I'm thankful the House will be considering the Thin Blue Line Act this week, legislation which adds the killing or attempted killing of law enforcement or first responders as an aggravating factor in Federal death penalty cases. I have the honor of managing floor debate today for the rule resolution on this bill.   Our officers do their duty. This week we must do ours by passing the Thin Blue Line Act.","2017-05-17T15:23:46+0000","photo","https://www.facebook.com/repkenbuck/photos/a.1057821127576691.1073741828.1036040879754716/1907658785926250/?type=3","1036040879754716_1907658785926250",NA,41,28,4
"1036040879754716","Congressman Ken Buck","National Police Week gives us a chance to honor the men and women who put on a badge every day to protect and serve our communities. They pay a high price, and some pay the highest price, so that we can live safe and prosperous lives.","2017-05-15T20:30:54+0000","photo","https://www.facebook.com/repkenbuck/photos/a.1057821127576691.1073741828.1036040879754716/1907635715928557/?type=3","1036040879754716_1907635715928557",NA,13,9,3
"1036040879754716","Congressman Ken Buck","I'm excited to announce the 2017 Congressional App Challenge! If you're a high schooler in the Fourth Congressional District who knows how to code or wants to learn, then this challenge is for you. The challenge accepts submissions until November 1, but it never hurts to get an early start!","2017-05-15T18:19:14+0000","photo","https://www.facebook.com/repkenbuck/photos/a.1057821127576691.1073741828.1036040879754716/1907495565942572/?type=3","1036040879754716_1907495565942572",NA,8,11,4
"1036040879754716","Congressman Ken Buck","I recently toured and discussed important policy issues at North Colorado Medical Center's Western States Burn Center. I'm incredibly thankful for the men and women who work in this center to bring healing and wholeness back to those in our community who face the trauma of burn injuries.","2017-05-11T16:40:49+0000","photo","https://www.facebook.com/repkenbuck/photos/a.1057821127576691.1073741828.1036040879754716/1900214750003987/?type=3","1036040879754716_1900216123337183","Congressman Ken Buck added 4 new photos.",55,31,1
"1036040879754716","Congressman Ken Buck","Yesterday, I met with some incredible students at University High School in Greeley to discuss the process of applying for an appointment to a U.S. military academy. I'm proud that these students are considering serving their country in the armed forces.","2017-05-10T20:16:23+0000","photo","https://www.facebook.com/repkenbuck/photos/a.1057821127576691.1073741828.1036040879754716/1900191563339639/?type=3","1036040879754716_1900191563339639",NA,91,47,7
"1036040879754716","Congressman Ken Buck","It's National Teacher Appreciation Day, a chance for us to thank the men and women who spend so much of their lives investing in our children. Teachers pass academic knowledge on to our sons and daughters, but they also offer the wisdom and encouragement that will change the lives of our younger generation forever.","2017-05-10T02:16:44+0000","status",NA,"1036040879754716_1899007906791338",NA,43,44,4
"1036040879754716","Congressman Ken Buck","Americans are go-getters. Hard workers. Entrepreneurs. Innovators. Problem-solvers. No wonder there are more than 29 million small businesses in this country. We need to craft policy in Washington that helps them grow and create jobs.","2017-05-04T18:38:00+0000","photo","https://www.facebook.com/repkenbuck/photos/a.1057821127576691.1073741828.1036040879754716/1882490081776454/?type=3","1036040879754716_1882490081776454",NA,32,138,3
"1036040879754716","Congressman Ken Buck","Join me for a Facebook Live town hall.","2017-05-04T17:31:45+0000","video","https://www.facebook.com/repkenbuck/videos/1888402181185244/","1036040879754716_1888402181185244","Congressman Ken Buck was live.",80,345,17
"1036040879754716","Congressman Ken Buck","I had a great Skype conversation today with Ms. Westfall's class at Manzanola High School, where they're playing the Stock Market Game as part of the Capitol Hill Challenge. We discussed the stock market, the economy, and what's happening on Capitol Hill. I'm proud of these students, who are learning the financial skills that will help them personally and in their careers.","2017-05-03T20:15:58+0000","photo","https://www.facebook.com/repkenbuck/photos/a.1057821127576691.1073741828.1036040879754716/1886474968044632/?type=3","1036040879754716_1886474968044632",NA,34,34,0
"1036040879754716","Congressman Ken Buck","I'm holding a Facebook Live town hall tomorrow around 11:30 AM. I'd love to hear your questions and thoughts in the comment section. Leave them below or on the live video tomorrow.","2017-05-03T17:24:00+0000","status",NA,"1036040879754716_1885879491437513",NA,35,135,14
"1036040879754716","Congressman Ken Buck","Small Businesses create jobs. In fact, they create 63% of new jobs in this country. That's why we need federal policies that allow small businesses to focus on job growth instead of red tape and regulations.","2017-05-03T16:05:00+0000","photo","https://www.facebook.com/repkenbuck/photos/a.1057821127576691.1073741828.1036040879754716/1882479068444222/?type=3","1036040879754716_1882479068444222",NA,23,13,3
"1036040879754716","Congressman Ken Buck","Just received the spending bill I'm voting on tomorrow. I'll start reading it tonight...","2017-05-02T21:43:57+0000","photo","https://www.facebook.com/repkenbuck/photos/a.1057821127576691.1073741828.1036040879754716/1884442318247897/?type=3","1036040879754716_1884442318247897",NA,104,131,146
"1036040879754716","Congressman Ken Buck","We need to craft policies in Washington that allow small businesses to thrive. With 47% of private sector employees in the U.S. working for a small business, our economy and way of life depends on it. #SmallBusinessWeek","2017-05-02T15:13:00+0000","photo","https://www.facebook.com/repkenbuck/photos/a.1057821127576691.1073741828.1036040879754716/1882464175112378/?type=3","1036040879754716_1882464175112378",NA,21,9,2
"1036040879754716","Congressman Ken Buck","I support small businesses because they're so important to our economy and our communities. #SmallBusinessWeek","2017-05-01T18:01:21+0000","photo","https://www.facebook.com/repkenbuck/photos/a.1057821127576691.1073741828.1036040879754716/1882459631779499/?type=3","1036040879754716_1882459631779499",NA,8,10,1
"1036040879754716","Congressman Ken Buck","For too long, the Department of Veterans Affairs has failed our veterans. That's why I'm glad the President signed an Executive Order yesterday establishing an Office of Accountability and Whistleblower Protection within the VA.","2017-04-28T17:59:34+0000","link","http://time.com/4758706/donald-trump-veterans-affair-accountability-whistleblower-office/","1036040879754716_1877400922285370",NA,45,8,4
"1036040879754716","Congressman Ken Buck","Saddened by the loss of Corporal Ballard yesterday. He sacrificed everything to make his community a safe place for everyone else. We need to send a message that our country won't stand for the killing of law enforcement officers, which is why I'm thankful the Thin Blue Line Act was reported out of the House Judiciary Committee today.","2017-04-27T21:45:19+0000","link","http://www.nbcphiladelphia.com/news/local/Remembering-Trooper-Stephen-Ballard-420607983.html","1036040879754716_1875596922465770",NA,38,10,5
"1036040879754716","Congressman Ken Buck","Today I voted for H.R. 1694, the Fannie and Freddie Open Records Act of 2017, which passed the House unanimously.  During the financial crisis, the government bailed out these companies with taxpayer dollars. This bill simply allows the American public to know how these companies are using these taxpaying dollars, holding Fannie Mae and Freddie Mac accountable and ensuring transparency.","2017-04-27T20:29:53+0000","photo","https://www.facebook.com/repkenbuck/photos/a.1057821127576691.1073741828.1036040879754716/1872714376087358/?type=3","1036040879754716_1872714376087358",NA,73,24,4
"1036040879754716","Congressman Ken Buck","I just offered an amendment to the Thin Blue Line Act to add the ""targeting"" of a law enforcement officer as an aggravating factor in consideration of enhanced punishment. Thankfully, the amendment passed the committee. This amendment and the underlying bill sends a message to those who would harm police: if you target an officer, you'll face the death penalty yourself.   This bill ensures that men like Eric Frein, who fatally shot a state trooper in Pennsylvania in 2014 and recently received the death penalty, face the full sentence they deserve for their evil actions.","2017-04-27T14:56:09+0000","link","https://apnews.com/b95b5c895f614a109a75a13ec599772f/Bell-tolls-as-police-ambush-killer-gets-death-sentence","1036040879754716_1875575749134554",NA,105,29,7
"1036040879754716","Congressman Ken Buck","I'm thankful President Trump signed an executive order today calling for a review of several designations under the Antiquities Act. The last administration abused this law, using it to stunt economic growth and cordon off large swaths of land from use by citizens. In fact, President Obama designated more acreage under this act than all other previous presidents combined. We need to ensure that designations are in line with the purpose of the original act. Furthermore, permanent Antiquities Act designations should require consent of Congress and local legislatures, so the citizens most impacted by the designation have a say in the process.","2017-04-26T19:28:00+0000","status",NA,"1036040879754716_1874455679246561",NA,166,80,19
"1036040879754716","Congressman Ken Buck","With nearly 100 days of Republican governance under our belt, we've already accomplished a lot. One of the important resolutions passed through Congress and signed by the President was H.J. Res. 44, which repeals a regulation that gave Washington bureaucrats an outsize influence on local land use and preservation decisions. H.J. Res. 44 empowers states and local governments to make those decisions instead.","2017-04-26T16:06:03+0000","photo","https://www.facebook.com/repkenbuck/photos/a.1057821127576691.1073741828.1036040879754716/1874170155941780/?type=3","1036040879754716_1874170155941780",NA,35,25,3
"1036040879754716","Congressman Ken Buck","Rural communities are at the heart of American values: hard work, family, kindness, authenticity. But they've also suffered over the past several years, victims of government overregulation and under-appreciation.  That's why I'm so thankful President Trump signed an executive order this week directing the federal government to convene a task force that promotes rural America.","2017-04-26T12:53:22+0000","photo","https://www.facebook.com/repkenbuck/photos/a.1057821127576691.1073741828.1036040879754716/1873940972631365/?type=3","1036040879754716_1873940972631365",NA,73,25,8
"1036040879754716","Congressman Ken Buck","I'm thankful that the Colorado Department of Transportation  recently received a grant with additional Emergency Relief program funding to address disaster relief and mitigation projects in Colorado. I also recently co-signed a letter asking the Appropriations Committees in the House and Senate to ensure the Federal Highway Administration's Emergency Relief account is adequately funded. This funding is important as we continue to rebuild after the 2013 flooding and as we prepare for future natural disasters.","2017-04-25T15:53:15+0000","photo","https://www.facebook.com/repkenbuck/photos/a.1057821127576691.1073741828.1036040879754716/1872617996096996/?type=3","1036040879754716_1872617996096996",NA,21,1,1
"1036040879754716","Congressman Ken Buck","Robin and Erika from my Castle Rock office recently attended Fort Carson's Pinon Canyon Maneuver Site Community Day, where they learned about the operations at the site, the equipment our military uses to get the job done, and the incredible men and women who work there.","2017-04-25T15:33:53+0000","photo","https://www.facebook.com/repkenbuck/photos/a.1057821127576691.1073741828.1036040879754716/1872597119432417/?type=3","1036040879754716_1872602749431854","Congressman Ken Buck added 3 new photos.",33,1,1
"1036040879754716","Congressman Ken Buck","Republicans have been governing for nearly 100 days and we've done a lot. One of our important efforts was H.J. Res. 58, a resolution that empowers states and local school boards to create systems for keeping schools accountable to parents, taxpayers, and communities.","2017-04-24T19:37:48+0000","photo","https://www.facebook.com/repkenbuck/photos/a.1057821127576691.1073741828.1036040879754716/1870733612952101/?type=3","1036040879754716_1870733612952101",NA,52,33,6
"1036040879754716","Congressman Ken Buck","We're approaching 100 days of Republican governance, and we've done a lot in that time. Two of the most important measures passed by the House were H.J. Res. 40 and H.R. 1181, the former of which broadly protects individuals from having their constitutional rights stripped away with due process, and the latter of which specifically protects veterans' constitutional rights from being stripped from them without due process. Our veterans sacrificed for us. The least we can do is protect their constitutional rights.  The President has signed H.J. Res. 40, and H.R. 1181 is currently under consideration in the Senate.","2017-04-22T15:48:00+0000","photo","https://www.facebook.com/repkenbuck/photos/a.1057821127576691.1073741828.1036040879754716/1865746883450774/?type=3","1036040879754716_1865746883450774",NA,63,38,7
"1036040879754716","Congressman Ken Buck","Republicans have been governing for almost 100 days. We still have a lot of work ahead, but we've already accomplished much. One of our most important achievements in the past several weeks has been the appointment of Justice Neil Gorsuch to the Supreme Court. I thank the President for nominating and the Senate for confirming a justice who will remain faithful to the Constitution and the original intent of the law.","2017-04-21T18:34:43+0000","photo","https://www.facebook.com/repkenbuck/photos/a.1057821127576691.1073741828.1036040879754716/1865585400133589/?type=3","1036040879754716_1865585400133589",NA,78,47,6
"1036040879754716","Congressman Ken Buck","Are you a resident of the Fourth Congressional District and visiting Washington, D.C. this weekend? If so, my office has a few tickets for the White House Spring Garden Tour that we can offer you! The tour takes place on Sunday, April 23rd at 2:30 P.M. Tickets will be distributed on a first-come, first-serve basis. Call my Washington, D.C. office for more information: 202-225-4676.","2017-04-19T15:38:15+0000","photo","https://www.facebook.com/repkenbuck/photos/a.1057821127576691.1073741828.1036040879754716/1861807937178002/?type=3","1036040879754716_1861807937178002",NA,7,2,3
"1036040879754716","Congressman Ken Buck","""We've spent the last decade seriously debating healthcare reform in this country. But somehow, even after a decade of debate, we are still treating the symptoms and not the disease, like a doctor treating lung cancer as a bad cough.""  If we're truly going to make healthcare more affordable, we need to address the factors driving the cost of care. Read the rest of my op-ed here:","2017-04-19T14:41:31+0000","link","http://www.washingtonexaminer.com/toward-a-value-based-model-of-healthcare/article/2620622","1036040879754716_1861724873852975",NA,34,143,7
"1036040879754716","Congressman Ken Buck","I recently signed on to a letter calling for VA Secretary Shulkin to further investigate the problems with the Veterans Crisis Line, a key resource for our heroes who are facing mental health issues. With nearly 20 veteran suicides a day, it's vital that this hotline is fully functioning.","2017-04-18T16:17:00+0000","link","https://tenney.house.gov/sites/tenney.house.gov/files/wysiwyg_uploaded/Veterans%20Crisis%20Line.pdf","1036040879754716_1858613334164129",NA,21,5,4
"1036040879754716","Congressman Ken Buck","I had a great policy conversation with the Greeley Indivisible group a few days ago. While we disagreed on several issues, conversations like these are vital if we're going to come together and build consensus in this country. We need to fix healthcare and pass several other important policies. Listening to our constituents during that process is incredibly important.","2017-04-17T16:05:00+0000","link","http://www.greeleytribune.com/news/local/rep-ken-buck-meets-with-progressive-group-touts-free-market-health-care/","1036040879754716_1858507257508070",NA,37,97,5
"1036040879754716","Congressman Ken Buck","Today, I'm thanking God for sending his son to redeem us, to redeem this world.","2017-04-16T16:06:00+0000","photo","https://www.facebook.com/repkenbuck/photos/a.1057821127576691.1073741828.1036040879754716/1853848051307324/?type=3","1036040879754716_1853848051307324",NA,41,5,4
"1036040879754716","Congressman Ken Buck","I had a great time talking to constituents today in Longmont at a town hall I was invited to attend. We covered multiple issues and had a very constructive conversation. I appreciate that citizens in the Fourth Congressional District are so civically engaged--this is the kind of passion we need for fixing the problems in our country.","2017-04-15T22:17:56+0000","photo","https://www.facebook.com/repkenbuck/photos/a.1057821127576691.1073741828.1036040879754716/1855937427765053/?type=3","1036040879754716_1855937827765013","Congressman Ken Buck added 2 new photos.",77,19,2
"1036040879754716","Congressman Ken Buck","National Park Week starts tomorrow! This is a great time to discover the incredible outdoor treasures that we have in Colorado and around the nation. For more information about the week and free entry to parks, visit this website: https://www.nps.gov/findapark/national-park-week.htm","2017-04-14T15:38:11+0000","photo","https://www.facebook.com/repkenbuck/photos/a.1057821127576691.1073741828.1036040879754716/1853841327974663/?type=3","1036040879754716_1853841327974663",NA,16,12,6
"1036040879754716","Congressman Ken Buck","I'm thankful that President Trump signed H.J. Res. 43 into law today. This resolution repeals a last minute Obama administration regulation that would require states to fund abortion providers with their Title X dollars. Taxpayers should never be asked to fund abortion services.","2017-04-13T21:33:30+0000","status",NA,"1036040879754716_1852644404761022",NA,174,107,11
"1036040879754716","Congressman Ken Buck","President Trump and the Office of Management and Budget are focused on reorganizing the federal government to make it more efficient and less wasteful. They're soliciting ideas from everyone, so I encourage you to share your thoughts with the Executive Branch at the link below:","2017-04-13T15:26:48+0000","link","https://www.whitehouse.gov/reorganizing-the-executive-branch","1036040879754716_1852227988135997",NA,45,25,7
"1036040879754716","Congressman Ken Buck","I recently introduced important legislation that will bring greater accountability to the budgeting process in Washington, D.C. This bill would require the OMB to track the revenue actually collected from budget offsets or ""payfors,"" and then compile this information into an annual report to Congress. Check the link below for more information.","2017-04-12T14:00:00+0000","link","https://buck.house.gov/media-center/press-releases/ken-buck-introduces-bill-increase-accountability-and-transparency","1036040879754716_1849463721745757",NA,53,13,0
"1036040879754716","Congressman Ken Buck","Last week I had the honor to meet the winner of the Congressional App Challenge for Colorado's Fourth Congressional District, Etash Kalra. I'm so proud of his hard work so far and his focus on coding and STEM education. His innovative app helps students practice for spelling bees.","2017-04-11T19:43:04+0000","photo","https://www.facebook.com/repkenbuck/photos/a.1057821127576691.1073741828.1036040879754716/1849372908421505/?type=3","1036040879754716_1849386248420171","Congressman Ken Buck added 2 new photos.",17,5,0
"1036040879754716","Congressman Ken Buck","Congratulations to Justice Neil Gorsuch on his swearing-in to the U.S. Supreme Court. I look forward to the thoughtfulness and Colorado values he'll bring to the bench.","2017-04-10T17:50:54+0000","link","http://www.foxnews.com/politics/2017/04/10/gorsuch-to-be-sworn-in-ahead-key-supreme-court-cases.html","1036040879754716_1847643788594417",NA,115,23,4
"1036040879754716","Congressman Ken Buck","I'm thankful the Senate confirmed Judge Neil Gorsuch, a Coloradan, to the Supreme Court today. I'm confident his thoughtfulness, Colorado values, and experience will allow him to apply the law justly, according to its original intent. Congratulations to Judge Gorsuch!","2017-04-07T16:17:16+0000","link","http://www.denverpost.com/2017/04/07/senate-confirms-neil-gorsuch-supreme-court/","1036040879754716_1842741522417977",NA,288,54,18
"1036040879754716","Congressman Ken Buck","Yesterday, I voted for the Encouraging Employee Ownership Act. This legislation rolls back a regulation so that small businesses can increase the amount of stock they provide to employees as compensation, giving the employees greater ownership in the company and the employers a better chance to recruit and retain top talent.","2017-04-05T18:38:45+0000","status",NA,"1036040879754716_1839592356066227",NA,62,18,1
"1036040879754716","Congressman Ken Buck","Ninety percent of Americans agree that data used by the federal government to make decisions should be made public. The HONEST Act does this, giving independent scientists access to EPA data so they can validate EPA studies. We’ll all benefit from more reliable science, which is why I voted for the bill today on the House floor.","2017-03-29T21:06:37+0000","status",NA,"1036040879754716_1829129380445858",NA,110,53,5
"1036040879754716","Congressman Ken Buck","Much of our district is rural, and delivering healthcare in rural areas can be challenging. That's why I signed on to a letter asking the Centers for Medicare and Medicaid Services to provide a full and fair review of the Keefe Memorial Hospital's Critical Access Hospital (CAH) Application. Keefe meets the CAH criteria and is critical for the Cheyenne Wells community.","2017-03-29T20:17:05+0000","link","https://buck.house.gov/sites/buck.house.gov/files/wysiwyg_uploaded/Keefe%20Memorial%20CAH%20Application%20Final_3.28.17_0.pdf","1036040879754716_1829114823780647",NA,11,14,0
"1036040879754716","Congressman Ken Buck","Congratulations to Douglas County for being ranked the healthiest county in Colorado! The people and businesses of the county have worked hard to earn this distinction.","2017-03-29T17:08:19+0000","link","http://www.countyhealthrankings.org/app/colorado/2017/rankings/douglas/county/outcomes/overall/snapshot","1036040879754716_1828953827130080",NA,37,20,2
"1036040879754716","Congressman Ken Buck","Today, the President signed a number of important Resolutions into law that will roll back excessive regulations from the previous administration. I wanted to specifically flag the BLM Management Planning 2.0 rule for you because it impacts our state significantly. Under this rule, bureaucrats in Washington would have outsize influence on how we use the land and minerals in Colorado. Instead, these decisions should be left to local communities, which is what H.J. Res. 44 will allow.","2017-03-27T21:32:42+0000","status",NA,"1036040879754716_1826506310708165",NA,100,51,6
"1036040879754716","Congressman Ken Buck","We've waited a long time for the jobs and energy security that will come along with the Keystone XL pipeline. I'm thankful the State Department issued the permit today that will allow the project to move forward.","2017-03-24T18:47:24+0000","link","http://www.denverpost.com/2017/03/24/keystone-xl-pipeline-approved-trump-administration/","1036040879754716_1821971521161644",NA,121,72,7
"1036040879754716","Congressman Ken Buck","Robin on my district staff recently attended a couple Coffee with Cops meetings in Douglas County. In the first photo she's meeting with the Parker Chief of Police and several other officers. The next two photos show the K-9s who serve the Douglas County Sheriff's office. These dogs represent 2 of the 4 K-9s serving in the state of Colorado, helping law enforcement do their jobs safely and efficiently.   We need to support and protect our law enforcement, which is what I'm fighting for in Washington.","2017-03-22T21:42:49+0000","photo","https://www.facebook.com/repkenbuck/photos/a.1058164650875672.1073741829.1036040879754716/1819364511422345/?type=3","1036040879754716_1819366724755457","Congressman Ken Buck added 3 new photos.",31,24,1
"1036040879754716","Congressman Ken Buck","On National Ag Day, we have a chance to remember and thank the men and women who farm our nation's soil, contributing to our nation's food supply and to our communities in so many ways.","2017-03-21T16:12:20+0000","photo","https://www.facebook.com/repkenbuck/photos/a.1057821127576691.1073741828.1036040879754716/1817451294947000/?type=3","1036040879754716_1817451294947000",NA,16,13,2
"1036040879754716","Congressman Ken Buck","As Judge Neil Gorsuch participates in further Senate hearings today, I wanted to repost the article I wrote a few weeks ago. I think the judge will make a great Supreme Court justice and I encourage my Senate colleagues to confirm him quickly.","2017-03-21T13:40:32+0000","link","http://thehill.com/blogs/congress-blog/judicial/318552-gorsuch-has-the-thoughtfulness-and-experience-to-be-a-great","1036040879754716_1817335648291898",NA,95,31,7
"1036040879754716","Congressman Ken Buck","Yesterday, I offered an amendment that was added onto H.R. 1367 to prevent political appointees from burrowing into the VA. The bi-partisan fight against burrowing is important for our veterans and everyone else who is impacted by the federal government. For more details on my amendment, read this article: http://www.greeleytribune.com/news/local/amendment-by-rep-ken-buck-to-prevent-burrowing-by-va-political-appointees-passes-voice-vote/#","2017-03-18T21:43:07+0000","link","http://www.greeleytribune.com/news/local/amendment-by-rep-ken-buck-to-prevent-burrowing-by-va-political-appointees-passes-voice-vote/#","1036040879754716_1813777281981068",NA,47,17,3
"1036040879754716","Congressman Ken Buck","Today, Erika and Dusty from my district office visited the Flagler Cooperative in Genoa to hear about their policy concerns and learn more about the agriculture industry in that part of the district.","2017-03-17T21:31:13+0000","photo","https://www.facebook.com/repkenbuck/photos/a.1057821127576691.1073741828.1036040879754716/1812331575458972/?type=3","1036040879754716_1812341502124646","Congressman Ken Buck added 2 new photos.",28,8,0
"1036040879754716","Congressman Ken Buck","My office is hosting an official from the U.S. Citizenship and Immigration Services agency to discuss the process of applying for U.S. citizenship. The event will be held on Tuesday, March 21 at 7:00 PM at Our Lady of Peace parish in Greeley.","2017-03-17T19:19:40+0000","status",NA,"1036040879754716_1812202378805225",NA,13,9,0
"1036040879754716","Congressman Ken Buck","This week the House passed three bills to help our nation's veterans. H.R. 1181 prevents the VA from stripping them of their Second Amendment rights without due process. H.R. 1259 and H.R. 1367 improve the VA's ability manage personnel, ensuring that our veterans have the best people providing their care.","2017-03-17T16:23:57+0000","status",NA,"1036040879754716_1812015025490627",NA,49,18,4
"1036040879754716","Congressman Ken Buck","I'm encouraged by President Trump's budget proposal. We've had a spending problem in this country for too long. This plan takes a step in the right direction by trimming our discretionary budget while also ensuring that our military receives the funding they need to do their duty.","2017-03-16T20:44:06+0000","status",NA,"1036040879754716_1810839298941533",NA,187,118,17
"1036040879754716","Congressman Ken Buck","Due to the fires last week in Northeastern Colorado, the Risk Management Agency has allowed additional time for insured producers in Logan and Phillips Counties to report their wheat acres for short rate eligibility. You can find more details here: http://www.rma.usda.gov/bulletins/managers/2017/mgr-17-002.pdf","2017-03-16T20:22:12+0000","status",NA,"1036040879754716_1810821058943357",NA,11,4,2
"1036040879754716","Congressman Ken Buck","Dusty, who works in my Greeley district office, visited the areas impacted in Northeastern Colorado by the brush fires last week. We're so encouraged by the stories of how the community came together to both fight the fire and begin the recovery process. Nevertheless, several families were deeply impacted by this disaster and have a long road ahead for recovery. The Farm Service Agency within the USDA manages several disaster assistance programs that can provide help: https://www.fsa.usda.gov/contact-us","2017-03-15T16:52:14+0000","status",NA,"1036040879754716_1809422059083257",NA,29,10,2
"1036040879754716","Congressman Ken Buck","With Obamacare plan sign-ups down from last year, insurers pulling out of the market, and prices soaring for many people in the Fourth Congressional District, our job of replacing Obamacare with something better is more pressing than ever. I'm fighting to ensure the final replacement plan makes coverage more affordable and accessible.","2017-03-15T15:21:29+0000","link","http://thehill.com/policy/healthcare/324047-trump-administration-reports-slight-drop-in-obamacare-enrollment-for-2017","1036040879754716_1809318549093608",NA,54,157,5
"1036040879754716","Congressman Ken Buck","Today my bill, the Innocent Party Protection Act, passed the House! This legislation will protect small business owners from frivolous lawsuits, enabling them to focus instead on job creation and adding value to the economy. Here's a press release with more details: https://buck.house.gov/media-center/press-releases/buck-s-innocent-party-protection-act-passes-house","2017-03-10T03:59:59+0000","photo","https://www.facebook.com/repkenbuck/photos/a.1057821127576691.1073741828.1036040879754716/1801260723232724/?type=3","1036040879754716_1801260723232724",NA,54,20,4
"1036040879754716","Congressman Ken Buck","I'm praying for everyone affected by the brush fire near Fleming. My office is in contact with local officials to determine how we can be of assistance.","2017-03-07T16:40:59+0000","link","http://denver.cbslocal.com/2017/03/06/brush-fire-causes-evacuation-of-entire-town/","1036040879754716_1797658160259647",NA,54,16,12
"1036040879754716","Congressman Ken Buck","I met with several members of the South Metro Denver Chamber of Commerce who visited Washington this week. We chatted about the issues impacting Colorado businesses.","2017-03-03T20:10:37+0000","photo","https://www.facebook.com/repkenbuck/photos/a.1057821127576691.1073741828.1036040879754716/1792673967424733/?type=3","1036040879754716_1792673967424733",NA,20,44,5
"1036040879754716","Congressman Ken Buck","Legal immigration is a key asset for local businesses who need seasonal workers. But the Department of Labor is significantly delayed in processing H-2B visa applications to allow seasonal workers into the United States. That's why I signed a letter to the Acting Secretary of Labor requesting that H-2B applications be processed in a more timely manner.","2017-03-02T20:01:00+0000","photo","https://www.facebook.com/repkenbuck/photos/a.1057821127576691.1073741828.1036040879754716/1791044390921024/?type=3","1036040879754716_1791044390921024",NA,23,14,1
"1036040879754716","Congressman Ken Buck","I signed a letter calling on the President to quickly nominate Federal Energy Regulatory Commission (FERC) members so that FERC can begin reviewing and approving applications to build interstate natural gas pipelines and liquefied natural gas terminals.   I'm glad to see reports that President Trump is working hard to fill these vacancies. I thank him for focusing on these nominations so that we can unleash American energy and create jobs in Colorado.","2017-03-02T14:45:33+0000","link","http://www.eenews.net/stories/1060050725","1036040879754716_1791054520920011",NA,43,20,1
"1036040879754716","Congressman Ken Buck","Thanks to the more than 11,000 Coloradans who joined my telephone town hall last Thursday night. I look forward to the next one, which I'll announce on this page.","2017-03-01T22:35:03+0000","status",NA,"1036040879754716_1790254181000045",NA,50,23,0
"1036040879754716","Congressman Ken Buck","Today I voted for the SCRUB Act (H.R. 998), legislation that creates a commission to identify excessive, costly regulations that should be repealed to promote economic growth.","2017-03-01T21:14:05+0000","photo","https://www.facebook.com/repkenbuck/photos/a.1057821127576691.1073741828.1036040879754716/1790190991006364/?type=3","1036040879754716_1790190991006364",NA,48,14,0
"1036040879754716","Congressman Ken Buck","The President delivered a message last night about the renewal of the American spirit. I'm eager to work with the White House to create jobs and economic prosperity for our communities. I'm eager to work on improving public safety and national security. And I'm eager to repeal and replace Obamacare with a healthcare system that actually provides affordable healthcare.","2017-03-01T14:39:42+0000","status",NA,"1036040879754716_1789833687708761",NA,237,66,15
"1036040879754716","Congressman Ken Buck","I support the President's decision to roll back the Waters of the US rule. Colorado's farmers and ranchers deserve certainty and a greater say in the regulatory framework of our waterways.","2017-02-28T21:39:28+0000","link","http://www.agweek.com/policy-and-politics/4226396-ag-groups-applaud-wotus-rollback","1036040879754716_1788921291133334",NA,101,26,7
"1036040879754716","Congressman Ken Buck","I was honored to attend the Farm Credit Agriculture Hall of Fame Dinner last week where we honored individuals who have made significant contributions to the agriculture community in Colorado, including my father-in-law. I presented Congressional Records for the four hall of fame inductees.","2017-02-28T17:31:30+0000","photo","https://www.facebook.com/repkenbuck/photos/a.1057821127576691.1073741828.1036040879754716/1788708897821240/?type=3","1036040879754716_1788708897821240",NA,49,13,3
"1036040879754716","Congressman Ken Buck","I'm holding a telephone town hall on Thursday night at 7 PM to discuss policy issues with constituents. I encourage you to participate. If you'd like to be included in the call, please sign-up beforehand at the link on this page:","2017-02-21T16:20:16+0000","link","https://buck.house.gov/about/events/telephone-town-hall","1036040879754716_1779699472055516",NA,26,99,13
"1036040879754716","Congressman Ken Buck","Happy Presidents' Day! Today I thank our past and current presidents for their service to this nation.","2017-02-20T20:27:09+0000","photo","https://www.facebook.com/repkenbuck/photos/a.1057821127576691.1073741828.1036040879754716/1778670555491741/?type=3","1036040879754716_1778670555491741",NA,30,14,0
"1036040879754716","Congressman Ken Buck","The estate tax often hits farmers and ranchers the hardest, preventing their children from receiving the land that has been passed down for generations by their families. That's why I co-sponsored H.R. 631, the Death Tax Repeal Act, this week.","2017-02-18T17:28:02+0000","photo","https://www.facebook.com/repkenbuck/photos/a.1057821127576691.1073741828.1036040879754716/1774321449259985/?type=3","1036040879754716_1774321449259985",NA,70,33,3
"1036040879754716","Congressman Ken Buck","Yesterday I introduced, with my friend Rep. Ted Lieu, the Political Appointee Burrowing Prevention Act. This bi-partisan legislation prevents political appointees from leveraging their position into a career civil service role. Without this bill as a safeguard, political appointees can embed across our bureaucracy, carrying on the agenda of their appointing president long after voters have chosen a new direction.","2017-02-17T15:59:38+0000","link","http://www.greeleytribune.com/news/local/rep-ken-buck-helps-introduce-political-appointee-burrowing-prevention-act/","1036040879754716_1774172692608194",NA,40,30,3
"1036040879754716","Congressman Ken Buck","When I'm in Washington, the staff in my district office spend time meeting with constituents and hearing their concerns. Today, Luke and Erika met with Lt. Col. Arrington and a few of his JROTC cadets. They came by to talk about policy issues, specifically immigration.","2017-02-14T20:11:26+0000","photo","https://www.facebook.com/repkenbuck/photos/a.1057821127576691.1073741828.1036040879754716/1769879243037539/?type=3","1036040879754716_1769879243037539",NA,37,18,14
"1036040879754716","Congressman Ken Buck","Yesterday, the House passed the Wingman Act, legislation that allows a veteran to give congressional staff permission to view his or her Veterans Benefits Administration file. This is important because it allows my office to provide quicker answers to veterans who need help assessing the status of their benefits.   My office is dedicated to helping veterans in the Fourth Congressional District who need help navigating the Veterans Benefits Agency. If you're a veteran facing challenges with your benefits, please call my Greeley office at (970) 702-2136.","2017-02-14T15:57:05+0000","link","https://buck.house.gov/services/help-with-a-federal-agency","1036040879754716_1769643633061100",NA,63,6,13
"1036040879754716","Congressman Ken Buck","Next week on Thursday night (February 23rd) at 7:00 PM, I'm holding a telephone town hall to talk with constituents about issues that matter to them. If you'd like to be added to the list to receive a call around that time next week, please fill out the following form. I look forward to chatting with you.","2017-02-14T15:12:37+0000","link","https://tthm.wufoo.com/forms/ken-buck-teletownhall-signup/","1036040879754716_1769588729733257",NA,33,26,43
"1036040879754716","Congressman Ken Buck",NA,"2017-02-13T16:47:10+0000","photo","https://www.facebook.com/repkenbuck/photos/a.1036542653037872.1073741827.1036040879754716/1768465283178935/?type=3","1036040879754716_1768465753178888","Congressman Ken Buck updated their cover photo.",70,13,2
"1036040879754716","Congressman Ken Buck","Praying for everyone affected by this fire in Boulder County today.","2017-02-10T17:54:18+0000","link","http://www.denverpost.com/2017/02/10/boulder-county-grass-fire-evacuation/","1036040879754716_1764857080206422",NA,25,3,3
"1036040879754716","Congressman Ken Buck","I wrote an op-ed about why the Senate needs to confirm Judge Gorsuch to the Supreme Court. Read it here:","2017-02-08T21:41:00+0000","link","http://thehill.com/blogs/congress-blog/judicial/318552-gorsuch-has-the-thoughtfulness-and-experience-to-be-a-great","1036040879754716_1762548987103898",NA,102,18,4
"1036040879754716","Congressman Ken Buck","Today I voted for two House Resolutions that roll back federal involvement in education, allowing local communities, school districts, and teachers a greater say in our school system. I’ve spoken to a lot of educators and administrators in Colorado, and I trust them more than I do federal bureaucrats to know what our children need. #HJRes57 #HJRes58","2017-02-08T03:03:19+0000","photo","https://www.facebook.com/repkenbuck/photos/a.1057821127576691.1073741828.1036040879754716/1760799647278832/?type=3","1036040879754716_1760799647278832",NA,89,25,4
"1036040879754716","Congressman Ken Buck","Today, I voted to return control of resource management planning to local communities in Colorado. H.J. Res. 44 disapproves of a rule that placed significant planning authority in the hands of bureaucrats in the Bureau of Land Management, leaving local experts and stakeholders in Colorado out of the process.","2017-02-07T22:29:53+0000","photo","https://www.facebook.com/repkenbuck/photos/a.1057821127576691.1073741828.1036040879754716/1760770273948436/?type=3","1036040879754716_1760770273948436",NA,36,3,0
"1036040879754716","Congressman Ken Buck","Good reminder from President Reagan on his birthday:","2017-02-06T15:12:00+0000","photo","https://www.facebook.com/repkenbuck/photos/a.1057821127576691.1073741828.1036040879754716/1755315457827251/?type=3","1036040879754716_1755315457827251",NA,19,16,3
"1036040879754716","Congressman Ken Buck","Several citizens of the Fourth Congressional District came to Washington for the inauguration last month and shared their thoughts about that historic day and our future legislative agenda.","2017-02-04T16:38:00+0000","video","https://www.facebook.com/repkenbuck/videos/1755584017800395/","1036040879754716_1755584017800395",NA,18,11,0
"1036040879754716","Congressman Ken Buck","The Obama administration’s heavy-handed fiduciary rule would have made affordable financial planning advice inaccessible for Colorado families. I’m thankful that President Trump rolled back the rule today, allowing Coloradans to receive financial planning advice that helps secure a prosperous future for their families.","2017-02-03T20:12:58+0000","status",NA,"1036040879754716_1755575061134624",NA,80,46,5
"1036040879754716","Congressman Ken Buck","Regulations need to be smart and reasonable. Today we repealed an Obama administration regulation that isn’t either. #HJRes36","2017-02-03T19:11:00+0000","photo","https://www.facebook.com/repkenbuck/photos/a.1057821127576691.1073741828.1036040879754716/1755313081160822/?type=3","1036040879754716_1755313081160822",NA,33,19,3
"1036040879754716","Congressman Ken Buck","February is American Heart Month, a chance to focus on awareness and prevention of heart disease. #HeartMonth","2017-02-03T15:05:33+0000","photo","https://www.facebook.com/repkenbuck/photos/a.1057821127576691.1073741828.1036040879754716/1755318781160252/?type=3","1036040879754716_1755318781160252",NA,8,5,0
"1036040879754716","Congressman Ken Buck","I voted today to disapprove of the Stream Protection Rule, another last minute, excessive regulation rushed through at the end of the Obama administration. It’s time to put an end to the War on Coal.","2017-02-01T22:37:19+0000","photo","https://www.facebook.com/repkenbuck/photos/a.1057821127576691.1073741828.1036040879754716/1753245828034214/?type=3","1036040879754716_1753245828034214",NA,84,74,15
"1036040879754716","Congressman Ken Buck","Last night my Deputy District Director, Robin Coran, attended a Court of Honor ceremony to present a letter from me that congratulated three new Eagle Scouts on their achievements.","2017-02-01T20:08:32+0000","photo","https://www.facebook.com/repkenbuck/photos/a.1057821127576691.1073741828.1036040879754716/1752865514738912/?type=3","1036040879754716_1753151284710335","Congressman Ken Buck added 2 new photos.",45,4,4
"1036040879754716","Congressman Ken Buck","I commend the President’s nomination of Judge Neil Gorsuch to the U.S. Supreme Court to fill the vacancy created by the untimely death of Justice Antonin Scalia. I’m confident Judge Gorsuch will succeed in the Supreme Court because he holds sound judicial interpretation in such high regard. As a Coloradan, I know Mr. Gorsuch will take his common sense values with him to the nation’s highest court.","2017-02-01T01:15:21+0000","link","https://buck.house.gov/media-center/press-releases/colorado-us-house-republicans-commend-judge-neil-gorsuch-supreme-court","1036040879754716_1751940218164775",NA,240,40,22
"1036040879754716","Congressman Ken Buck","It's been a big week for the life of the unborn. We passed HR 7, a bill that prevents taxpayer dollars from being used for abortions. President Trump also reinstated the Mexico City policy which prevents U.S. aid from going to organizations that promote abortions in foreign countries. I'm eager to continue working with my colleagues and the White House to protect the life of the unborn.","2017-01-27T16:26:54+0000","status",NA,"1036040879754716_1745968322095298",NA,237,122,20
"1036040879754716","Congressman Ken Buck","This week I voted for H.R. 7, a bill that prohibits federal dollars from funding abortions. Congress has long followed this policy, adding the Hyde Amendment to funding bills every year to assure that those with moral or religious objections to abortion don't have to contribute their tax dollars to them. This bill simply makes the Hyde Amendment permanent.","2017-01-26T14:50:46+0000","photo","https://www.facebook.com/repkenbuck/photos/a.1057821127576691.1073741828.1036040879754716/1744569135568550/?type=3","1036040879754716_1744569135568550",NA,122,66,10
"1036040879754716","Congressman Ken Buck","I signed on to a letter today urging President Trump to fill the vacancies at the Federal Energy Regulatory Commission (FERC). This commission is so important because it reviews applications to build interstate natural gas pipelines and liquefied natural gas terminals. In March of last year, FERC denied the application for the Jordan Cove Energy pipeline, a key project that would benefit Coloradans by selling natural gas to our allies abroad, thereby creating jobs across the state. We need new commissioners on FERC who will stand up for American jobs and safe energy production.","2017-01-25T20:24:06+0000","photo","https://www.facebook.com/repkenbuck/photos/a.1057821127576691.1073741828.1036040879754716/1743490992343031/?type=3","1036040879754716_1743490992343031",NA,33,21,3
"1036040879754716","Congressman Ken Buck","Has your family been impacted by Obamacare? Are you struggling with higher premium prices, forced doctor changes, or lack of insurance options? I want to hear your story. Please share it with my office through the link below.","2017-01-25T16:29:37+0000","link","https://buck.house.gov/Obamacare","1036040879754716_1743188015706662",NA,33,96,46
"1036040879754716","Congressman Ken Buck","I’m thankful President Trump signed executive orders today to move forward with the construction of the Keystone XL and Dakota Access pipelines. We’ve been waiting a long time for the jobs and economic growth that will come along with these projects.","2017-01-24T21:13:51+0000","link","http://thehill.com/policy/energy-environment/315852-trump-orders-keystone-dakota-access-pipeline-applications-to-move","1036040879754716_1741994309159366",NA,189,83,7
"1036040879754716","Congressman Ken Buck","My staff will be holding mobile office hours this week throughout Southeastern Colorado. If you want to share your concerns or need help navigating federal programs and bureaucratic red tape, feel free to stop by. Check the link for details:","2017-01-22T15:52:00+0000","link","https://buck.house.gov/about/events","1036040879754716_1733525086672955",NA,41,27,8
"1036040879754716","Congressman Ken Buck","I was honored to attend, with hundreds of thousands of other Americans, the inauguration of President Donald Trump and Vice President Mike Pence. I'm excited to work with the President and my colleagues here in Washington to advance policy that puts America back on track.","2017-01-20T18:45:00+0000","status",NA,"1036040879754716_1735665656458898",NA,246,41,7
"1036040879754716","Congressman Ken Buck","Here's another photo from my visit to North Star Academy yesterday. I spoke to dozens of 7th and 8th graders about the importance of having an education system that teaches character.","2017-01-19T15:50:24+0000","photo","https://www.facebook.com/repkenbuck/photos/a.1057821127576691.1073741828.1036040879754716/1734856423206488/?type=3","1036040879754716_1734856423206488",NA,31,13,2
"1036040879754716","Congressman Ken Buck","Today I visited North Star Academy, a charter school in Parker. I met some great kids who I'm confident will make big contributions to our state and the world.   My visit was in anticipation of National School Choice Week, which starts on Sunday. I support giving parents and students educational choice because it's the best way to ensure all students have access to quality education opportunities.","2017-01-18T22:40:33+0000","photo","https://www.facebook.com/repkenbuck/photos/a.1057821127576691.1073741828.1036040879754716/1733945503297580/?type=3","1036040879754716_1733945503297580",NA,40,9,1
"1036040879754716","Congressman Ken Buck","Last week I introduced the WATER Act to help farmers, ranchers, and all of rural Colorado. Here's some more information on it:","2017-01-18T18:14:53+0000","link","http://www.greeleytribune.com/news/local/rep-ken-buck-introduces-bill-designed-to-make-it-easier-for-rural-water-providers-to-invest-in-infrastructure/","1036040879754716_1733669233325207",NA,27,1,0
"1036040879754716","Congressman Ken Buck","Had a great meeting yesterday with many folks from the agriculture community. I'm looking forward to holding many more of these around the district.","2017-01-18T15:43:46+0000","photo","https://www.facebook.com/repkenbuck/photos/a.1057821127576691.1073741828.1036040879754716/1733527070006090/?type=3","1036040879754716_1733527070006090",NA,27,4,0
"1036040879754716","Congressman Ken Buck","We're drowning in debt. There are better ways to spend this $500 million.","2017-01-17T22:44:28+0000","link","http://www.washingtonexaminer.com/obama-gives-another-500-million-to-green-climate-fund/article/2612077","1036040879754716_1732735660085231",NA,38,39,8
"1036040879754716","Congressman Ken Buck","Remembering today one of America's great leaders and what he stood for.","2017-01-16T17:42:02+0000","photo","https://www.facebook.com/repkenbuck/photos/a.1057821127576691.1073741828.1036040879754716/1731298016895662/?type=3","1036040879754716_1731298016895662",NA,27,8,2
"1036040879754716","Congressman Ken Buck","Today I voted to repeal and replace Obamacare. We need to replace Obamacare with a market-oriented alternative that makes healthcare affordable for all Coloradans. At the same time, we need to ensure that there are no coverage lapses during the transition and that those who have access to coverage now don't lose it. Please visit my website to share you ideas about how to make healthcare better in this country.   https://buck.house.gov/share","2017-01-13T22:13:17+0000","photo","https://www.facebook.com/repkenbuck/photos/a.1057821127576691.1073741828.1036040879754716/1727666463925484/?type=3","1036040879754716_1727666463925484",NA,183,243,52
"1036040879754716","Congressman Ken Buck","Today I introduced the WATER Act for the 115th Congress. Last year I fought hard to see this bill through the legislative process, and was able to see it out of committee. This year I'm eager to see passage in the House and Senate and a signature from the President. The legislation makes water more affordable for farmers, ranchers, and anyone who lives in rural Colorado. Here's a video I put together last year about the bill:","2017-01-13T19:04:30+0000","video","https://www.youtube.com/watch?v=duagN3PKPZc","1036040879754716_1725659244126206",NA,32,0,3
"1036040879754716","Congressman Ken Buck","My heart goes out to the office of Rep. Elijah Cummings after the devastating tragedy suffered by one of his staff members due to a house fire this week. I'm praying for the family and Rep. Cumming's office as they cope with this loss.","2017-01-13T18:31:14+0000","status",NA,"1036040879754716_1727481693943961",NA,50,5,2
"1036040879754716","Congressman Ken Buck","Today I voted for the Regulatory Accountability Act of 2017. This legislation is actually a collection of six different, previously passed bills that all address overreaching federal regulations, from requiring agencies to select the lowest-cost alternative when making rules and to reduce the impact of new rules on small business to making it easier for the public to access and comment on new rule proposals.","2017-01-12T00:48:00+0000","photo","https://www.facebook.com/repkenbuck/photos/a.1057821127576691.1073741828.1036040879754716/1724135834278547/?type=3","1036040879754716_1724135834278547",NA,24,11,1
"1036040879754716","Congressman Ken Buck","I co-sponsored H.R. 400, the Stop Dangerous Sanctuary Cities Act. This legislation withholds federal funding from jurisdictions where local law enforcement are not permitted to work with federal immigration officials to enforce federal immigration law. These laws are meant to protect citizens, and cities should be working with federal law enforcement to ensure the rule of law is upheld.","2017-01-11T23:09:48+0000","status",NA,"1036040879754716_1724250767600387",NA,263,63,29
"1036040879754716","Congressman Ken Buck","Yesterday, I joined 343 of my colleagues in the House to pass legislation making it easier for angel investors to fund startups.","2017-01-11T17:14:57+0000","photo","https://www.facebook.com/repkenbuck/photos/a.1057821127576691.1073741828.1036040879754716/1723318611026936/?type=3","1036040879754716_1723318611026936",NA,17,4,1
"1036040879754716","Congressman Ken Buck","The Iran Deal has always been a mess, but now Iran is actually being rewarded for breaking the terms of the agreement!  https://www.washingtonpost.com/blogs/right-turn/wp/2017/01/10/one-final-iran-blunder-by-obama/?utm_term=.f2f06657cfc1","2017-01-10T16:25:00+0000","link","https://www.washingtonpost.com/blogs/right-turn/wp/2017/01/10/one-final-iran-blunder-by-obama/?utm_term=.f2f06657cfc1","1036040879754716_1719950864697044",NA,20,14,6
"1036040879754716","Congressman Ken Buck","It's National Law Enforcement Appreciation Day. I have candles in my office windowsill tonight to send a message to our Law Enforcement: ""We stand with you. We will always stand with you."" #SupportBlue","2017-01-09T22:46:29+0000","photo","https://www.facebook.com/repkenbuck/photos/a.1057821127576691.1073741828.1036040879754716/1717650091593788/?type=3","1036040879754716_1717650091593788",NA,57,0,2
"1036040879754716","Congressman Ken Buck","Monday is Law Enforcement Appreciation Day, our chance to honor the men and women who serve in uniform every day.   Today, I sent a letter to Governor Hickenlooper asking him to illuminate the State Capitol in blue light on Monday night to honor Colorado law enforcement.","2017-01-06T21:35:58+0000","photo","https://www.facebook.com/repkenbuck/photos/a.1057821127576691.1073741828.1036040879754716/1712021098823354/?type=3","1036040879754716_1712021098823354",NA,66,2,6
"1036040879754716","Congressman Ken Buck","I voted yesterday for a resolution that rebukes the United Nation’s unwarranted condemnation of Israel. While I strongly believe Congress did the right thing by standing up for our strongest Middle East ally, I am opposed to the language that recognizes a two-state solution. Only the countries directly affected by the agreement should dictate the terms of peace. The United States, United Nations, and other world powers should not interfere.","2017-01-06T15:23:31+0000","status",NA,"1036040879754716_1711431618882302",NA,161,22,8
"1036040879754716","Congressman Ken Buck","If the federal government is going to implement a regulation that costs America millions of dollars, then the people's representatives in Congress should have a say. That's why I voted for the REINS Act tonight. This bill allows Congress to weigh in on any new executive branch rule that costs the economy more than $100 million annually. #REINSAct","2017-01-06T00:49:00+0000","link","http://dailysignal.com/2017/01/04/reins-act-will-make-government-agencies-accountable-to-the-people/","1036040879754716_1710078649017599",NA,67,28,3
"1036040879754716","Congressman Ken Buck","With just about two weeks left in President Obama's presidency, I wrote an op-ed urging him not to place bureaucrats in control of millions of acres of America's heartland.   What are your thoughts?","2017-01-05T13:54:40+0000","link","http://www.washingtonexaminer.com/obama-must-keep-his-hands-off-western-lands-in-his-final-days/article/2610924#","1036040879754716_1709356432423154",NA,152,47,19
"1036040879754716","Congressman Ken Buck","With his term coming to a close, President Obama has been issuing dozens of new administrative rules that mean more red tape for citizens and small businesses. That's why the House passed the Midnight Rules Relief Act today, a bill that enables us to roll back several of his last minute regulations at once.","2017-01-05T00:40:48+0000","link","http://www.wsj.com/articles/midnight-rules-need-morning-repeal-1483574498","1036040879754716_1708300245862106",NA,202,45,31
"1036040879754716","Congressman Ken Buck","Talking about the future of our country right now on 710 KNUS with Steve and Krista.","2017-01-04T23:16:03+0000","photo","https://www.facebook.com/repkenbuck/photos/a.1057821127576691.1073741828.1036040879754716/1708152235876907/?type=3","1036040879754716_1708152235876907",NA,46,13,4
"1036040879754716","Congressman Ken Buck","The House Rules Committee is holding its first meeting of the 115th Congress today. I'm honored to be a part of this important committee as we fight for America's future.  Watch the meeting live here: https://rules.house.gov/video/organizational-meeting-115th-congress-hr-26-hres-11","2017-01-04T16:10:31+0000","photo","https://www.facebook.com/repkenbuck/photos/a.1057821127576691.1073741828.1036040879754716/1707561152602682/?type=3","1036040879754716_1707561152602682",NA,50,9,2
"1036040879754716","Congressman Ken Buck","Yesterday, I voted against the proposed changes to the Office of Congressional Ethics. For more information on what's going on in Washington, don't hesitate to call my office at (202)-225-4676.","2017-01-03T20:58:36+0000","link","http://www.denverpost.com/2017/01/03/colorado-republicans-objected-gutting-congressional-ethics-office/","1036040879754716_1705786539446810",NA,178,29,9
