"from_id","from_name","message","created_time","type","link","id","story","likes_count","comments_count","shares_count"
"135670516492974","Rep. Larry Bucshon","Enjoyed having BoxUp, a startup from Terre Haute, in Washington, D.C. for our Internet of Things (IoT) showcase. From smart phones and appliances to healthcare delivery to the innovative packaging pioneered by BoxUp, this cutting-edge technology is revolutionizing the consumer experience and the way businesses interact with consumers. IoT is expanding opportunity and improving lives.","2017-06-23T15:28:59+0000","video","https://www.facebook.com/RepLarryBucshon/videos/1457004834359529/","135670516492974_1457004834359529",NA,54,14,31
"135670516492974","Rep. Larry Bucshon","Obamacare is in a death spiral. Across the country, the exchanges are collapsing leaving patients without affordable health care options – if they have options at all. In Indiana, premiums have skyrocketed an average of 74 percent and now some patients won’t have access to a single insurer on the exchanges in 2018. It’s clear that without action, Obamacare will continue to implode, putting even more Americans at risk until the exchanges collapse entirely.  We can’t delay taking action any longer. We have to get our bill that repeals and replaces this failed law to President Trump to rescue Americans who have nowhere to turn.","2017-06-21T22:37:36+0000","link","https://bucshon.house.gov/media-center/press-releases/dr-bucshon-s-statement-anthem-mdwise-exiting-obamacare-exchange","135670516492974_1455300617863284",NA,95,116,37
"135670516492974","Rep. Larry Bucshon","Yesterday, I toured Boston Scientific, a medical device manufacturer located in Spencer, Indiana. We toured the facility and discussed important legislative measures at the federal level. The Affordable Care Act levied a tax on medical innovation at facilities like Boston Scientific that could put the development life-saving devices at risk. Our bill to repeal and replace the ACA completely repeals the Medical Device Tax. We also just recently passed legislation out of the Energy and Commerce Committee that ensures the Food and Drug Administration (FDA) has the proper resources so that companies like Boston Scientific can get innovative devices to patients in a timely and transparent fashion.","2017-06-20T17:30:33+0000","photo","https://www.facebook.com/RepLarryBucshon/photos/a.140575839335775.25952.135670516492974/1453942567999089/?type=3","135670516492974_1453947164665296","Rep. Larry Bucshon added 10 new photos.",111,42,47
"135670516492974","Rep. Larry Bucshon","It was an honor to attend the change of command ceremony yesterday at Crane Army Ammunition Activity. I had the opportunity to thank Col. James P. Hooper for his leadership and welcome Col. Michael P. Garlington to #CraneArmy!","2017-06-20T13:28:46+0000","photo","https://www.facebook.com/RepLarryBucshon/photos/a.140575839335775.25952.135670516492974/1453707054689307/?type=3","135670516492974_1453729711353708","Rep. Larry Bucshon added 8 new photos.",28,2,3
"135670516492974","Rep. Larry Bucshon","Being a dad has been the greatest joy of my life and the most important job I've ever had. To all dads, I hope you have a very Happy Father's Day!","2017-06-18T18:35:20+0000","photo","https://www.facebook.com/RepLarryBucshon/photos/a.596242477102440.1073741838.135670516492974/1451987141527965/?type=3","135670516492974_1451987158194630","Rep. Larry Bucshon added 3 new photos.",75,1,1
"135670516492974","Rep. Larry Bucshon",NA,"2017-06-16T19:52:11+0000","video","https://www.facebook.com/speakerryan/videos/1381674305214425/","135670516492974_1449768595083153","Rep. Larry Bucshon shared Speaker Paul Ryan's video.",52,6,0
"135670516492974","Rep. Larry Bucshon","A few photos from The Congressional Baseball Game for Charity last night. I had the opportunity to thank Special Agent David Bailey from the U.S. Capitol Police for his actions and those of his fellow officers that saved the lives of many.","2017-06-16T16:47:36+0000","photo","https://www.facebook.com/RepLarryBucshon/photos/a.140575839335775.25952.135670516492974/1449601565099856/?type=3","135670516492974_1449604845099528","Rep. Larry Bucshon added 3 new photos.",82,2,9
"135670516492974","Rep. Larry Bucshon","As a practicing surgeon for nearly 15 years, I understand that access to general surgery services can significantly improve health outcomes and save lives. Unfortunately, many of our rural communities in Indiana, and across the country, are facing a shortage of general surgeons, which can prevent many of our citizens in those areas from receiving the care they need. This legislation will provide important data and information on how we can best develop solutions to address this growing challenge.","2017-06-15T21:06:17+0000","link","https://bucshon.house.gov/media-center/press-releases/bipartisan-bill-bucshon-grassley-schatz-bera-would-help-document-areas","135670516492974_1448637405196272",NA,36,21,3
"135670516492974","Rep. Larry Bucshon","The Congressional Baseball Game for Charity has been played on and off for nearly 100 years. While Democrats play against Republicans in the game, we all unify behind America's pastime and behind charities that help our communities. Despite our differences, we are a family. We are united by much more than what may divide us and collectively we are resilient. Tonight, we will all come together to enjoy the game of baseball.   You can read more about the game here: https://www.congressionalbaseball.org/.","2017-06-15T14:32:36+0000","link","https://www.congressionalbaseball.org/","135670516492974_1448272451899434",NA,52,6,7
"135670516492974","Rep. Larry Bucshon","Praying for my friend Steve Scalise, the Capitol Police, and any staff injured this morning at the horrific shooting at the Congressional baseball practice. My staff and I were not in attendance and are all okay.","2017-06-14T13:30:35+0000","status",NA,"135670516492974_1447046508688695",NA,120,31,6
"135670516492974","Rep. Larry Bucshon","The VA is failing to live up to the commitment made to our veterans and that should be unacceptable to every American. To turn things around, the Secretary of the VA should be able to hold bad employees accountable, which is made nearly impossible under current law. The Department of Veterans Affairs Accountability and Whistleblower Protection Act is landmark legislation that ensures bad actors are terminated or held accountable and whistleblowers who bring forward misconduct are protected. This legislation builds off our work to provide robust funding and badly needed reforms that improve the care delivered to veterans after several scandals involving VA-provided care came to light, like the atrocities we saw at the Phoenix VA. Our previous work combined with the legislation we passed today go a long way to ensuring veterans receive the timely and quality care that they have earned through their service.  I’m happy President Trump supports this common-sense measure and intends to sign it into law.","2017-06-13T22:19:05+0000","link","https://bucshon.house.gov/media-center/press-releases/dr-bucshon-supports-landmark-va-accountability-bill","135670516492974_1446346262092053",NA,54,23,14
"135670516492974","Rep. Larry Bucshon","Addiction Policy Forum wrote a letter in the Tribune Star highlighting what we've accomplished in the fight to end the opioid epidemic.","2017-06-12T23:54:00+0000","link","http://www.tribstar.com/opinion/letters_to_the_editor/readers-forum-june-bucshon-has-made-difference-on-opioids/article_a020c59e-4d31-11e7-a0dd-f772712c6e4c.html","135670516492974_1445131465546866",NA,9,12,0
"135670516492974","Rep. Larry Bucshon","Last week, Senator Bernie Sanders argued during a Senate hearing that one of President Trump’s nominees should be disqualified from public service because of his faith as a Christian.   In doing so, Senator Sanders questioned the fundamental beliefs Christians around the world have held for centuries, and attempted to establish a litmus test that would disqualify any person with similar beliefs from serving in government.    Although this has been mostly overlooked by the media, every American, regardless of their religious beliefs, should be outraged.   Article VI of the United States Constitution maintains that “no religious test shall ever be required as a qualification to any Office or public Trust under the United States.” Furthermore, the First Amendment guarantees the right of all citizens to exercise their religious beliefs freely and peacefully, stating that “Congress shall make no law respecting an establishment of religion, or prohibiting the free exercise thereof.”   Implying that the government should have a religious litmus test that may disqualify a person from service in the government is dangerously close to overstepping this constitutional boundary and represents a slippery slope that threatens the rights of every American. The freedom of religion extends to people of all faiths and we must all vigilantly protect it as such.   This dangerous and intolerant attempt at political correctness by Senator Sanders should be admonished by all Americans.","2017-06-12T21:30:45+0000","link","https://www.theatlantic.com/politics/archive/2017/06/bernie-sanders-chris-van-hollen-russell-vought/529614/","135670516492974_1445123292214350",NA,66,74,61
"135670516492974","Rep. Larry Bucshon","Last week, we passed legislation out of the House Committee on Energy and Commerce that reauthorizes FDA’s critical user fee programs to ensure the agency has the tools they need to deliver safe and effective drugs, devices, and treatments, to patients more efficiently and transparently. This package includes legislative language that I authored and is a big win for the Hoosier state.   Find out more here: https://goo.gl/b0AUJE.","2017-06-12T19:26:06+0000","video","https://www.facebook.com/RepLarryBucshon/videos/1444989362227743/","135670516492974_1444989362227743",NA,20,9,5
"135670516492974","Rep. Larry Bucshon","This is a copy of a letter sent to my office from the Indiana Bankers Association in support of the Financial CHOICE Act. The IBA represents the small community financial institutions that support rural Indiana.   From the letter:  ""The Indiana banking community is supportive of much-needed and overdue relief from the choking regulatory burden that impedes banks’ ability to best serve the needs of their customers and local communities.""","2017-06-09T15:40:12+0000","photo","https://www.facebook.com/RepLarryBucshon/photos/a.140575839335775.25952.135670516492974/1441273612599318/?type=3","135670516492974_1441273612599318",NA,17,26,5
"135670516492974","Rep. Larry Bucshon","Thanks to Governor Eric Holcomb for sharing my recent op-ed in the Tribune Star about our work at the federal level to bring an end to the opioid epidemic.","2017-06-09T14:47:34+0000","link","http://www.tribstar.com/opinion/flashpoint/flashpoint-bringing-hope-to-the-opioid-crisis/article_2e71e460-4a1a-11e7-870e-8f09ee8d910c.html","135670516492974_1441239825936030","Rep. Larry Bucshon shared Governor Eric Holcomb's post.",8,1,0
"135670516492974","Rep. Larry Bucshon","Wall Street is doing just fine under Dodd-Frank’s status quo, while millions of Americans in the heartland are struggling to get ahead. The hardworking Americans who rely on community financial institutions to get a mortgage to buy their first home or take out a small business loan to start a business are being hit the hardest. These are our farmers, small business owners, and middle-income families. With the Financial CHOICE Act, we are offering a better way forward by putting Main Street ahead of Wall Street and unleashing America’s economic potential. This legislation ends unfair taxpayer bailouts, protects consumers by holding Wall Street accountable with the steepest penalties in history, increases transparency and accountability, and expands access to capital for small businesses and gives consumers more choice and options when it comes to credit so that Americans can plan their own financial futures.","2017-06-08T21:52:58+0000","link","https://bucshon.house.gov/media-center/press-releases/dr-bucshon-s-statement-financial-choice-act","135670516492974_1440418926018120",NA,13,18,2
"135670516492974","Rep. Larry Bucshon",NA,"2017-06-08T14:29:58+0000","link","https://bucshon.house.gov/media-center/press-releases/top-10-wins-american-people-financial-choice-act","135670516492974_1439990082727671","Rep. Larry Bucshon shared a link.",13,17,1
"135670516492974","Rep. Larry Bucshon",NA,"2017-06-08T12:42:00+0000","link","https://bucshon.house.gov/media-center/press-releases/get-facts-financial-choice-act","135670516492974_1439851642741515","Rep. Larry Bucshon shared a link.",25,22,8
"135670516492974","Rep. Larry Bucshon","Dodd-Frank enshrined ""Too Big to Fail"" into law. This week, we are voting on legislation to roll back Dodd-Frank's misguided policies and replace them with new rules that will create more opportunity, choice and economic freedom for all Americans.","2017-06-06T22:03:05+0000","video","https://www.facebook.com/HouseRepublicans/videos/10155009620878891/","135670516492974_1437922496267763","Rep. Larry Bucshon shared House Republicans's video.",20,24,0
"135670516492974","Rep. Larry Bucshon","Today, we remember the bravery and sacrifice of the soldiers who stormed the beaches of Normandy on this day in 1944. We pay tribute to those who are still with us and honor those heroes who laid their lives upon the altar of freedom on behalf of a grateful nation.","2017-06-06T16:47:05+0000","photo","https://www.facebook.com/RepLarryBucshon/photos/a.140575839335775.25952.135670516492974/1437586579634688/?type=3","135670516492974_1437586579634688",NA,11,3,4
"135670516492974","Rep. Larry Bucshon","As a long-time supporter of both the WestGate tech park and Naval Surface Warfare Center, Crane Division, I offer congratulations and appreciation to Alion Science and Technology for their current expansion. The WestGate serves a critical role for Indiana’s defense industry and for the region.","2017-06-05T13:06:49+0000","link","http://www.gcdailyworld.com/story/2417415.html","135670516492974_1436269433099736",NA,30,2,5
"135670516492974","Rep. Larry Bucshon","“If we did what the Paris accord said, it’s very possible the energy costs here in Southwest Indiana and the Wabash Valley would go up dramatically and if that happens it has a big impact on the economy,” said Bucshon. “We could lose business to other areas of the world not just in the state.""","2017-06-02T20:40:40+0000","link","http://44news.wevv.com/opponents-supporters-react-u-s-leaving-paris-climate-accord/","135670516492974_1433421360051210",NA,73,66,14
"135670516492974","Rep. Larry Bucshon","This week, I had the opportunity to tour Holly's House, Aurora Evansville, House of Bread and Peace, DaVita Dialysis Clinic in Evansville, and DSM Bright Science Brighter Living to see how these great organizations are supporting our local community. I also sat down with a member of the FBI's task force working on cases of Internet Crimes Against Children to discuss this growing and critical issue and spoke about health care reform with the Vanderburgh County Medical Society.","2017-06-02T15:54:36+0000","photo","https://www.facebook.com/RepLarryBucshon/photos/a.140575839335775.25952.135670516492974/1433170416742971/?type=3","135670516492974_1433178340075512","Rep. Larry Bucshon added 14 new photos — with Brian Kerney and Shari Castiller Gesser.",21,13,1
"135670516492974","Rep. Larry Bucshon","Here's a visual representation of the disparity between the United States and a few other countries under the Paris climate agreement. This puts our country at a competitive disadvantage to the benefit of countries like China, Iran, and India.   You can find more facts and info about this bad deal here:  https://goo.gl/4UjVSP.","2017-06-01T23:01:00+0000","photo","https://www.facebook.com/RepLarryBucshon/photos/a.140575839335775.25952.135670516492974/1432514730141873/?type=3","135670516492974_1432514730141873",NA,98,65,74
"135670516492974","Rep. Larry Bucshon","The American people should decide the direction of our domestic energy policy, not foreign nations. I’m happy the President took a strong stand today to ensure they do.","2017-06-01T21:29:32+0000","link","https://bucshon.house.gov/media-center/press-releases/dr-bucshon-s-statement-paris-agreement","135670516492974_1432504686809544",NA,194,70,37
"135670516492974","Rep. Larry Bucshon","Today, we honor the men and women who have given the ultimate sacrifice on behalf of their country to protect the freedoms that we all enjoy today. #MemorialDay","2017-05-29T15:39:22+0000","video","https://www.facebook.com/RepLarryBucshon/videos/1429401893786490/","135670516492974_1429401893786490",NA,34,8,3
"135670516492974","Rep. Larry Bucshon","In case you missed it: Data from the Department of Health and Human Services released yesterday shows that under Obamacare premiums have doubled since 2013, an increase of 105% across the country and 74% in the state of Indiana.","2017-05-25T13:16:41+0000","link","https://energycommerce.house.gov/news-center/blog-posts/new-report-shows-aca-spiked-premiums-105-between-2013-and-2017","135670516492974_1425509204175759",NA,31,66,85
"135670516492974","Rep. Larry Bucshon","My heart breaks for the innocent lives lost to this evil, cowardly act of terror in Manchester last night.","2017-05-23T13:00:44+0000","photo","https://www.facebook.com/RepLarryBucshon/photos/a.140575839335775.25952.135670516492974/1423665931026753/?type=3","135670516492974_1423665931026753",NA,11,3,1
"135670516492974","Rep. Larry Bucshon","Thanks to 104FM WIKY for highlighting this important legislation we passed out of the House last week.","2017-05-22T15:44:41+0000","link","http://wiky.com/news/articles/2017/may/19/buchson-supports-thin-blue-line-act/","135670516492974_1422935977766415",NA,30,5,1
"135670516492974","Rep. Larry Bucshon","Congratulations to the North/South Vigo County Service Unit #162, based in Terre Haute, on receiving the Girl Scout President’s Award!","2017-05-19T16:33:32+0000","link","http://www.tribstar.com/features/valley_life/local-girl-scout-volunteers-receive-national-recognition/article_c980524c-3bcf-11e7-930c-63e02424835e.html","135670516492974_1420326784694001",NA,4,0,0
"135670516492974","Rep. Larry Bucshon","""It's not just a Republican talking point that Obamacare is falling apart. Democrats' efforts to shift all blame to President Trump and his party are misleading. Obamacare is crumbling because it was poorly made.""","2017-05-19T13:48:17+0000","link","http://www.washingtonexaminer.com/walls-fall-in-on-obamacare/article/2622868?utm_content=bufferb77ef&utm_medium=email&utm_source=HouseGOP+Staff+List&utm_campaign=539573ba61-EMAIL_CAMPAIGN_2017_04_24&utm_term=0_f9e806e009-539573ba61-132523913","135670516492974_1420203568039656",NA,34,53,11
"135670516492974","Rep. Larry Bucshon","Proud to support this bill and happy to see it pass the House today.","2017-05-18T22:09:20+0000","link","https://bucshon.house.gov/media-center/press-releases/dr-bucshon-supports-those-thin-blue-line","135670516492974_1419686584758021",NA,46,12,3
"135670516492974","Rep. Larry Bucshon","A constituent's perspective on a bill we recently passed to provide workers more flexibility: “Time is something that a lot of people don’t have. They work a lot. A lot of people are overworked, they got double families, both families are working they don’t have any time to spend with their kids. I think it would go over real well as long as it equals out to the time and a half and businesses don’t try to short people on that.”","2017-05-18T13:53:00+0000","link","http://44news.wevv.com/u-s-house-passes-bill-favors-pto-instead-overtime-pay/","135670516492974_1418828021510544",NA,43,55,14
"135670516492974","Rep. Larry Bucshon","Great story about Chrislyn Marrs, the West Vigo High School student who won ""People's Choice Award"" for our #IN08 Art Competition with her piece, ""Spectrum of Thoughts.""","2017-05-18T11:45:00+0000","link","http://www.tribstar.com/sports/local_high_school_sports/west-vigo-s-marrs-finds-success-off-the-athletic-fields/article_803926de-be82-5544-9970-68b8d0783062.html","135670516492974_1417800831613263",NA,20,2,18
"135670516492974","Rep. Larry Bucshon","As Obamacare continues to fall apart, more Americans are left without insurance.","2017-05-18T00:02:00+0000","link","https://waysandmeans.house.gov/obamacare-continues-fall-apart-americans-left-without-insurance/#.WRnpLOhAJxY.twitter","135670516492974_1418829698177043",NA,23,38,3
"135670516492974","Rep. Larry Bucshon","""Trump’s blueprint, as well as the House Republicans’ blueprint, are driving tax reform in the right direction by reducing tax rates, simplifying the tax code, and making the tax system fairer for small businesses. Each of these areas of reform are what is needed to promote a thriving economy for all, not just big businesses."" - Alfonso Vidal, a small business owner in Evansville, Indiana.","2017-05-17T22:39:00+0000","link","http://www.courierpress.com/story/opinion/readers/2017/05/16/opinion-trump-blueprint-save-small-businesses/101758062/","135670516492974_1418821508177862",NA,47,20,5
"135670516492974","Rep. Larry Bucshon","Spoke on the floor today in support of the Thin Blue Line Act, which ensures officers who fall in the line of duty, and their families, receive the justice they deserve. It confirms that the United States Congress stands behind our law enforcement.","2017-05-17T20:27:09+0000","video","https://www.facebook.com/RepLarryBucshon/videos/1418717718188241/","135670516492974_1418717718188241",NA,81,12,34
"135670516492974","Rep. Larry Bucshon",NA,"2017-05-17T15:56:18+0000","link","https://duboiscountyherald.com/b/congressman-praises-countys-real-estate-developments","135670516492974_1418617754864904","Rep. Larry Bucshon shared a link.",6,0,1
"135670516492974","Rep. Larry Bucshon","It was an absolute honor to join Vice President Mike Pence at The White House yesterday for a ceremony recognizing the  Indiana Fraternal Order of Police and remembering the service of the late Sheriff's Deputy Carl Koontz.","2017-05-17T13:38:21+0000","photo","https://www.facebook.com/RepLarryBucshon/photos/a.596242477102440.1073741838.135670516492974/1418508104875869/?type=3","135670516492974_1418508484875831","Rep. Larry Bucshon added 2 new photos.",34,1,3
"135670516492974","Rep. Larry Bucshon","Thanks to Mayor Terry Seitz in Jasper for showing us around the Jasper Lofts development site. The developments we toured yesterday in Ferdinand, Huntingburg, and Jasper are all important projects to ensure the county has adequate housing opportunities as it continues to attract new residents.","2017-05-16T22:50:52+0000","photo","https://www.facebook.com/RepLarryBucshon/photos/a.140575839335775.25952.135670516492974/1418007198259293/?type=3","135670516492974_1418010204925659","Rep. Larry Bucshon added 6 new photos.",13,1,1
"135670516492974","Rep. Larry Bucshon","Met with Huntingburg Mayor Denny Spinner yesterday to discuss Hunters Crossing, a new single family housing development planned for the north side of the city. This project is a part of Huntingburg's ""Stellar"" initiative.","2017-05-16T18:08:00+0000","photo","https://www.facebook.com/RepLarryBucshon/photos/a.140575839335775.25952.135670516492974/1417796164947063/?type=3","135670516492974_1417798624946817","Rep. Larry Bucshon added 2 new photos.",8,0,2
"135670516492974","Rep. Larry Bucshon","Toured the Royal Ridge Apartments construction site in Ferdinand, Indiana yesterday with town council member Debbie Johnson and town manager Chris James. This project is a joint partnership with Ferdinand and the developer to provide more housing options for the community as it attracts economic development.","2017-05-16T16:29:05+0000","photo","https://www.facebook.com/RepLarryBucshon/photos/a.140575839335775.25952.135670516492974/1417776951615651/?type=3","135670516492974_1417785581614788","Rep. Larry Bucshon added 4 new photos.",6,2,2
"135670516492974","Rep. Larry Bucshon","From The Washington Post fact checkers: ""The notion that AHCA classifies rape or sexual assault as a preexisting condition, or that survivors would be denied coverage, is false…""","2017-05-16T14:45:00+0000","link","https://bucshon.house.gov/media-center/press-releases/washington-post-outrageous-ahca-claim-false","135670516492974_1417675811625765",NA,25,22,12
"135670516492974","Rep. Larry Bucshon","""What this job fair does is connect employers with potential employees all in one location. We do this in all areas of the district...Even if we connect one person in Terre Haute with a job, it is worth it,” Bucshon said.","2017-05-16T13:23:22+0000","link","http://www.tribstar.com/news/local_news/job-fair-seeks-to-hook-up-employers-workers/article_b253819f-af92-58ec-a2cc-c76e3fee5810.html","135670516492974_1417661278293885",NA,13,5,3
"135670516492974","Rep. Larry Bucshon","Every year, I host a Congressional Art Competition for #IN08 high school students. I'm always amazed to see the talent of young Hoosier artists. Congratulations to our winner Ali Houpey and all the students who participated.","2017-05-15T22:00:02+0000","link","http://44news.wevv.com/buschon-attends-evansville-art-show/","135670516492974_1417149945011685",NA,36,6,1
"135670516492974","Rep. Larry Bucshon","Happy National Police Week to the men and women who serve and protect our communities across #IN08.","2017-05-15T17:50:51+0000","photo","https://www.facebook.com/RepLarryBucshon/photos/a.140575839335775.25952.135670516492974/1417001438359869/?type=3","135670516492974_1417001438359869",NA,7,0,2
"135670516492974","Rep. Larry Bucshon","To my wife, mother and all the mothers out there!!","2017-05-14T20:35:59+0000","photo","https://www.facebook.com/RepLarryBucshon/photos/a.140575839335775.25952.135670516492974/1416223161771030/?type=3","135670516492974_1416223161771030",NA,23,9,0
"135670516492974","Rep. Larry Bucshon","Congratulations to our 2017 Congressional Art Competition Overall Winner “Light Your World” by Ali Houpey from South Knox High School. Ali will join hundreds of other district winners at a reception in D.C. where her artwork will be on display for a year in the U.S. Capitol.  The People’s Choice Winner was “Spectrum of Thoughts” by Chrislyn Marrs of West Vigo High School. Chrislyn’s artwork received over 1,200 likes, comments, and shares. Her artwork will be on display in my Washington D.C. office for a year.","2017-05-12T17:56:04+0000","photo","https://www.facebook.com/RepLarryBucshon/photos/a.140575839335775.25952.135670516492974/1414363721956974/?type=3","135670516492974_1414364485290231","Rep. Larry Bucshon added 2 new photos.",51,11,5
"135670516492974","Rep. Larry Bucshon","Confirmed by fact checkers at The Washington Post: claims that patients could be ""denied coverage"" under the American Health Care Act are completely unfounded and false. In fact, the Post gave those claims four out of four Pinocchios.","2017-05-12T16:54:55+0000","link","https://bucshon.house.gov/media-center/press-releases/washington-post-fact-checks-rhetoric-preexisting-conditions","135670516492974_1414327528627260",NA,93,59,87
"135670516492974","Rep. Larry Bucshon","Discussed our Terre Haute Job Fair, the American Health Care Act, and the firing of FBI Director Comey with WTWO TV yesterday.","2017-05-11T14:41:34+0000","link","http://www.mywabashvalley.com/news/indiana-congressman-bucshon-talks-comey-healthcare/711162424","135670516492974_1413335948726418","Rep. Larry Bucshon shared WTWO TV's post.",17,26,0
"135670516492974","Rep. Larry Bucshon","Thanks to everyone who helped make our job fair in Terre Haute today such a success.","2017-05-10T22:01:27+0000","photo","https://www.facebook.com/RepLarryBucshon/photos/a.140575839335775.25952.135670516492974/1412766588783354/?type=3","135670516492974_1412768438783169","Rep. Larry Bucshon added 16 new photos.",22,1,4
"135670516492974","Rep. Larry Bucshon","Attended the Putnamville District Memorial Service to honor the heroes who have given their lives in the line of duty. Thanks to the brave men and women who serve and protect our communities and our great state.","2017-05-10T17:50:43+0000","photo","https://www.facebook.com/RepLarryBucshon/photos/a.596242477102440.1073741838.135670516492974/1412620902131256/?type=3","135670516492974_1412621308797882","Rep. Larry Bucshon added 2 new photos — at State of Indiana State Police Putnamville District No 53.",37,5,2
"135670516492974","Rep. Larry Bucshon","REMINDER: Our Terre Haute job fair kicks off today at 1pm ET at Indiana State University's Hulman Center. First hour is reserved for veterans. This event is free and open to the public. Find out more, including a list of participating employers, here: https://bucshon.house.gov/job-fair-registration.","2017-05-10T14:06:50+0000","photo","https://www.facebook.com/RepLarryBucshon/photos/a.140575839335775.25952.135670516492974/1412471548812858/?type=3","135670516492974_1412471548812858",NA,13,8,7
"135670516492974","Rep. Larry Bucshon","""Liberals are inflating the pre-existing conditions panic with images of patients pushed out to sea on ice floes, but the GOP plan will ensure everyone can get the care they need.""","2017-05-09T16:57:08+0000","link","https://www.wsj.com/articles/pre-existing-confusion-1493680248","135670516492974_1411698752223471",NA,73,79,36
"135670516492974","Rep. Larry Bucshon","I'm hosting a job fair in Terre Haute this Wednesday that is free and open to the public. More details here: https://goo.gl/mG6Qwe.","2017-05-08T20:22:52+0000","link","http://www.mywabashvalley.com/news/bucshon-to-host-job-fair-in-terre-haute/709532671","135670516492974_1410923788967634",NA,14,9,8
"135670516492974","Rep. Larry Bucshon","Great op-ed by my colleague Congresswoman Cathy McMorris Rodgers on why she voted for the American Health Care Act and her personal mission to ensure all patients are protected.","2017-05-05T16:35:11+0000","link","https://www.washingtonpost.com/opinions/my-son-has-a-preexisting-condition-hes-one-of-the-reasons-i-voted-for-the-ahca/2017/05/04/26c234b2-30fd-11e7-9534-00e4656c22aa_story.html?utm_term=.a64ce6362f1f","135670516492974_1407744525952227",NA,71,69,34
"135670516492974","Rep. Larry Bucshon","It was an honor to be at the White House for this shortly after we voted to pass the American Health Care Act.","2017-05-05T02:14:46+0000","video","https://www.facebook.com/FoxNews/videos/10155389379516336/","135670516492974_1407162122677134","Rep. Larry Bucshon shared Fox News's video.",53,121,0
"135670516492974","Rep. Larry Bucshon","Obamacare is collapsing and leaving millions of Americans with nowhere to turn as their premiums skyrocket by 25 percent on average and insurers drop out of the market place. Families have been hit with higher costs and limited choice under this government-mandated, one-size-fits-all system. It would be irresponsible for us to not act to provide them relief. Today’s vote moves us forward on the path to repealing and replacing Obamacare. The American Health Care Act puts patients back in charge of their healthcare decisions, helps drive down costs and expand access to care for everyone, and maintains critical patient protections like coverage for preexisting conditions. Thanks to President Trump, Vice President Pence, and my colleagues in the House for their hard work on this bill that fulfills the promises we made to the American people.","2017-05-04T20:35:46+0000","photo","https://www.facebook.com/RepLarryBucshon/photos/a.140575839335775.25952.135670516492974/1406934639366549/?type=3","135670516492974_1406934639366549",NA,104,227,20
"135670516492974","Rep. Larry Bucshon","ICYMI: My weekly interview with 104FM WIKY.","2017-05-04T14:42:47+0000","link","http://wiky.com/news/articles/2017/may/04/bucshon-house-to-vote-on-healthcare-bill/","135670516492974_1406714186055261",NA,28,93,5
"135670516492974","Rep. Larry Bucshon","As President Trump said, this bill is a clear win for the American people. It turns the tide of the past eight years by investing heavily in our national defense to support our operations abroad and military installations here at home like Crane. It includes the largest increase in border security technology and infrastructure in a decade, gives our troops the largest pay raise in six years, and fully funds the health benefits for retired miners that are set to expire. While this legislation is far from ideal, it nonetheless makes progress getting our priorities in order after eight years of the failed policies of the previous administration.  I wish we could have done more in this bill, but the arcane rules of the Senate allow Senate Democrats to block our efforts to make further progress. I agree with President Trump that for us to secure major legislative accomplishments moving forward, Senate Republicans should end the legislative filibuster.","2017-05-04T12:20:13+0000","link","https://bucshon.house.gov/media-center/press-releases/dr-bucshon-s-statement-government-funding-bill","135670516492974_1406604326066247",NA,55,70,6
"135670516492974","Rep. Larry Bucshon","During a recent visit to Linton, Indiana, I sat down with the Greene County Daily World to talk about my work in both Indiana and Washington, D.C.","2017-05-01T20:26:37+0000","link","http://www.gcdailyworld.com/story/2406588.html","135670516492974_1403926246334055",NA,9,9,0
"135670516492974","Rep. Larry Bucshon","On Saturday, I hosted our annual Spring Academy Day informational session for #IN08 high school students interested in pursuing one of the U.S. Service Academies. I'm always impressed by the dedication of these young Hoosiers who want to serve their country.","2017-05-01T17:48:00+0000","photo","https://www.facebook.com/RepLarryBucshon/photos/a.140575839335775.25952.135670516492974/1403616356365044/?type=3","135670516492974_1403622476364432","Rep. Larry Bucshon added 5 new photos — with Amanda McNanley at Vincennes University Ft.  Branch.",14,5,1
"135670516492974","Rep. Larry Bucshon","We had 30 pieces of artwork submitted from local high school students from across the district for the 2017 8th District Congressional Art Competition. These entries are being reviewed by an expert panel at the Arts Council of Southwestern Indiana and the winner will be announced at a reception on May 11th. The winner will receive a trip to Washington, D.C. and will have their artwork displayed in the U.S. Capitol Building for a year. New this year is a People’s Choice Award. The artwork with the most likes will win the People’s Choice Award which will be presented at the May 11th reception.","2017-05-01T15:37:50+0000","photo","https://www.facebook.com/RepLarryBucshon/photos/a.1403714566355223.1073741858.135670516492974/1403714699688543/?type=3","135670516492974_1414360998623913","Rep. Larry Bucshon added 39 new photos to the album: 2017 Congressional Art Competition — with Randall Doc Lemmons and Jill Maurer Gerton.",105,28,154
"135670516492974","Rep. Larry Bucshon","Congress must live under the rules it creates. Last week, I cosponsored a common sense bill to make that clear.","2017-05-01T13:28:17+0000","link","https://bucshon.house.gov/media-center/press-releases/dr-bucshon-cosponsors-bill-ensure-members-congress-aren-t-exempt-health","135670516492974_1403611996365480",NA,233,86,53
"135670516492974","Rep. Larry Bucshon",NA,"2017-04-29T13:00:00+0000","link","http://wiky.com/news/articles/2017/apr/27/bucshon-encouraged-by-push-for-tax-reform/","135670516492974_1400143193379027","Rep. Larry Bucshon shared a link.",25,16,4
"135670516492974","Rep. Larry Bucshon","Tomorrow is National Prescription Drug Take Back Day. You can find a responsible and convenient place to dispose of prescription drugs near you by visiting this link -> https://www.deadiversion.usdoj.gov/drug_disposal/takeback/index.html.","2017-04-28T20:25:27+0000","link","https://www.deadiversion.usdoj.gov/drug_disposal/takeback/index.html","135670516492974_1400640919995921",NA,9,5,4
"135670516492974","Rep. Larry Bucshon","Great meeting this week with U.S. EPA Administrator Scott Pruitt. Encouraged to have an Administrator that understands and respects the authority of states. I'm confident Administrator Pruitt will strike the right balance between common sense regulations and the economic viability of Indiana's agriculture and energy industries.","2017-04-28T15:06:35+0000","photo","https://www.facebook.com/RepLarryBucshon/photos/a.140575839335775.25952.135670516492974/1400234103369936/?type=3","135670516492974_1400234103369936",NA,30,34,6
"135670516492974","Rep. Larry Bucshon","Joined President Donald J. Trump in the Oval Office at the The White House today as he signed an important measure on aluminum imports that will protect American workers and manufacturers and enhance our national security.","2017-04-27T19:39:23+0000","video","https://www.facebook.com/RepLarryBucshon/videos/1399347946791885/","135670516492974_1399347946791885",NA,84,21,47
"135670516492974","Rep. Larry Bucshon","“Over the past nine years, President Bradley has led Indiana State University to record enrollment and overseen the completion of numerous capital projects and improvements,” said Bucshon. “I applaud his commitment to higher education, the betterment of Hoosier students, and the Terre Haute community. I wish Dan and Cheri all the best going forward.”","2017-04-27T17:16:01+0000","link","http://www.tribstar.com/news/local_news/isu-s-bradley-says-his-departure-s-planned/article_bcd49492-6f66-5e3e-bd6b-d83cb1d5c404.html","135670516492974_1399224690137544",NA,15,2,2
"135670516492974","Rep. Larry Bucshon","Tomorrow is the last day for the 8th Congressional District Art Competition submissions. The winning art will be displayed at the Capitol Building in Washington, D.C. for a period of one year. The student with the winning art piece will receive two roundtrip tickets from Southwest Airlines to Washington, D.C., tours of the Capitol and the White House and an invitation to the Congressional awards ceremony.  Submissions will be displayed in Evansville at the Main Street Gallery of the Arts Council of Southwestern Indiana during a reception on May 11th.   For more information, visit: https://bucshon.house.gov/serving-you/art-competition","2017-04-27T14:15:10+0000","link","https://bucshon.house.gov/serving-you/art-competition","135670516492974_1399063526820327",NA,6,1,3
"135670516492974","Rep. Larry Bucshon","Implementing fundamental tax reform – a simpler, fairer tax code that gets rates down for everyone – is absolutely necessary to get the economy firing on all cylinders. That’s why I am encouraged to see President Trump set broad goals for tax reform today that builds on the Better Way initiative House Republicans released last year. President Trump’s proposal will help provide a guide for Congress and the White House to work together to achieve much-need tax reform to grow the economy, create jobs, and provide more certainty for families.","2017-04-26T22:25:19+0000","link","https://bucshon.house.gov/media-center/press-releases/dr-bucshon-s-statement-president-s-tax-reform-proposal","135670516492974_1398330400226973",NA,52,40,5
"135670516492974","Rep. Larry Bucshon","This morning, I met with a bright group of students from the Randall T. Shepard Academy for Law and Social Justice in Evansville who are visiting Washington, D.C. this week.","2017-04-26T14:35:16+0000","photo","https://www.facebook.com/RepLarryBucshon/photos/a.140575839335775.25952.135670516492974/1397883463605000/?type=3","135670516492974_1397883463605000","Rep. Larry Bucshon with Chase Vaught.",39,8,5
"135670516492974","Rep. Larry Bucshon","I’m honored to have been able to share with Governor Christie my experience as a physician and the experiences of my constituents who are on the front lines of this fight.","2017-04-25T22:39:18+0000","link","https://goo.gl/8o4jZH","135670516492974_1397216217005058",NA,22,5,3
"135670516492974","Rep. Larry Bucshon","Flew to Washington, D.C. from Indiana today as we begin a new legislative week. Had a great discussion with a group of Hoosiers with the Indiana Electric Cooperatives at the Capitol, which made the transition a little easier!","2017-04-25T22:01:04+0000","photo","https://www.facebook.com/RepLarryBucshon/photos/a.140575839335775.25952.135670516492974/1397191137007566/?type=3","135670516492974_1397191137007566",NA,16,3,0
"135670516492974","Rep. Larry Bucshon","REMINDER: I am hosting an Academy Day this Saturday, April 29th at Vincennes University Gibson County Center in Fort Branch, IN. Registration begins at 8:30am CT. The event is open to 8th District high school students who want to learn more about the United States Service Academies, the application process, congressional nominations, and the everyday life of a Service Academy Cadet.   Click this link for more information: https://bucshon.house.gov/serving-you/military-academy-nominations.","2017-04-25T20:16:53+0000","link","https://bucshon.house.gov/serving-you/military-academy-nominations","135670516492974_1397129670347046",NA,15,2,13
"135670516492974","Rep. Larry Bucshon","While in Linton earlier today, I stopped in to chat with Chief Troy Jerrell and Paul Clark of the Linton Police Department.","2017-04-24T21:55:47+0000","photo","https://www.facebook.com/RepLarryBucshon/photos/a.140575839335775.25952.135670516492974/1395498843843462/?type=3","135670516492974_1395498843843462",NA,40,4,4
"135670516492974","Rep. Larry Bucshon","Attended the American Psychiatric Association annual Indiana branch meeting in French Lick. Pictured with Col. Christopher Warner from Ft. Stewart Georgia and John Wernert, M.D.","2017-04-23T17:32:31+0000","photo","https://www.facebook.com/RepLarryBucshon/photos/a.140575839335775.25952.135670516492974/1393952550664758/?type=3","135670516492974_1393952550664758",NA,21,18,1
"135670516492974","Rep. Larry Bucshon","With Evansville Mayor Lloyd Winnecke and First Lady of Evansville Carol McClintock last night at Guns & Hoses. Charity boxing matches between the men and women of law enforcement and fire department men and women.","2017-04-23T15:25:47+0000","photo","https://www.facebook.com/RepLarryBucshon/photos/a.140575839335775.25952.135670516492974/1393811774012169/?type=3","135670516492974_1393811774012169","Rep. Larry Bucshon with Carol McClintock.",49,5,2
"135670516492974","Rep. Larry Bucshon","Had a great time speaking with students at Holy Rosary about our system of government and the role of the Legislative Branch.","2017-04-21T20:44:19+0000","photo","https://www.facebook.com/RepLarryBucshon/photos/a.140575839335775.25952.135670516492974/1391533750906638/?type=3","135670516492974_1391533750906638",NA,25,13,0
"135670516492974","Rep. Larry Bucshon",NA,"2017-04-20T14:16:37+0000","link","http://www.tribstar.com/news/local_news/bucshon-looks-in-on-rural-health-care-physician-training/article_3f8dca08-6e72-5a9e-94f1-ab02ebd290c7.html","135670516492974_1389692754424071","Rep. Larry Bucshon shared a link.",18,5,0
"135670516492974","Rep. Larry Bucshon","Happy to see President Trump today sign into law the extension of the Veterans Choice Act we recently passed out of Congress.","2017-04-19T20:52:16+0000","link","http://www.militarytimes.com/articles/trump-va-reform-veterans-affairs-choice-card","135670516492974_1388887147837965",NA,83,9,14
"135670516492974","Rep. Larry Bucshon","Met with The Arc of Vigo County and Knox County Arc today. These organizations are doing great work for our communities.","2017-04-19T20:05:31+0000","photo","https://www.facebook.com/RepLarryBucshon/photos/a.596242477102440.1073741838.135670516492974/1388840644509282/?type=3","135670516492974_1388840684509278","Rep. Larry Bucshon added 2 new photos.",9,0,0
"135670516492974","Rep. Larry Bucshon","Attended the Daviess-Martin County REMC Annual Meeting last night in Shoals.","2017-04-19T11:45:29+0000","photo","https://www.facebook.com/RepLarryBucshon/photos/a.596242477102440.1073741838.135670516492974/1388374324555914/?type=3","135670516492974_1388374374555909","Rep. Larry Bucshon added 3 new photos — with Nick McGee.",14,5,1
"135670516492974","Rep. Larry Bucshon","Met with linemen at Duke Energy this morning to recognize their hard work to maintain our energy infrastructure and help power our communities. Today is National Lineman Appreciation Day.","2017-04-19T00:30:00+0000","link","http://www.mywabashvalley.com/news/lineman-appreciation-day/693777298","135670516492974_1387781661281847",NA,15,3,0
"135670516492974","Rep. Larry Bucshon","Always inspiring to have the honor of spending time with Eva Mozes Kor. Today, I was able to see the “New Dimensions in Testimony” exhibit at CANDLES Holocaust Museum and Education Center. This state-of-the-art exhibit allows the public to engage in virtual conversations with Holocaust survivors. Thanks to Eva, the Wabash Valley has the incredible opportunity to see this technology firsthand. I'm happy the project will soon include Eva's story and that future generations will hear her lessons of forgiveness, hope, and perseverance.","2017-04-18T23:06:54+0000","photo","https://www.facebook.com/RepLarryBucshon/photos/a.140575839335775.25952.135670516492974/1387759887950691/?type=3","135670516492974_1387769591283054","Rep. Larry Bucshon added 5 new photos.",19,2,2
"135670516492974","Rep. Larry Bucshon","Had a great morning meeting with constituents during Office Hours in Terre Haute.","2017-04-18T18:59:00+0000","photo","https://www.facebook.com/RepLarryBucshon/photos/a.140575839335775.25952.135670516492974/1387592114634135/?type=3","135670516492974_1387592114634135",NA,19,8,2
"135670516492974","Rep. Larry Bucshon","On the road to Terre Haute from Clay County tonight and caught this view of the sunset.","2017-04-18T00:56:10+0000","photo","https://www.facebook.com/RepLarryBucshon/photos/a.140575839335775.25952.135670516492974/1386670778059602/?type=3","135670516492974_1386670778059602",NA,61,4,3
"135670516492974","Rep. Larry Bucshon","May you and your family have a happy and blessed Easter.","2017-04-16T11:39:00+0000","photo","https://www.facebook.com/RepLarryBucshon/photos/a.140575839335775.25952.135670516492974/1382877908438889/?type=3","135670516492974_1382877908438889",NA,44,7,1
"135670516492974","Rep. Larry Bucshon","Interesting read about the late Bob and Bill Menke of Huntingburg, Indiana. The Menke Brothers both played on the Indiana University Men's Basketball team that won a national championship in 1940.","2017-04-15T17:56:00+0000","link","http://www.courierpress.com/story/news/local/southwest-indiana/2017/04/14/display-honors-huntingburg-brothers-iu-exploits/100461002/","135670516492974_1382875215105825",NA,25,3,4
"135670516492974","Rep. Larry Bucshon","Here's a recap of my interview with 104FM WIKY this week on the U.S. airstrike in Syria.","2017-04-15T11:42:00+0000","link","http://wiky.com/news/articles/2017/apr/13/bucshon-supports-us-response-to-syria/","135670516492974_1382794551780558",NA,10,6,0
"135670516492974","Rep. Larry Bucshon","""For God so loved the world that He gave His only begotten Son, that whoever believes in Him should not perish but have everlasting life. For God did not send His Son into the world to condemn the world, but that the world through Him might be saved."" John 3:16-17","2017-04-14T16:37:10+0000","photo","https://www.facebook.com/RepLarryBucshon/photos/a.140575839335775.25952.135670516492974/1382858388440841/?type=3","135670516492974_1382858388440841",NA,42,8,5
"135670516492974","Rep. Larry Bucshon","Great tribute to Hoosier farmers working hard every day to support their families and our communities.","2017-04-14T14:22:41+0000","video","https://www.facebook.com/WhyIFarm/videos/1250493081735308/","135670516492974_1382714351788578","Rep. Larry Bucshon shared Why I Farm's video.",23,4,0
"135670516492974","Rep. Larry Bucshon",NA,"2017-04-14T12:56:11+0000","link","http://44news.wevv.com/congressman-bucshon-tours-evansville-dream-center/","135670516492974_1382603748466305","Rep. Larry Bucshon shared a link.",15,1,1
"135670516492974","Rep. Larry Bucshon","Visited TRI-CAP in Boonville this afternoon to discuss the important work the agency is doing on behalf of the community. Also led the Head Start kids in the Pledge of Allegiance!","2017-04-13T21:15:55+0000","photo","https://www.facebook.com/RepLarryBucshon/photos/a.140575839335775.25952.135670516492974/1381783831881630/?type=3","135670516492974_1381785441881469","Rep. Larry Bucshon added 6 new photos.",23,5,3
"135670516492974","Rep. Larry Bucshon","Today, President Trump signed a resolution into law that I recently voted for which overturns a last-minute Obama Administration regulation forcing states to use taxpayer dollars to fund abortion providers. This resolution restores states’ rights and reaffirms our commitment that Americans not be forced to send their hard-earned tax dollars to abortion providers. I thank President Trump for joining with Congress to move this pro-life victory forward.","2017-04-13T20:14:08+0000","link","https://bucshon.house.gov/media-center/press-releases/dr-bucshon-applauds-overturning-abortion-funding-regulation","135670516492974_1381740018552678",NA,133,50,22
"135670516492974","Rep. Larry Bucshon","Video of the 2017 Sachem Award ceremony that honored Eva Mozes Kor.","2017-04-13T15:41:59+0000","video","https://www.facebook.com/WFYI.Indianapolis/videos/10155068650665874/","135670516492974_1381392585254088","Rep. Larry Bucshon shared WFYI's live video.",3,0,0
"135670516492974","Rep. Larry Bucshon","Today in Indianapolis, Governor Eric Holcomb presented Eva Mozes Kor the 2017 Sachem Award, which is our state's highest humanitarian honor. A member of my staff attended to express our congratulations. Eva's story is an inspiration to many and an example for us all. It's truly an honor to call Eva a friend.   More about the event can be found here: https://goo.gl/TkV0Jl.","2017-04-13T15:40:56+0000","photo","https://www.facebook.com/RepLarryBucshon/photos/a.140575839335775.25952.135670516492974/1381386211921392/?type=3","135670516492974_1381391861920827","Rep. Larry Bucshon added 7 new photos.",16,0,1
"135670516492974","Rep. Larry Bucshon","Please join me on Wednesday, May 10th as I host the 2017 Terre Haute Job Fair at the Hulman Center on the campus of Indiana State University. For more information or to register your company, please visit the link below.","2017-04-11T20:52:21+0000","link","https://bucshon.house.gov/job-fair-registration","135670516492974_1379191762140837",NA,13,5,7
"135670516492974","Rep. Larry Bucshon","Learned a few lessons on my first Facebook LIVE Town Hall - including the need for better the lighting! Thanks to everyone who participated. I thought it was a very productive exchange of ideas. If we didn't get to your question, make sure to tune into our next one.","2017-04-07T22:32:56+0000","status",NA,"135670516492974_1373667569359923",NA,17,13,1
"135670516492974","Rep. Larry Bucshon","We are kicking off my first Facebook LIVE Town Hall NOW! I’ll make my best effort to take as many questions as I can in the time we have. Please submit your question below and let me know what city in #IN08 you’re from. As a reminder, this conversation is intended to be a civil dialogue; therefore, insults, use of profane language, or any other inappropriate comments will be deleted. Thanks for joining me!","2017-04-07T21:01:28+0000","video","https://www.facebook.com/RepLarryBucshon/videos/1373489039377776/","135670516492974_1373489039377776","Rep. Larry Bucshon was live.",69,864,12
"135670516492974","Rep. Larry Bucshon",NA,"2017-04-07T14:33:51+0000","photo","https://www.facebook.com/RepLarryBucshon/photos/a.140575839335775.25952.135670516492974/1373057089420971/?type=3","135670516492974_1373057089420971","Rep. Larry Bucshon added a new photo.",36,31,2
"135670516492974","Rep. Larry Bucshon","Members of my staff are at the Wabash Valley Community Connect event in Terre Haute today. The event runs from 9am-2pm ET and is hosted by the Wabash Valley Health Center.  More info on the event here: https://www.facebook.com/events/1943424642585392/.","2017-04-07T13:17:00+0000","photo","https://www.facebook.com/RepLarryBucshon/photos/a.140575839335775.25952.135670516492974/1372951476098199/?type=3","135670516492974_1372951476098199",NA,15,7,2
"135670516492974","Rep. Larry Bucshon","Do you know a high school student interested in art? The 2017 Congressional Art Competition is under way in the 8th District with submissions being accepted until Friday, April 28th! The competition is open to all students currently enrolled in a high school here in Indiana's 8th. The winning artwork will be displayed in the U.S. Capitol for a year and the student will receive a trip to Washington, DC!  For more information on the competition visit: https://bucshon.house.gov/serving-you/art-competition.","2017-04-07T13:11:18+0000","link","https://bucshon.house.gov/serving-you/art-competition","135670516492974_1372948159431864",NA,11,7,21
"135670516492974","Rep. Larry Bucshon","I’m hosting a Town Hall live from Facebook on Friday April 7th from 4-5pm CT/5-6pm ET. You can post questions in advance to the comment thread below or visit this page Friday to post your questions live during the event. I'll be live-streaming my responses to your questions in real time.","2017-04-04T19:37:26+0000","link","https://bucshon.house.gov/media-center/press-releases/dr-bucshon-hold-facebook-live-town-hall","135670516492974_1368481679878512",NA,37,128,52
"135670516492974","Rep. Larry Bucshon","Unfortunately, Senate Democrats today made clear their intent to block a vote on Judge Gorsuch. This obstruction flies in the face of the will of the American people. I call on Senate Democrats to put politics aside and allow a vote on this qualified nominee; and I support Leader McConnell’s intent to confirm Judge Gorsuch using all options available to the Senate if this political theater continues.","2017-04-03T19:37:14+0000","link","https://bucshon.house.gov/media-center/press-releases/dr-bucshon-calls-senate-democrats-allow-vote-gorsuch","135670516492974_1367176010009079",NA,82,92,11
"135670516492974","Rep. Larry Bucshon","Congratulations to Evan Stieler for receiving the University of Southern Indiana's ""President's Medal.""","2017-04-03T16:51:30+0000","link","http://www.courierpress.com/story/news/education/2017/04/02/usi-senior-calls-presidents-medal-great-ending/99864320/","135670516492974_1366984900028190",NA,44,2,1
"135670516492974","Rep. Larry Bucshon","Great news for the men and women who have served this country - Indiana has the lowest unemployment rate for veterans in the nation.","2017-04-03T16:08:55+0000","link","http://www.insideindianabusiness.com/story/35026763/indiana-veteran-unemployment-rate-lowest-in-us","135670516492974_1366943966698950",NA,55,8,19
"135670516492974","Rep. Larry Bucshon","Happy to see President Trump take this action to stop the regulatory assault on our coal miners and to promote American energy production.   For more on the President's action on Promoting Energy Independence and Economic Growth, click here: https://goo.gl/PhNLkc.","2017-03-29T18:35:28+0000","link","http://www.foxbusiness.com/markets/2017/03/28/coal-miners-rejoice-as-trump-unwinds-obama-era-rules.html","135670516492974_1361373253922688",NA,65,37,9
"135670516492974","Rep. Larry Bucshon","This article speaks for itself.  ""When 7 percent of House members believe that every piece of legislation should bend to their will, they are what's wrong with our political system. They are the lack of pragmatism that causes gridlock. They are the inaction that halts conservative progress.""","2017-03-28T01:18:38+0000","link","http://thehill.com/blogs/pundits-blog/national-party-news/325910-conservativisms-worst-enemy-isnt-democrats-its-the","135670516492974_1359755507417796",NA,22,45,10
"135670516492974","Rep. Larry Bucshon","Great story: Evansville woman, 94, still going strong 44 years into McDonald's job.","2017-03-27T23:51:07+0000","link","http://www.indystar.com/story/life/2017/03/23/evansville-woman-94-still-going-strong-44-years-into-mcdonalds-job/99529688/","135670516492974_1359604867432860",NA,70,8,11
"135670516492974","Rep. Larry Bucshon","Late last week, the President approved the permit for the construction of the Keystone XL pipeline.   Here's a statement I delivered in support of Keystone back in May of 2013. My message: jobs and energy independence, it can't get much better than that.","2017-03-27T19:53:07+0000","video","https://www.facebook.com/RepLarryBucshon/videos/1359551104104903/","135670516492974_1359551104104903",NA,20,30,0
"135670516492974","Rep. Larry Bucshon","Great to meet with constituents and answer their questions this morning at a cracker barrel forum in Pike County.","2017-03-25T21:25:25+0000","photo","https://www.facebook.com/RepLarryBucshon/photos/a.596242477102440.1073741838.135670516492974/1357595297633817/?type=3","135670516492974_1357595360967144","Rep. Larry Bucshon added 5 new photos — with Nick McGee and Maria Helena.",18,7,0
"135670516492974","Rep. Larry Bucshon","I was prepared today to vote to begin the process of repealing and replacing of Obamacare, which is a promise I made the constituents of Indiana’s Eighth Congressional District. Unfortunately, members of our caucus chose to side with Nancy Pelosi by preventing passage of this first step in that process. That’s incredibly disappointing. Make no mistake, what happened today is on a handful of Republican members; and their constituents will hold them to account for reneging on their promise to repeal and replace Obamacare. I would like to thank President Trump and Vice President Pence for supporting this legislation. I would also like to thank Speaker Ryan, Leader McCarthy, and Whip Scalise for their leadership and tireless work in the effort to get this bill across the finish line. I will keep working hard to repeal this disastrous law.","2017-03-25T00:01:36+0000","link","https://bucshon.house.gov/media-center/press-releases/dr-bucshon-s-statement-health-care-bill","135670516492974_1356665677726779",NA,141,162,31
"135670516492974","Rep. Larry Bucshon","21 governors, including Governor Eric Holcomb, Governor Matt Bevin & Governor Scott Walker, wrote to Congressional leaders today supporting our work to repeal and replace #Obamacare.","2017-03-24T19:49:00+0000","photo","https://www.facebook.com/RepLarryBucshon/photos/a.140575839335775.25952.135670516492974/1356464261080254/?type=3","135670516492974_1356465121080168","Rep. Larry Bucshon added 3 new photos.",10,21,2
"135670516492974","Rep. Larry Bucshon","A vote today against the American Health Care Act is a vote to preserve the Obamacare disaster, a vote to keep critical health care decisions in the hands of bureaucrats in Washington, DC, and a vote against the largest entitlement reform in a generation.","2017-03-24T18:56:04+0000","video","https://www.facebook.com/RepLarryBucshon/videos/1356424557750891/","135670516492974_1356424557750891",NA,41,60,9
"135670516492974","Rep. Larry Bucshon","Governor Eric Holcomb and seven other governors wrote a letter of support for the American Health Care Act today citing the flexibility and support given to states to cover their unique patient populations.","2017-03-23T21:09:57+0000","photo","https://www.facebook.com/RepLarryBucshon/photos/a.140575839335775.25952.135670516492974/1355456434514370/?type=3","135670516492974_1355456434514370",NA,11,20,2
"135670516492974","Rep. Larry Bucshon","""By passing the American Health Care Act, we will deliver on our promise to repeal and replace ObamaCare. By applying conservative ideas and principles, we will remake our health-care system for generations. The responsibility is ours, and so is the opportunity.""","2017-03-23T14:59:51+0000","link","https://www.wsj.com/articles/keeping-our-promise-to-repeal-obamacare-1490222397","135670516492974_1355164421210238",NA,25,61,3
"135670516492974","Rep. Larry Bucshon","ICYMI: I'm holding a Job Fair tomorrow in Evansville from 1:00 to 5:00pm at the CK Newsome Center. The first hour is reserved for veterans.   More info on the event can be found here: https://goo.gl/7XfWjZ.","2017-03-23T14:27:44+0000","link","http://www.14news.com/story/34975138/rep-bucshon-partners-with-ck-newsome-to-host-job-fair","135670516492974_1355143224545691",NA,17,1,11
"135670516492974","Rep. Larry Bucshon","Phase One: The American Health Care Act, which repeals Obamacare and implements reforms permitted within restrictions set by Senate rules.   Phase Two: Actions taken by the Trump Administration, notably the Secretary of the Department of Health and Human Services who is granted over 1,400 instances of discretion under current law.  Phase Three: Additional legislative proposal passed through Congress like the sale of insurance across state lines. Just today, the House passed two phase three measures: one that helps small businesses offer health care to their employees through association plans and one that levels the playing field for health insurance providers and creates more competition in the marketplace.","2017-03-22T21:57:56+0000","link","https://bucshon.house.gov/media-center/blog/three-phases-repeal-and-replace","135670516492974_1354394917953855",NA,17,26,5
"135670516492974","Rep. Larry Bucshon","Very important effort led by Mayor Lloyd Winnecke and the Commission on Mental Health to help train the community how to properly engage in the QPR suicide prevention method.  More info on the scheduled events around Evansville throughout April can be found here: https://www.facebook.com/SuicideSaferEvansville/events/.","2017-03-22T17:20:37+0000","photo","https://www.facebook.com/MacLeodCartoons/photos/a.316241628452774.72820.316222638454673/1292550700821857/?type=3","135670516492974_1354160164643997","Rep. Larry Bucshon shared MacLeodCartoons's photo.",14,6,0
"135670516492974","Rep. Larry Bucshon","""We must never forget, there is no food without the farmer."" Happy National #AgDay!","2017-03-21T19:41:00+0000","video","https://www.facebook.com/RepLarryBucshon/videos/1352987741427906/","135670516492974_1352987741427906",NA,19,7,3
"135670516492974","Rep. Larry Bucshon","It was great to have President Donald J. Trump at the Capitol today to urge support for the American Health Care Act. As the President told the House Republican Conference today, this bill is our chance to repeal Obamacare.   I took this picture from my seat during the meeting. Read more about it here: https://goo.gl/Vjbbg7.","2017-03-21T17:02:22+0000","photo","https://www.facebook.com/RepLarryBucshon/photos/a.140575839335775.25952.135670516492974/1352982604761753/?type=3","135670516492974_1352982604761753",NA,49,35,3
"135670516492974","Rep. Larry Bucshon",NA,"2017-03-20T20:59:30+0000","photo","https://www.facebook.com/Daviesscommunityhospital/photos/a.532479506836922.1073741826.532456043505935/1328056143945917/?type=3","135670516492974_1352137154846298","Rep. Larry Bucshon shared Daviess Community Hospital's photo.",4,2,0
"135670516492974","Rep. Larry Bucshon","ICYMI: The National Right to Life Committee (NRLC), the oldest and largest pro-life organization in the United States, endorsed the American Health Care Act.  Read NRLC's letter here: https://goo.gl/71DgMC.","2017-03-20T20:54:17+0000","link","https://goo.gl/71DgMC","135670516492974_1352133998179947",NA,4,15,2
"135670516492974","Rep. Larry Bucshon",NA,"2017-03-17T14:00:32+0000","video","https://www.youtube.com/watch?v=T9XLwxlcYFk&feature=youtu.be","135670516492974_1348694378523909","Rep. Larry Bucshon shared a link.",25,19,2
"135670516492974","Rep. Larry Bucshon","“As advocates of free market principles and limited government, we endorse this significant legislation that would take the first major step toward repealing the Patient Protection and Affordable Care Act, better known as Obamacare. In its place, it would create a more market-oriented health care system that prioritizes liberty, consumer choice, and innovation over Obamacare’s government mandates.”","2017-03-15T21:09:23+0000","link","http://www.speaker.gov/general/conservative-groups-send-letter-support-american-health-care-act","135670516492974_1347077378685609",NA,14,18,2
"135670516492974","Rep. Larry Bucshon","Great news for the Wabash Valley!","2017-03-15T18:17:15+0000","link","http://www.wthitv.com/story/34853569/minnesota-based-company-to-build-in-vigo-county-bringing-100-new-jobs-by-2018","135670516492974_1346954385364575",NA,68,5,8
"135670516492974","Rep. Larry Bucshon",NA,"2017-03-14T20:56:57+0000","link","https://bucshon.house.gov/media-center/press-releases/icymi-bucshon-cbo-assessment-covers-only-part-health-care-reform","135670516492974_1346112138782133","Rep. Larry Bucshon shared a link.",12,21,1
"135670516492974","Rep. Larry Bucshon","WSJ Opinion: The Congressional Budget Office (CBO) is ""...an outfit that historically underestimates the benefits of market forces to drive policy.""","2017-03-14T20:22:23+0000","link","https://www.wsj.com/articles/cbos-prophecies-demystified-1489446596","135670516492974_1346086728784674",NA,5,12,0
"135670516492974","Rep. Larry Bucshon","Today, the CBO released initial projections on the American Health Care Act. It is important to remember this legislation is phase one of a three step process that will be followed by actions from the Trump Administration and additional legislation in Congress. And unlike the ‘Washington-knows-best’ approach of Obamacare, our legislation does not force the American people to purchase bad insurance at a price they can’t afford.  A few highlights:   ✅ Lowers premiums by 10 percent. ✅ Reduces the federal deficit by $337 billion. ✅ Lowers taxes by $883 billion, providing massive tax relief for families ✅ Makes major entitlement reform, saving taxpayers $880 billion.","2017-03-14T00:03:46+0000","link","https://bucshon.house.gov/media-center/press-releases/dr-bucshon-s-statement-cbo-report","135670516492974_1345170738876273",NA,24,53,8
"135670516492974","Rep. Larry Bucshon","ICYMI: 14 NEWS ran a story on our work to bring families relief from Obamacare by repealing the law and replacing with with reforms that drive down costs, expand access, and uphold critical patient-protections. See the full story here: https://goo.gl/x9kOfL.","2017-03-13T19:41:10+0000","link","http://www.14news.com/story/34734390/local-legislators-speak-out-about-changes-to-aca","135670516492974_1344911872235493",NA,7,15,1
"135670516492974","Rep. Larry Bucshon","Great read from former Congressional Budget Office Director Douglas Holtz-Eakin: The American Health Care Act ""is a good start to reform the federal government’s role in the health sector.""","2017-03-13T18:02:32+0000","link","https://www.washingtonpost.com/opinions/the-american-health-care-act-is-a-good-start/2017/03/09/37878876-0509-11e7-b9fa-ed727b644a0b_story.html?utm_term=.549f9960e7b6","135670516492974_1344909545569059",NA,13,14,2
"135670516492974","Rep. Larry Bucshon","Eva Mozes Kor is a good friend and truly an inspiration to everyone that has the opportunity to meet her. Eva is so deserving of this recognition.","2017-03-13T17:11:42+0000","link","http://www.tribstar.com/news/local_news/indiana-honors-eva-kor/article_3c4d2c9d-9ab5-54a1-b587-80e83bde392a.html","135670516492974_1344829232243757",NA,31,1,1
"135670516492974","Rep. Larry Bucshon","Had a great time speaking about civic engagement and the importance of community involvement with a group of Cub Scouts in Evansville this weekend.","2017-03-13T15:46:39+0000","photo","https://www.facebook.com/RepLarryBucshon/photos/a.140575839335775.25952.135670516492974/1344818412244839/?type=3","135670516492974_1344821198911227","Rep. Larry Bucshon added 4 new photos — with Axton Gamblin and Stacey Gamblin.",22,4,1
"135670516492974","Rep. Larry Bucshon","Enjoyed our discussion at a public forum in Posey County this morning. We had a great turnout. Thanks to everyone involved!","2017-03-11T17:58:11+0000","photo","https://www.facebook.com/RepLarryBucshon/photos/a.596242477102440.1073741838.135670516492974/1342767055783308/?type=3","135670516492974_1342767075783306","Rep. Larry Bucshon added 2 new photos.",24,7,1
"135670516492974","Rep. Larry Bucshon","Jordan's story is a heartbreaking example of why our work to end the addiction epidemic is so critical.","2017-03-10T20:59:16+0000","link","http://www.indystar.com/story/news/local/hamilton-county/2017/03/10/brutal-ending-young-avon-moms-descent-into-heroin-addiction/97611950/","135670516492974_1341503215909692",NA,21,20,25
"135670516492974","Rep. Larry Bucshon",NA,"2017-03-09T21:44:17+0000","link","https://bucshon.house.gov/media-center/press-releases/press-release-after-28-hours-debate-dr-bucshon-votes-advance-american","135670516492974_1340477992678881","Rep. Larry Bucshon shared a link.",16,30,3
"135670516492974","Rep. Larry Bucshon","Find out more about the American Health Care Act!","2017-03-09T17:04:29+0000","video","https://www.facebook.com/FoxNews/videos/10155185157776336/","135670516492974_1340287686031245","Rep. Larry Bucshon shared Fox News's live video.",12,10,0
"135670516492974","Rep. Larry Bucshon","After working through the night, a total of more than 24 hours in our House Committee on Energy and Commerce on the American Health Care Act, Congresswoman Susan W. Brooks and I are back with another update. Find out more about the bill here: www.readthebill.gop.","2017-03-09T16:13:14+0000","video","https://www.facebook.com/RepLarryBucshon/videos/1340227689370578/","135670516492974_1340227689370578",NA,31,15,6
"135670516492974","Rep. Larry Bucshon","From right outside the House Committee on Energy and Commerce, Congresswoman Susan W. Brooks and I provide a quick update on our legislative hearing on the American Health Care Act after nearly 13 hours of debate. Find out more about the bill here: www.readthebill.gop.","2017-03-09T04:43:10+0000","video","https://www.facebook.com/RepLarryBucshon/videos/1339521982774482/","135670516492974_1339521982774482",NA,30,14,0
"135670516492974","Rep. Larry Bucshon",NA,"2017-03-09T02:22:00+0000","link","http://www.speaker.gov/general/american-health-care-act-four-committee-process","135670516492974_1339358729457474","Rep. Larry Bucshon shared a link.",9,9,0
"135670516492974","Rep. Larry Bucshon","Here's an overview of the American Health Care Act I delivered during our legislative hearing tonight. Find out more about the bill here -> www.readthebill.gop.","2017-03-09T01:07:25+0000","video","https://www.facebook.com/RepLarryBucshon/videos/1339349022791778/","135670516492974_1339349022791778",NA,17,14,1
"135670516492974","Rep. Larry Bucshon",NA,"2017-03-09T00:25:10+0000","link","http://www.nationalreview.com/article/445598/house-republican-obamacare-repeal-replace-bill-conservative-health-care-reform","135670516492974_1339322946127719","Rep. Larry Bucshon shared a link.",8,6,3
"135670516492974","Rep. Larry Bucshon","Our hearing in the House Committee on Energy and Commerce on the American Health Care Act - the bill to repeal and replace #Obamacare - is under way.","2017-03-08T16:51:48+0000","link","https://goo.gl/vwPNvy","135670516492974_1338938466166167",NA,18,11,2
"135670516492974","Rep. Larry Bucshon",NA,"2017-03-08T14:12:21+0000","link","http://www.speaker.gov/general/american-health-care-act-fact-sheet","135670516492974_1338749176185096","Rep. Larry Bucshon shared a link.",13,19,4
"135670516492974","Rep. Larry Bucshon","Obamacare is failing. If we don't act, the law will collapse. That's why we are on a rescue mission to bring relief to the American people with the American Health Care Act. We are working through this legislation in an open, transparent process. You can read the full bill here -> www.readthebill.gop.","2017-03-08T13:08:11+0000","video","https://www.facebook.com/RepLarryBucshon/videos/1338739559519391/","135670516492974_1338739559519391",NA,27,22,3
"135670516492974","Rep. Larry Bucshon","Discussed our plan to repeal and replace Obamacare with Bloomberg Television's Daybreak this morning. You can read the full bill here: www.readthebill.gop.","2017-03-07T23:05:57+0000","video","https://www.facebook.com/RepLarryBucshon/videos/1338099996250014/","135670516492974_1338099996250014",NA,26,17,7
"135670516492974","Rep. Larry Bucshon","You can read our bill to repeal and replace #Obamacare with patient-centered reforms that drive down costs, expand access to affordable coverage, and empower patients by clicking here - > www.readthebill.gop.","2017-03-07T17:27:13+0000","link","https://housegop.leadpages.co/healthcare/","135670516492974_1337877422938938",NA,23,40,15
"135670516492974","Rep. Larry Bucshon","Saw the Hoosier spirit in full force yesterday as we toured areas in Gibson County impacted by the recent storms. It was moving and encouraging to see the community come together to help neighbors in need.","2017-03-05T21:12:23+0000","photo","https://www.facebook.com/RepLarryBucshon/photos/a.596242477102440.1073741838.135670516492974/1336148803111800/?type=3","135670516492974_1336153409778006","Rep. Larry Bucshon added 12 new photos.",42,6,1
"135670516492974","Rep. Larry Bucshon","My thoughts and prayers are with the Hoosier families impacted by the recent storms.","2017-03-02T01:18:47+0000","link","http://www.14news.com/story/34631860/storms-cause-extensive-damage-across-tri-state-one-man-killed","135670516492974_1332626960130651",NA,35,5,8
"135670516492974","Rep. Larry Bucshon","As a community, we must reject and condemn this act of hate and stand in support of our neighbors.","2017-03-01T23:00:42+0000","link","http://www.courierpress.com/story/news/2017/02/28/law-enforcement-investigating-act-hate-evansville-temple/98528494/","135670516492974_1332623106797703",NA,26,4,4
"135670516492974","Rep. Larry Bucshon","The Indiana Congressional Delegation had a very productive meeting this week with Governor Eric Holcomb. Proud to work closely with such a great leader for our state.","2017-03-01T20:45:19+0000","photo","https://www.facebook.com/RepLarryBucshon/photos/a.140575839335775.25952.135670516492974/1332541620139185/?type=3","135670516492974_1332553646804649","Rep. Larry Bucshon added 5 new photos.",16,2,2
"135670516492974","Rep. Larry Bucshon","Attention IN08 students interested in attending a US Service Academy! Online applications for the class of 2022 are now open and available for download at the link below. All application materials are due by Friday, October 6, 2017.","2017-03-01T15:30:37+0000","link","https://bucshon.house.gov/serving-you/military-academy-nominations","135670516492974_1332362713490409",NA,8,0,3
"135670516492974","Rep. Larry Bucshon","My initial thoughts on President Trump's #JointAddress to Congress tonight.","2017-03-01T03:43:25+0000","video","https://www.facebook.com/RepLarryBucshon/videos/1331885493538131/","135670516492974_1331885493538131",NA,35,9,2
"135670516492974","Rep. Larry Bucshon","Tonight, I'll will attend President Trump's #JointAddress to Congress in the nation's Capitol. I expect to hear from our new President a bold, optimistic agenda that builds off the promises made to the American people - an agenda to make America stronger, freer, and more prosperous.   What would you like to hear from President Trump tonight?","2017-02-28T21:37:37+0000","photo","https://www.facebook.com/RepLarryBucshon/photos/a.140575839335775.25952.135670516492974/1331651680228179/?type=3","135670516492974_1331651680228179",NA,69,37,2
"135670516492974","Rep. Larry Bucshon","Shared more stories from Hoosiers in the Eighth Congressional District regarding their experience with Obamacare on the House floor. These are similar to stories we are hearing across the country - increased out-of-pocket costs and limited access. Given these realities, it would be irresponsible for us not to act to bring relief to Hoosier families.","2017-02-24T21:07:40+0000","video","https://www.facebook.com/RepLarryBucshon/videos/1327528887307125/","135670516492974_1327528887307125",NA,18,26,4
"135670516492974","Rep. Larry Bucshon","""Under the new Trump administration, the GOP pushed through H.J. Resolution 38. It does away with President Obama's Stream Protection Rule. In this part of Indiana that's a good thing and seen as a step towards saving coal jobs in the Hoosier state.""","2017-02-23T21:25:15+0000","link","http://www.mywabashvalley.com/news/jobs-filled-hopes-high/661326749","135670516492974_1326585990734748",NA,134,48,21
"135670516492974","Rep. Larry Bucshon","Congress is working with President Trump to exercise our authority under the Congressional Review Act to roll back last minute regulations put in place under the Obama Administration. Today, President Trump signed a measure we passed in Congress to eliminate a regulatory attack on the coal industry.","2017-02-16T22:31:26+0000","link","https://bucshon.house.gov/media-center/press-releases/congress-rolls-back-obama-regulation-coal-industry","135670516492974_1319569928103021",NA,145,33,13
"135670516492974","Rep. Larry Bucshon","This week, the Louisville, KY based insurer Humana announced its decision to exit the Obamacare exchanges in 2018 citing an unstable health insurance market place.   Humana’s announcement is further evidence that Obamacare is failing and leaving vulnerable patients with nowhere to go. Those who irresponsibly insist on protecting Obamacare at all costs are supporting this status quo that is collapsing before us. It would be irresponsible to not bring families relief by repealing and replacing this Obamacare disaster.","2017-02-16T13:52:41+0000","link","https://bucshon.house.gov/media-center/press-releases/dr-bucshon-s-statement-humana-exiting-obamacare-markets","135670516492974_1319160394810641",NA,20,15,6
"135670516492974","Rep. Larry Bucshon","Aetna’s CEO argued today that Obamacare is in a death spiral. He echoed concerns that “more insurers will pull out of the government-run marketplaces in the coming weeks and many areas will have no insurers to provide Affordable Care Act coverage in 2018.”  As I’ve said before, it would be irresponsible and unethical to ignore these facts and do nothing to bring relief to patients suffering as a result of this bad law.","2017-02-15T18:05:51+0000","link","https://bucshon.house.gov/media-center/press-releases/icymi-aetna-ceo-says-obamacare-markets-are-death-spiral","135670516492974_1318268281566519",NA,18,14,15
"135670516492974","Rep. Larry Bucshon","I had the privilege of meeting with Task Force Agents from the Evansville DEA Office during my regular Office Hours in Evansville on Friday. I was able to express my sincere thanks for their commitment to protecting our community and sacrifice on behalf of our families. To my surprise, I was presented this plaque that is now proudly displayed in my office.","2017-02-14T22:02:51+0000","photo","https://www.facebook.com/RepLarryBucshon/photos/a.140575839335775.25952.135670516492974/1317498921643455/?type=3","135670516492974_1317541741639173","Rep. Larry Bucshon added 3 new photos.",50,7,0
"135670516492974","Rep. Larry Bucshon","On Saturday, I spoke with a group of Boy Scouts in Evansville about the importance of civic engagement at the 23rd Annual Merit Badge Day at University of Southern Indiana. As you can tell from the second picture, we had a great time! Thanks to the Buffalo Trace Council for hosting!","2017-02-14T17:21:38+0000","photo","https://www.facebook.com/RepLarryBucshon/photos/a.140575839335775.25952.135670516492974/1317334434993237/?type=3","135670516492974_1317350764991604","Rep. Larry Bucshon added 2 new photos.",36,10,11
"135670516492974","Rep. Larry Bucshon","I had great discussions today with Governor Eric Holcomb, both chambers of our State Legislature, and the bright young leaders working as interns in the House and Senate. The Hoosier state is blessed to have such tremendous public servants. We are truly an example for the country.","2017-02-09T21:58:14+0000","photo","https://www.facebook.com/RepLarryBucshon/photos/a.140575839335775.25952.135670516492974/1312935455433135/?type=3","135670516492974_1312938225432858","Rep. Larry Bucshon added 13 new photos.",66,11,4
"135670516492974","Rep. Larry Bucshon","In a hearing today we discussed common sense legislation to stop abuse in the Medicaid system, specifically related to lottery winners who receive Medicaid. During the debate, Democrats on the committee argued that, in their opinion, the bill might not be necessary because it doesn't save a significant amount of taxpayer dollars. For context, estimates show similar legislation would save as much as $475 million over 10 years. Here’s my response.    You can see the full interaction here: https://youtu.be/W2ZvCyQIyJY.","2017-02-07T23:45:58+0000","video","https://www.facebook.com/RepLarryBucshon/videos/1311161735610507/","135670516492974_1311161735610507",NA,48,28,6
"135670516492974","Rep. Larry Bucshon","Happy Birthday, President Ronald Reagan!","2017-02-06T17:49:04+0000","photo","https://www.facebook.com/RepLarryBucshon/photos/a.140575839335775.25952.135670516492974/1309719039088110/?type=3","135670516492974_1309719039088110",NA,43,8,6
"135670516492974","Rep. Larry Bucshon",NA,"2017-02-02T22:15:47+0000","link","https://morningconsult.com/opinions/initial-health-care-relief-measures-put-patients-first-help-stabilize-markets/","135670516492974_1305978316128849","Rep. Larry Bucshon shared a link.",11,17,2
"135670516492974","Rep. Larry Bucshon","Joined the six other Republican members of the Hoosier House delegation in writing an op-ed discussing the impacts of Obamacare and our plans to repeal the law and rebuild the nation’s health care system to lower costs, expand access, and empower patients.   Here's an excerpt: “Increased out-of-pocket costs, limited choices and restricted access are not the changes we were promised when Obamacare was signed into law in 2010…We are determined to provide relief to the millions of families facing tough choices as a direct result of Obamacare, and we hope that you’ll work with us to achieve our goal of more affordable, accessible health care that offers you and your family better options.”","2017-02-01T22:45:23+0000","link","https://bucshon.house.gov/media-center/press-releases/icymi-hoosier-delegation-pens-op-ed-health-care","135670516492974_1305093202884027",NA,36,23,1
"135670516492974","Rep. Larry Bucshon","Judge Neil Gorsuch is a phenomenal choice by President Trump to fulfill his commitment to nominate someone who will continue the outstanding legacy of the late Justice Scalia. Judge Gorsuch has an impressive academic background and impeccable record of adhering to the constitution. As an Associate Justice on the Supreme Court, he will undoubtedly respect the rule of law and uphold individual rights. I sincerely hope Indiana's Senator Joe Donnelly and other Senate Democrats will ignore partisan attempts to block Judge Gorsuch's nomination, and instead join with Senate Republicans to swiftly approve him.","2017-02-01T14:02:31+0000","link","http://www.usatoday.com/story/news/politics/2017/01/31/neil-gorsuch-supreme-court-trump-nominee/97082620/","135670516492974_1304622102931137",NA,136,21,10
"135670516492974","Rep. Larry Bucshon","Concerns from some of the nation's top security officials related to our ability to vet refugees. This was compiled in November of 2015.","2017-01-30T22:23:15+0000","link","https://homeland.house.gov/press/nations-top-security-officials-concerns-on-refugee-vetting/","135670516492974_1303008346425846",NA,29,24,8
"135670516492974","Rep. Larry Bucshon",NA,"2017-01-30T13:50:08+0000","link","http://www.nationalreview.com/article/444370/donald-trump-refugee-executive-order-no-muslim-ban-separating-fact-hysteria","135670516492974_1302637636462917","Rep. Larry Bucshon shared a link.",50,38,22
"135670516492974","Rep. Larry Bucshon","Eva is from Terre Haute, IN. Amazing story.","2017-01-28T14:17:16+0000","video","https://www.facebook.com/candlesmuseum/videos/10154102487465248/","135670516492974_1300069873386360","Rep. Larry Bucshon shared CANDLES Holocaust Museum and Education Center's video.",120,16,0
"135670516492974","Rep. Larry Bucshon","In case you missed this segment on Eyewitness News WEHT WTVW last night.","2017-01-27T14:48:40+0000","link","http://www.tristatehomepage.com/news/local-news/rep-bucshon-says-he-supports-efforts-to-secure-border/645923682","135670516492974_1298736363519711",NA,66,22,4
"135670516492974","Rep. Larry Bucshon","It was great to hear from President Donald Trump and Vice President Mike Pence today at our Republican retreat.","2017-01-26T21:45:30+0000","photo","https://www.facebook.com/RepLarryBucshon/photos/a.140575839335775.25952.135670516492974/1297811026945578/?type=3","135670516492974_1297812110278803","Rep. Larry Bucshon added 2 new photos.",64,17,1
"135670516492974","Rep. Larry Bucshon","Today’s action is welcomed news after eight years of failed immigration policy. President Trump is getting to work on fulfilling his promise to make homeland security an immediate priority.  I am committed to working with his administration and my colleagues in Congress to secure our nation’s border, curb illegal immigration, and enforce the rule of law to keep the American people safe.","2017-01-25T22:57:31+0000","link","https://bucshon.house.gov/media-center/press-releases/dr-bucshon-applauds-president-trump-s-executive-actions-border-security","135670516492974_1296798053713542",NA,189,65,16
"135670516492974","Rep. Larry Bucshon","Last week, I held a round table in Terre Haute where Hoosiers from the Wabash Valley shared their experiences with Obamacare. I shared some of these stories on the House floor yesterday. These are real stories from real people who want relief from Obamacare. More here → https://goo.gl/rIvXAA.","2017-01-24T22:50:07+0000","video","https://www.facebook.com/RepLarryBucshon/videos/1295547897171891/","135670516492974_1295547897171891",NA,74,25,19
"135670516492974","Rep. Larry Bucshon","Great news for Hoosier workers - Toyota Motor Manufacturing Indiana announced plans to invest $600 million in the Princeton plant adding 400 jobs!","2017-01-24T19:05:04+0000","link","https://bucshon.house.gov/media-center/press-releases/dr-bucshon-s-statement-tmmi-expansion-announcement","135670516492974_1295349180525096",NA,148,7,15
"135670516492974","Rep. Larry Bucshon","We are presented with an enormous opportunity to build a stronger, more prosperous America for every family across this great nation. Congratulations to our new President Donald Trump and Vice President Mike Pence. I'm ready to work side-by-side with the new administration to deliver on our promises and expand opportunity for every American.   More pictures from my view of this historic event.","2017-01-20T19:10:27+0000","photo","https://www.facebook.com/RepLarryBucshon/photos/a.596242477102440.1073741838.135670516492974/1291234330936581/?type=3","135670516492974_1291236100936404","Rep. Larry Bucshon added 8 new photos.",119,20,1
"135670516492974","Rep. Larry Bucshon","It was an absolute honor to attend the inauguration of President Donald Trump and to witness the peaceful transfer of power today. Here's a video of my view!","2017-01-20T19:01:45+0000","video","https://www.facebook.com/RepLarryBucshon/videos/1291228764270471/","135670516492974_1291228764270471",NA,137,10,4
"135670516492974","Rep. Larry Bucshon","""Bob Baesler, owner of Baesler’s Market, said he had 350 employees on health group plan until 2015. However, premiums went up to as much as $2,500 for family coverage, with single employee coverage at $975 per month.""","2017-01-19T20:08:29+0000","link","http://www.tribstar.com/news/local_news/bucshon-discusses-what-s-ahead-for-health-insurance/article_246f4a29-fadf-555f-b972-e55efa57254e.html","135670516492974_1290369574356390",NA,46,15,7
"135670516492974","Rep. Larry Bucshon","“My deductible went from $2,500 to $6,000 so it wasn’t even worth it,” said Kyle Hoffman.  More from my #Obamacare roundtable in Terre Haute yesterday here: http://wthitv.com/2017/01/18/plans-to-repeal-affordable-care-act/.","2017-01-19T18:37:26+0000","link","http://wthitv.com/2017/01/18/plans-to-repeal-affordable-care-act/","135670516492974_1290363884356959",NA,26,12,5
"135670516492974","Rep. Larry Bucshon","Had a great discussion with Hoosiers in the Wabash Valley yesterday at my round table discussion on the impacts of #Obamacare. The consensus was pretty clear: families are being devastated by the law and want relief. I also outlined our work to repeal #Obamacare and replace it with responsible policies that protect patients, lower cost, and expand access.","2017-01-19T17:25:24+0000","photo","https://www.facebook.com/RepLarryBucshon/photos/a.140575839335775.25952.135670516492974/1290364004356947/?type=3","135670516492974_1290368817689799","Rep. Larry Bucshon added 4 new photos.",35,11,1
"135670516492974","Rep. Larry Bucshon","Toured the Battery Innovation Center at the Westgate@Crane Technology Park and received an update on the impressive work being done in Southern Indiana.","2017-01-18T22:12:40+0000","photo","https://www.facebook.com/RepLarryBucshon/photos/a.140575839335775.25952.135670516492974/1289543931105621/?type=3","135670516492974_1289547184438629","Rep. Larry Bucshon added 6 new photos.",20,3,1
"135670516492974","Rep. Larry Bucshon","Stopped by Best Home Furnishings in Ferdinand yesterday to discuss the impact of trade policies on Hoosier businesses. When the playing field is level, our workers and businesses will compete and win!","2017-01-18T15:47:49+0000","photo","https://www.facebook.com/RepLarryBucshon/photos/a.140575839335775.25952.135670516492974/1289217787804902/?type=3","135670516492974_1289220794471268","Rep. Larry Bucshon added 5 new photos.",90,2,12
"135670516492974","Rep. Larry Bucshon","Glad I could help Alec Willis and Scott Harley of Princeton secure tickets for their trip to Washington, D.C. to see Trump Inaugural. #Inaug2017","2017-01-18T14:33:26+0000","link","http://www.14news.com/story/34282066/tri-state-men-headed-to-trump-inauguration","135670516492974_1289175211142493",NA,31,0,1
"135670516492974","Rep. Larry Bucshon","I’m proud to join fellow Hoosiers today as we honor the contributions and legacy of a great American, Dr. Martin Luther King Jr. Dr. King dedicated his life to the noble calling of serving others and to ending injustice and inequality. On this day, and every day, may we recommit to our shared ideals and humanity – that no matter our differences, we are all in this together.","2017-01-16T20:28:39+0000","link","https://bucshon.house.gov/media-center/press-releases/dr-bucshon-honors-mlk-day-evansville","135670516492974_1287699227956758",NA,27,1,1
"135670516492974","Rep. Larry Bucshon","Participated in a symbolic march in celebration of Martin Luther King Jr. Day at the University of Evansville today. #MLKDay","2017-01-16T19:41:28+0000","photo","https://www.facebook.com/RepLarryBucshon/photos/a.140575839335775.25952.135670516492974/1287670531292961/?type=3","135670516492974_1287672281292786","Rep. Larry Bucshon added 4 new photos.",36,2,7
"135670516492974","Rep. Larry Bucshon","BREAKING: The House just set the stage for repealing and replacing #ObamaCare.","2017-01-13T21:18:31+0000","video","https://www.facebook.com/RepLarryBucshon/videos/1285047871555227/","135670516492974_1285047871555227",NA,145,37,18
"135670516492974","Rep. Larry Bucshon",NA,"2017-01-13T19:22:54+0000","video","https://www.facebook.com/speakerryan/videos/1226945630687294/","135670516492974_1284982484895099","Rep. Larry Bucshon shared Speaker Paul Ryan's video.",31,16,0
"135670516492974","Rep. Larry Bucshon","Under ObamaCare, patients have little choice regarding insurers and are limited to what physicians they can see. Turns out, we can’t keep our doctors, even if we like them…   We have a #BetterWay that will expand choice and empower patients.","2017-01-12T19:48:10+0000","video","https://www.facebook.com/RepLarryBucshon/videos/1284086848317996/","135670516492974_1284086848317996",NA,38,12,9
"135670516492974","Rep. Larry Bucshon","ObamaCare limits patient choice. This year, five entire states will have access to only one insurer. Across the country, 1,022 counties will have access to one insurer and 1,120 counties will have access to two insurers.   We have a #BetterWay for healthcare reform that will promote competition to deliver patients more options at a better quality.","2017-01-11T16:00:36+0000","photo","https://www.facebook.com/RepLarryBucshon/photos/a.140575839335775.25952.135670516492974/1282957855097562/?type=3","135670516492974_1282957855097562",NA,18,20,8
"135670516492974","Rep. Larry Bucshon","Our pro-growth tax reform plan will help simplify the process families endure while filing their taxes. For most individuals and families, it will be as easy as a filling out a postcard-like form.","2017-01-11T14:23:31+0000","link","https://waysandmeans.house.gov/growth-simplicity-service/","135670516492974_1282906698436011",NA,21,4,3
"135670516492974","Rep. Larry Bucshon","“This select panel conducted a thorough and fact-based investigation to provide the American people answers and to hold those who facilitated these horrendous practices accountable,” said Congressman Larry Bucshon, M.D.  “As a physician who has operated on babies as young as 22 weeks gestation, I am proud of our work on behalf of the most vulnerable among us – to protect the lives of the unborn from an industry that puts profits before the value and dignity of human life.”","2017-01-10T22:04:29+0000","link","http://blackburn.house.gov/news/documentsingle.aspx?DocumentID=398146","135670516492974_1282381815155166",NA,31,13,1
"135670516492974","Rep. Larry Bucshon","- Premiums are rising by double digits in 31 states. - Deductibles are skyrocketing nationwide. - Many Americans have just one plan from which to choose.","2017-01-09T23:00:08+0000","link","http://www.speaker.gov/general/just-how-broken-obamacare","135670516492974_1281643371895677",NA,18,17,10
"135670516492974","Rep. Larry Bucshon","Today, is Law Enforcement Appreciation Day. Join me in taking this opportunity to express thanks and gratitude for the men and women who put their lives on the line every day to protect us.","2017-01-09T18:31:46+0000","link","http://www.speaker.gov/general/guest-post-our-law-enforcement-thank-you","135670516492974_1281479785245369",NA,63,6,18
"135670516492974","Rep. Larry Bucshon",NA,"2017-01-06T17:04:14+0000","link","https://bucshon.house.gov/media-center/press-releases/dr-bucshon-us-will-not-waiver-its-support-israel","135670516492974_1278948635498484","Rep. Larry Bucshon shared a link.",52,3,4
"135670516492974","Rep. Larry Bucshon","Here's a flashback to a special moment earlier this week. Surrounded by my family and hand on the bible, I was sworn in as your representative in Congress by Speaker Paul Ryan.","2017-01-06T16:16:00+0000","video","https://www.facebook.com/RepLarryBucshon/videos/1278891412170873/","135670516492974_1278891412170873",NA,110,12,9
"135670516492974","Rep. Larry Bucshon","We had a great meeting with Vice President-elect Mike Pence yesterday to discuss our plans to bring American families relief from ObamaCare.   In contrast, the Democrats scrambled together at the Capitol with President Obama in desperation to devise a political strategy to somehow convince the American people that ObamaCare is working. I hope the Democrats will ditch these efforts to put the president’s legacy above the well-being of patients, and partner with us to deliver real reforms that drive down the cost of healthcare, increase the quality of care, and expand access.","2017-01-05T14:38:49+0000","link","https://bucshon.house.gov/media-center/press-releases/dr-bucshon-s-statement-meeting-vice-president-elect-pence","135670516492974_1277982492261765",NA,91,18,10
"135670516492974","Rep. Larry Bucshon","ICYMI: Yesterday - the first day of the new Congress - the House and Senate took first steps on the path to repeal ObamaCare. #OpeningDay","2017-01-04T14:25:19+0000","photo","https://www.facebook.com/RepLarryBucshon/photos/a.140575839335775.25952.135670516492974/1277164319010249/?type=3","135670516492974_1277164319010249",NA,31,11,2
"135670516492974","Rep. Larry Bucshon","Earlier today I took the oath of office to be your representative - your voice - in Congress. As we begin the new year, our country is presented with an unprecedented and exciting opportunity to make real changes that deliver a stronger, more prosperous America for everyone. The gravity of the job ahead is not lost on me. It's truly an honor and privilege to serve you.","2017-01-03T20:59:39+0000","video","https://www.facebook.com/RepLarryBucshon/videos/1276465915746756/","135670516492974_1276465915746756",NA,113,21,3
"135670516492974","Rep. Larry Bucshon","One of the legislative proposals the House will consider this week is a measure condemning the anti-Israel resolution passed by the United Nations right before Christmas, which President Obama could have vetoed but did not.","2017-01-03T16:55:16+0000","link","http://www.washingtonexaminer.com/gop-sets-thursday-vote-to-oppose-uns-israel-resolution/article/2610726#.WGvB9o773TU.twitter","135670516492974_1276266802433334",NA,58,10,4
"135670516492974","Rep. Larry Bucshon","Over the weekend, Senator Cory Gardner delivered the GOP Weekly Address, which highlighted our accomplishments over the past year and the focus of our new, unified Republican government. We will hit the ground running to offer a new direction that will deliver more opportunities and a more secure and prosperous America. I encourage you to take a look.","2017-01-02T22:58:00+0000","video","https://www.youtube.com/watch?v=jSw_GUq6ato","135670516492974_1275381679188513",NA,13,4,1
"135670516492974","Rep. Larry Bucshon","As we begin our work in the new Congress, I wanted to share the 2017 House Legislative Calendar that outlines when the House will be in session this year. Take a look here: https://goo.gl/Fy8K5Y.","2017-01-02T20:21:46+0000","link","https://goo.gl/Fy8K5Y","135670516492974_1275363985856949",NA,31,4,7
