"from_id","from_name","message","created_time","type","link","id","story","likes_count","comments_count","shares_count"
"391924704317377","Congressman Bruce Poliquin","ICYMI: Protecting the environment and hundreds of jobs in Washington County.   I am continuing to push for a solution for the dam on the St. Croix River, which could be removed due to new harmful federal regulations. I’m asking the federal government to remove their new regulations on the dam’s management, to protect the environment, the local ecosystem and wildlife, the local community and residents, tourism, sport fishermen, outdoor guides, lodge and property owners, and potentially hundreds of jobs in Washington County. If the dam is removed, it could drastically alter the water levels of the St. Croix and East Grand Lake that could pose disastrously negative consequences for the region and jobs there. I’m pushing hard for a solution.","2017-06-24T12:50:00+0000","link","http://www.centralmaine.com/2017/06/22/poliquin-seeking-regulatory-exemptions-for-eastern-maine-dam/","391924704317377_785032775006566",NA,89,17,13
"391924704317377","Congressman Bruce Poliquin","Today marks an historic milestone in our efforts to make important improvements at the VA and in making sure our Veterans are given the support and care we’ve promised to them and that they deserve.   Today, the VA Accountability and Whistleblower Act was finally signed into law. This bill will finally give VA management the authority they need to hold bad employees accountable for inexcusable malpractice when caring for our Vets. I am proud to strongly support this bipartisan bill to help make sure our Nation fulfills our promises to our Veterans.","2017-06-23T17:29:07+0000","photo","https://www.facebook.com/RepPoliquin/photos/a.400104883499359.1073741828.391924704317377/784966848346492/?type=3","391924704317377_784966848346492",NA,106,16,11
"391924704317377","Congressman Bruce Poliquin","I was so glad to host the Maine Girl Scouts at the U.S. Capitol, along with Senators Collins and King and Congresswoman Pingree!  These young women came all the way from Maine, from across the State, including Pittsfield, Old Town, and Bangor! So happy our office was able to show them around today.","2017-06-22T19:26:25+0000","photo","https://www.facebook.com/RepPoliquin/photos/a.400104883499359.1073741828.391924704317377/784493618393815/?type=3","391924704317377_784494965060347","Congressman Bruce Poliquin added 9 new photos.",88,8,15
"391924704317377","Congressman Bruce Poliquin","It was an honor to speak at The Maine American Legion’s Annual State Convention in Bangor this weekend. Our Nation’s Veterans have sacrificed to defend our freedom, and we must make sure they receive the care and treatment they deserve.  I’m proud to serve on the House Veterans Affairs Committee, where I will continue fighting for Veterans, like the ones I spoke to from Maine this weekend, so they can receive the proper support and services they need.","2017-06-19T18:51:44+0000","photo","https://www.facebook.com/RepPoliquin/photos/a.400104883499359.1073741828.391924704317377/782957971880713/?type=3","391924704317377_782958228547354","Congressman Bruce Poliquin added 5 new photos.",35,5,5
"391924704317377","Congressman Bruce Poliquin","A Happy #FathersDay to all the dads out there across Maine!","2017-06-18T17:22:37+0000","status",NA,"391924704317377_782444265265417",NA,66,9,1
"391924704317377","Congressman Bruce Poliquin","Even though the Republicans lost the game, it felt like we all won last night. I’m very grateful for the patriotic and bipartisan atmosphere at Nationals Park and for the meaningful gesture by our Democratic colleagues of lending the winners’ trophy to Congressman Steve Scalise’s office, who remains in our prayers as he continues his recovery.  I also extended the invitation to Department of Veterans Affairs Secretary, David Shulkin, to join us and continue the conversation on how best we can serve our Veterans--grateful he accepted.","2017-06-16T15:26:42+0000","photo","https://www.facebook.com/RepPoliquin/photos/a.400104883499359.1073741828.391924704317377/781321058711071/?type=3","391924704317377_781321058711071",NA,93,9,6
"391924704317377","Congressman Bruce Poliquin","Beautiful night for the #CongressionalBaseballGame, especially with such great company, Congresswoman Chellie Pingree! Let's go R's!","2017-06-16T00:27:36+0000","photo","https://www.facebook.com/RepPoliquin/photos/a.400104883499359.1073741828.391924704317377/780956738747503/?type=3","391924704317377_780956738747503",NA,268,25,10
"391924704317377","Congressman Bruce Poliquin","I enjoyed sitting down with VA Secretary Shulkin today to discuss the top issues our Veterans in Maine are facing. I look forward to continuing to work with the Secretary and his team to make improvements at the VA and forcefully advocating for our Veterans to get the services and care they deserve.","2017-06-15T20:39:44+0000","photo","https://www.facebook.com/RepPoliquin/photos/a.418471564996024.1073741829.391924704317377/780867878756389/?type=3","391924704317377_780867898756387","Congressman Bruce Poliquin added 2 new photos.",80,12,5
"391924704317377","Congressman Bruce Poliquin","In the wake of yesterday’s terrible attack, I ask everyone to continue to pray for the swift recovery of the two brave officers of the Capitol Police, the congressional aide, the former congressional aide, and House Majority Whip Steve Scalise injured in this tragedy.  Congressman Steve Scalise is a good friend. He is a wonderful, genuine and resilient public servant with a heart of gold. Let us all keep him, his wife and his two beautiful children in our hearts.","2017-06-15T14:35:02+0000","status",NA,"391924704317377_780727642103746",NA,177,17,9
"391924704317377","Congressman Bruce Poliquin","All of our staff members and I are safe here in Washington. We are all extending our thoughts and prayers to everyone involved in this attack this morning, especially the brave Capitol Police officers on scene, Congressional aides, and my colleagues and my good friends Congressman Steve Scalise and Congressman Roger Williams.","2017-06-14T13:50:57+0000","status",NA,"391924704317377_780195965490247",NA,109,14,4
"391924704317377","Congressman Bruce Poliquin","While there are many good and hardworking people at the VA, the continued reports of horrific malpractice across the country at VA facilities is inexcusable and must be addressed immediately. VA management must have authority to hold bad actors accountable. This is especially true when misconduct has caused some of our Veterans to lose their lives. This is grossly unacceptable.  Today, I’m proud to stand with our Veterans and to help make sure our Nation fulfills our promises to them, providing them with the care and support they undoubtedly deserve.","2017-06-13T21:59:39+0000","video","https://www.facebook.com/RepPoliquin/videos/779820288861148/","391924704317377_779820288861148",NA,79,13,17
"391924704317377","Congressman Bruce Poliquin","It was a tremendous honor to speak at the VFW Department of Maine State Convention today in Bangor. I am proud to serve on the House Veterans Affairs Committee in Congress on behalf of our Maine Veterans and am committed to doing everything I can to make sure our Nation keeps our promises to them after their service.","2017-06-09T19:56:01+0000","photo","https://www.facebook.com/RepPoliquin/photos/a.400104883499359.1073741828.391924704317377/777697162406794/?type=3","391924704317377_777697269073450","Congressman Bruce Poliquin added 2 new photos.",37,8,4
"391924704317377","Congressman Bruce Poliquin","The #CHOICEAct removes expensive and redundant red tape for credit unions, community banks, small insurance companies, retirement advisors, and auto dealers so the economy can grow and create more jobs. I am taking action so Maine businesses can grow jobs, community banks and credit unions can provide support, and our Maine families can prosper.","2017-06-08T22:03:00+0000","status",NA,"391924704317377_777189429124234",NA,41,27,5
"391924704317377","Congressman Bruce Poliquin","Today, I’m voting for the #CHOICEAct to end taxpayer bailouts for big Wall Street banks once and for all.","2017-06-08T19:42:54+0000","status",NA,"391924704317377_777161632460347",NA,103,20,8
"391924704317377","Congressman Bruce Poliquin","Today, I voted to help the Border Patrol—which has for years struggled to recruit and hire qualified and well-vetted individuals due to bureaucratic requirements—fill critically needed positions with highly-qualified candidates.  Having toured Maine’s northern border with the U.S. Border Patrol Chief last summer and spoken directly with customs officers and border patrol agents on duty, I have seen firsthand the unique challenges and difficult tasks that these individuals face, including combatting the drug trade, safeguarding national security, and maintaining open and secure means of commerce for our local Maine businesses that cross the border regularly.  Strengthening our national security, and more specifically our nation’s borders, should be of high importance to our government, and I am glad to have acted today to make sure our customs officers and border agents have the tools they need to recruit and hire the very best talent available, while maintaining stringent vetting procedures.","2017-06-07T22:57:07+0000","link","https://poliquin.house.gov/media-center/press-releases/rep-poliquin-pushes-through-bill-help-border-patrol-fill-critically","391924704317377_776672859175891",NA,133,17,9
"391924704317377","Congressman Bruce Poliquin","“The eyes of the world are upon you. The hopes and prayers of liberty-loving people everywhere march with you.” –Dwight D. Eisenhower, 1944  Today, we honor the brave soldiers who gave their lives on the beaches of Normandy 73 years ago. They displayed tremendous courage in defending liberty at home and overseas. May we always remember their sacrifice, and that freedom isn’t free.","2017-06-06T18:20:03+0000","photo","https://www.facebook.com/RepPoliquin/photos/a.400104883499359.1073741828.391924704317377/776022439240933/?type=3","391924704317377_776022439240933",NA,23,2,5
"391924704317377","Congressman Bruce Poliquin","This morning, VA Secretary Shulkin announced the department will implement a brand new, state-of-the-art electronic records system that will modernize the way the VA stores, protects and accesses our Veterans' medical information, an area that has had many issues in the past. This is terrific news for our Veterans, who deserve the absolute best care possible. As a member of the House Veterans Affairs Committee, I understand the personal and sensitive information that the VA stores and I’m encouraged by the Secretary’s decision on this front. I will hold the VA accountable to ensure that this modernization also protects and secures these records from cyber or other unwelcome attacks.  In February, at a VA Committee hearing, I asked about some of the problems the department was experiencing with their current records system and about the amount of taxpayer dollars that were being wasted in constant repairs to it.  Watch the hearing here: https://youtu.be/yem2sDgVQlo?t=4439","2017-06-05T17:48:17+0000","status",NA,"391924704317377_775537792622731",NA,64,18,11
"391924704317377","Congressman Bruce Poliquin","Those who serve our Nation are the best among us. Today, as Americans gather around the Nation to recognize and remember our fallen heroes, I was honored to participate in the Bangor Memorial Day parade.  America is truly the greatest Nation in the world because of patriots that have sacrificed to defend her and the freedoms we all enjoy. God bless all who have served and who serve today.","2017-05-29T20:36:54+0000","photo","https://www.facebook.com/RepPoliquin/photos/a.418471564996024.1073741829.391924704317377/772274889615688/?type=3","391924704317377_772275129615664","Congressman Bruce Poliquin added 4 new photos.",118,10,5
"391924704317377","Congressman Bruce Poliquin","THIS IS TERRIFIC NEWS:  The Department of Education has just announced they will be reviewing the application for the Upward Bound Grant Program from the University of Maine at Presque Isle for hundreds of Aroostook County high schoolers. You may remember that the application was unfairly rejected earlier this year all because of an insignificant and unintentional line-spacing issue, putting these hundreds of students’ future success at risk.  On Monday this week, after getting off the plane in Washington, D.C. from Maine, I personally walked over to the Department of Education building—unannounced—to speak directly with officials at the Department. This has been a hard-fought, bipartisan effort, and I am thrilled these Aroostook County students’ hard work will not be unfairly rejected because of Washington bureaucracy.","2017-05-24T19:04:30+0000","photo","https://www.facebook.com/RepPoliquin/photos/a.400104883499359.1073741828.391924704317377/769634849879692/?type=3","391924704317377_769634849879692",NA,82,16,17
"391924704317377","Congressman Bruce Poliquin","Our first Commander-in-Chief, President George Washington, once said: “The willingness with which our young people are likely to serve in any war, no matter how justified, shall be directly proportional to how they perceive veterans of earlier wars were treated and appreciated by our nation.”  When our Veterans return from service, it is our duty to make sure they are taken care of. Today, Republicans and Democrats in the House worked together to pass a bill that will give our Veterans a badly needed cost-of-living adjustment (COLA) increase.","2017-05-23T20:28:53+0000","video","https://www.facebook.com/RepPoliquin/videos/769168279926349/","391924704317377_769168279926349",NA,74,15,12
"391924704317377","Congressman Bruce Poliquin","Yesterday, I was humbled to deliver the keynote address at the POW/MIA dedication of an honorary chair at the Bangor Airport, a symbol meant to represent the hundreds of Maine servicemembers who have not returned home from duty.  In our office in Washington, in the hallway, we have an American flag, we have a state of Maine flag and we have a POW/MIA flag. That reminds me and my staff and anybody who walks in our office or by our office that our work is not done until everybody comes home. I was so pleased to dedicate a flag flown of the U.S. Capitol from my office for the ceremony.","2017-05-22T19:19:35+0000","photo","https://www.facebook.com/RepPoliquin/photos/a.400104883499359.1073741828.391924704317377/768669446642899/?type=3","391924704317377_768669446642899",NA,49,13,10
"391924704317377","Congressman Bruce Poliquin","What a tremendous honor it was to speak this morning at the Kennebec Valley Community College graduation for the Class of 2017. Congratulations to these accomplished future leaders, small business owners, servicemembers, and entrepreneurs for their hard work to get them to this day. I'm so glad I was able to join you for this wonderful occasion, as you move on to a big and bright future.","2017-05-20T17:58:47+0000","photo","https://www.facebook.com/RepPoliquin/photos/a.418471564996024.1073741829.391924704317377/767629280080249/?type=3","391924704317377_767629923413518","Congressman Bruce Poliquin added 3 new photos.",27,3,2
"391924704317377","Congressman Bruce Poliquin","This is all about Maine jobs!  Diving for, harvesting and processing urchins and cucumbers is an especially difficult task, with only a limited amount of time each year to do it. The federal government shouldn’t obstruct Maine businesses with costly and unnecessary regulations, putting in jeopardy the hundreds of jobs this industry supports.  I’m tremendously proud and excited to be helping again push this issue forward with my colleague Congresswoman Chellie Pingree and in continuing our efforts to revise burdensome federal regulations to help protect the more than 650 Maine jobs in our State’s urchin and cucumber industry. We need to make sure our government is there to help—not hurt—our jobs, local businesses and communities in Maine.","2017-05-18T18:02:32+0000","link","https://poliquin.house.gov/media-center/press-releases/pingree-poliquin-reintroduce-legislation-ease-regulatory-burdens-maine-s","391924704317377_766575890185588",NA,51,8,8
"391924704317377","Congressman Bruce Poliquin","TODAY: My bill to help business development and job creation in Old Town passed the U.S. House of Representatives with broad bipartisan support in a 418-1 vote.  This is terrific news for Old Town.  This bill will revise an outdated law in Old Town by removing an obsolete deed restriction on a parcel of land next to the Old Town Airport. It will allow the airport to move forward with the project of developing the land to attract and welcome new interested businesses and jobs to the area. This is all about jobs.  Check out my remarks on the House Floor here:","2017-05-17T23:31:41+0000","video","https://www.facebook.com/RepPoliquin/videos/766040646905779/","391924704317377_766040646905779",NA,82,10,12
"391924704317377","Congressman Bruce Poliquin","This morning, the House Veterans' Affairs Committee approved 11 separate bills to help our Veterans. One of the bills, H.R. 1329, provides our Veterans with a cost-of-living adjustment (COLA) increase, an effort I have long been advocating.  I’m committed to using the full weight of my office to make certain our Veterans are taken care of, including helping our Veterans with casework and issues at the VA. Please reach out to my office if we can be of service.","2017-05-17T18:42:41+0000","status",NA,"391924704317377_765932340249943",NA,85,19,17
"391924704317377","Congressman Bruce Poliquin","During #NationalPoliceWeek, I was honored today to visit numerous law enforcement agencies, including the Bangor Police Department, Brewer Police Department, and the Hancock County Sheriff’s Office.  Our officers put their lives on the line every day to protect and serve our families and communities. Thank you to all of our men and women in blue, in Maine and across our Nation, for your work.","2017-05-15T20:36:23+0000","photo","https://www.facebook.com/RepPoliquin/photos/a.400104883499359.1073741828.391924704317377/764972833679227/?type=3","391924704317377_764973120345865","Congressman Bruce Poliquin added 4 new photos.",71,22,6
"391924704317377","Congressman Bruce Poliquin","I was humbled to have received an award from the Professional Logging Contractors (PLC) of Maine for my work in Congress on behalf of this Maine industry. Our State’s logging industry is a pillar of our economy and Maine’s identity, providing for tens of thousands of jobs and having a long and celebrated history. I applaud the PLC for their hard work, and I will continue to push in Congress to protect, support and grow our logging industry and these Maine jobs.","2017-05-10T17:14:46+0000","photo","https://www.facebook.com/RepPoliquin/photos/a.400104883499359.1073741828.391924704317377/762367363939774/?type=3","391924704317377_762367363939774",NA,143,43,10
"391924704317377","Congressman Bruce Poliquin","I was honored to speak this morning at the Disabled American Veterans (DAV) 43rd Annual State Convention. DAV has lent critical support for our Veterans in Maine for decades, and around our Nation now for a century. I applaud their tremendous work for our heroes and all they do for our men and women in uniform once they return home from service.  In Congress, as a member of the House Veterans Affairs Committee, I'm doing everything I can to make sure our Veterans have the care and support they deserve.","2017-05-05T15:16:33+0000","photo","https://www.facebook.com/RepPoliquin/photos/a.400104883499359.1073741828.391924704317377/759893894187121/?type=3","391924704317377_759893894187121",NA,53,47,4
"391924704317377","Congressman Bruce Poliquin","In the last 48 hours my father suffered a stroke and I had to rush back home from Washington to help him. My own son has an asthma condition—a pre-existing condition. I've seen health care up close. We need to do the best job we possibly can when it comes to health care so Maine people get the care they need.   I have studied this health care issue carefully with one thing in mind: the People of Maine. I do not work for the Democrats, Republicans, or Washington bosses—I work only for the People of Maine and my focus has been solely on the Maine people.   Maine is in a unique position in this debate. Many people may not know that Maine, and specifically our own bipartisan health reforms at the State Legislature, have become the core model of this new health care legislation, which includes some of Maine's models for welfare reforms as well.   With bipartisan Maine reforms at the center of this new bill, and with Maine having ensured essential health benefits and pre-existing conditions are covered under state laws, I have decided to vote yes on this health care legislation.   Under Maine's 2011 bipartisan reforms, those with pre-existing conditions were covered at the same cost as everyone else, with guaranteed coverage. Maine also ensures EHB’s, essential benefits, are always in place through a series of laws confirmed by Maine's Superintendent of Insurance. I am confident that even if Maine State Government sought a waiver not only would Maine people have essential benefits but pre-existing conditions would fully covered. Our state has already proven it—and our state has proven it can dramatically lower some health insurance premiums and stem the tide of rising costs with its reforms. It has worked in Maine.   I expect the U.S. Senate to make further changes to this bill as it moves on from the House and I welcome those changes. I hope it comes back stronger and better. This simply moves this issue on to the Senate.   ObamaCare is failing, and Congress must act to rescue American families.   We were told, under ObamaCare, if we like our health insurance plan and doctor, we could keep them. We were also told the cost of insurance would drop by about $2,500 per year. Tens of thousands of Mainers switched from their plan at work or were forced to get ObamaCare policies.   However, the monthly premiums and annual deductibles for these ObamaCare policyholders have skyrocketed. And, premiums—right here in Maine—are going up another 14-26% this year. Families are paying a fortune and sometimes never even using their ObamaCare coverage, because deductibles are so high. Instead, they oftentimes choose to pay a fine to the IRS rather than accept an ObamaCare plan.   There are only three insurance providers which offer ObamaCare policies in Maine. One of them, Community Health Options in Lewiston lost $58 million last year. Two weeks ago, Anthem announced it would stop offering Maine ObamaCare policies in January if the failing law isn’t changed.   ObamaCare is failing. We must work to fix this dire situation.   There are powerful special interest groups in Augusta and Washington trying to scare us into doing nothing. They say if we change the imploding ObamaCare law, millions of Americans will lose their health insurance.   Families are already losing coverage because their plans have been cancelled by insurance providers.  The special interests say those approaching retirement and the poor won’t be able to afford health insurance if ObamaCare is changed. That’s not true. They can’t afford it now due to high deductibles and increasing premiums.   If the few providers in Maine offering ObamaCare go under or pull out due to continued massive financial losses, we will have no ObamaCare policies in Maine at all. That is not acceptable.   I was elected to Congress to fix our serious problems. That’s exactly what I’m doing.  If we don’t fix this ObamaCare problem, it’s going to get worse.   In Congress, I will continue to push hard to find important solutions to the dire health care problems and challenges for Mainers. ObamaCare is failing and Congress must act to fix it.","2017-05-04T18:32:25+0000","status",NA,"391924704317377_759531164223394",NA,281,365,70
"391924704317377","Congressman Bruce Poliquin","WARNING FOR OUR VETS: My office has received reports that scammers are attempting to take advantage of Veterans who use the Veterans Choice Program (VCP). An unknown group has set up a fraudulent VCP phone line to mislead Veterans using the service.  The correct VCP phone line is: 1-866-606-8198. The fraudulent phone line is: 1-800-606-8198.  Veterans can tell if they have reached the false phone line if:    -The speaker offers a $100 rebate in exchange for credit card information, or    -The speaker does not state that the caller has reached the U.S. Department of Veterans Affairs of the VCP phone line.","2017-05-03T14:38:54+0000","link","http://bangordailynews.com/community/veterans-seeking-care-warned-about-imposter-phone-line/","391924704317377_758967730946404",NA,29,21,44
"391924704317377","Congressman Bruce Poliquin","Late last night, I had my first bill of the new Congress pass the House with a unanimous, bipartisan vote, 406-0.  As we start #SmallBusinessWeek, I’m enormously proud of this bipartisan legislation, which will make it easier—not harder—for our local businesses to access capital to grow and prosper. In Maine, our small businesses are the lifeblood of our economy, and it is so important they have the tools they need to succeed, expand, and create jobs. This is all about jobs.","2017-05-02T14:18:54+0000","video","https://www.facebook.com/RepPoliquin/videos/758461354330375/","391924704317377_758461354330375",NA,147,40,15
"391924704317377","Congressman Bruce Poliquin","On behalf of our Veterans, firefighters, and Maine workers who need to access federal facilities, and all the Maine citizens who would be adversely affected in the months to come, I’m very appreciative that today Maine has moved to comply with federal REAL ID law.  As a strong proponent of the 10th Amendment and Maine’s liberty and independence, I share the concerns of many fellow Mainers regarding these new ID requirements, put in place before I took office. However, it is the law of the land—through the federal government’s constitutional responsibility to keep our homeland safe—and our State will continue to be hurt if we don’t act. I’m pleased Maine acted quickly to help our Veterans, emergency personnel, and workers on this issue.","2017-04-28T18:39:09+0000","link","https://poliquin.house.gov/media-center/press-releases/rep-poliquin-applauds-maine-governor-and-state-legislature-s-urgent","391924704317377_756662184510292",NA,81,18,9
"391924704317377","Congressman Bruce Poliquin","I applaud the President and VA Secretary Shulkin for being serious about making critical improvements for our Veterans’ services. Our Veterans must receive the absolute best care possible. We must make sure that any lapses in the VA’s responsibilities to our Vets are properly reported. I’m pleased the White House and the VA are working to ensure the department is held accountable and our Veterans come first.","2017-04-27T22:38:59+0000","link","http://www.washingtonexaminer.com/trump-signs-executive-action-aimed-at-va-accountability/article/2621511","391924704317377_756261617883682",NA,102,24,16
"391924704317377","Congressman Bruce Poliquin","ICYMI: Yesterday, the VA Inspector General’s office released a report outlining important improvements made at Togus. As a member of the House Veterans’ Affairs Committee, I’m pleased Togus has made significant fixes for our Vets.  While this is welcome news, there’s no doubt we have much more work to do to help our Veterans. I will continue to use the full weight of my office in Congress and my seat on the House VA Committee to help make sure our heroes in Maine are given the care and support they’ve earned and deserve.","2017-04-21T16:16:52+0000","link","http://www.centralmaine.com/2017/04/20/new-report-shows-improvements-in-mental-health-care-for-veterans-at-togus/","391924704317377_753196278190216",NA,55,12,8
"391924704317377","Congressman Bruce Poliquin","This afternoon, I rode along with Penobscot County Sheriff Troy Morton and took a close, inside look at the work he and his deputies do for our communities every single day. After the ride, we toured the county jail and I had a chance to talk with Sheriff Morton and the deputies about their efforts in combatting the opioid epidemic in Maine.  Thank you to all our men and women in blue for your tireless work and sacrifice for our families.","2017-04-20T23:05:57+0000","photo","https://www.facebook.com/RepPoliquin/photos/a.418471564996024.1073741829.391924704317377/752813058228538/?type=3","391924704317377_752813118228532","Congressman Bruce Poliquin added 4 new photos.",81,8,9
"391924704317377","Congressman Bruce Poliquin","Today I held a roundtable discussion with several local community and business leaders from all across Maine on solutions to the flood insurance challenges that are facing our State. Flood insurance provides essential support and relief for our families when disasters strike. We want to makes sure that policies are in place so that rates are fair and sensible. I was very glad for this opportunity to sit down and hear different perspectives about this important issue.  Check out some of the coverage from WABI TV5 here: http://bit.ly/2ovDdfN","2017-04-20T19:38:17+0000","photo","https://www.facebook.com/RepPoliquin/photos/a.400104883499359.1073741828.391924704317377/752740721569105/?type=3","391924704317377_752740898235754","Congressman Bruce Poliquin added 2 new photos.",30,10,3
"391924704317377","Congressman Bruce Poliquin","It was great meeting with workers at Irving mill in Dixfield this week. The mill provides 278 Maine jobs right here in Oxford County!  Check out my visit in the Sun Journal: http://bit.ly/2oVkE8y","2017-04-19T15:40:10+0000","photo","https://www.facebook.com/RepPoliquin/photos/a.400104883499359.1073741828.391924704317377/752110194965491/?type=3","391924704317377_752111191632058","Congressman Bruce Poliquin added 3 new photos.",49,1,5
"391924704317377","Congressman Bruce Poliquin","Scout Day at the Maine State House! I’m incredibly proud of Maine’s Boy Scouts, Girl Scout and Cub Scouts and am so happy I was able to talk with these youngsters at today’s event.","2017-04-18T20:16:56+0000","photo","https://www.facebook.com/RepPoliquin/photos/a.400104883499359.1073741828.391924704317377/751701635006347/?type=3","391924704317377_751702158339628","Congressman Bruce Poliquin added 3 new photos.",70,12,5
"391924704317377","Congressman Bruce Poliquin","So glad I was able to visit Strainrite Companies, a family-owned business headquartered in Auburn with 50 local employees that has locations across the Nation in Michigan, California and Georgia. Strainrite designs and manufactures filtration products for several industries around the world. Keep up the great work!","2017-04-18T14:49:15+0000","photo","https://www.facebook.com/RepPoliquin/photos/a.400104883499359.1073741828.391924704317377/751546378355206/?type=3","391924704317377_751546488355195","Congressman Bruce Poliquin added 2 new photos.",51,3,5
"391924704317377","Congressman Bruce Poliquin","This weekend, I was honored to attend and deliver remarks at the grand opening of the Farm of Hope Veterans Center in Caribou, a program created by Iraq War Veteran and President of United Veterans Maine, John DeVeau.  Farm of Hope is focused on providing Veterans and those currently serving our Nation with emergency shelter when they return home. Unfortunately, so many of our Veterans face serious challenges when they return from service. This program helps those Veterans who are facing homelessness find stable housing and other local support.","2017-04-18T00:08:28+0000","photo","https://www.facebook.com/RepPoliquin/photos/a.400104883499359.1073741828.391924704317377/751222251720952/?type=3","391924704317377_751222415054269","Congressman Bruce Poliquin added 3 new photos.",65,6,12
"391924704317377","Congressman Bruce Poliquin","It was wonderful to return to Auburn Manufacturing, Inc. this morning and to meet with some of the workers there after the company’s recent huge win over illegal and unfair trade.   For too long, Maine jobs have been threatened by unfair trade. For more than a year, I’ve worked with Auburn Manufacturing to fight against illegal trade from China that was hurting the business. In February, after a long-fought effort, we won. I’m proud to always stand up for Maine jobs and to oppose unfair trade.","2017-04-17T19:14:22+0000","photo","https://www.facebook.com/RepPoliquin/photos/a.400104883499359.1073741828.391924704317377/751119228397921/?type=3","391924704317377_751119615064549","Congressman Bruce Poliquin added 3 new photos.",48,5,5
"391924704317377","Congressman Bruce Poliquin","I wish everyone a blessed and Happy Easter Sunday!","2017-04-16T23:01:39+0000","status",NA,"391924704317377_750662888443555",NA,147,20,0
"391924704317377","Congressman Bruce Poliquin","ICYMI: Earlier this morning, I was in the WABI TV5 studio with John DeVeau to talk about the launch of his new Veterans’ program, Farm of Hope in Caribou.  Check out our interview here: https://wabi.tv/2017/04/14/farm-of-hope-to-host-grand-opening-congressman-poliquin-to-visit-acap-houlton-center/","2017-04-14T21:39:54+0000","photo","https://www.facebook.com/RepPoliquin/photos/a.400104883499359.1073741828.391924704317377/749457001897477/?type=3","391924704317377_749457001897477",NA,19,5,1
"391924704317377","Congressman Bruce Poliquin","Our Nation’s future leaders! Delighted to stop by Aroostook County Action Program, Inc. in Houlton today and to meet with some of these Head Start students! I read from my son Sammy’s favorite book, the Cat in the Hat.","2017-04-14T19:04:03+0000","photo","https://www.facebook.com/RepPoliquin/photos/a.400104883499359.1073741828.391924704317377/749429948566849/?type=3","391924704317377_749429948566849",NA,97,13,8
"391924704317377","Congressman Bruce Poliquin","This morning I sat down with John DeVeau, an Iraq War Veteran and founder of the new Caribou Vets program Farm of Hope, in studio on WVOM-FM. John discussed the incredible work he is doing in launching Farm of Hope in Aroostook County, a program  designed specifically to help homeless Veterans in Maine.  Unfortunately, there are so many of our Veterans who face serious challenges when they return home and find themselves homeless. I applaud John for his work and look forward to joining him tomorrow in The County for Farm of Hope's grand opening.  Check out this morning's radio broadcast here: http://podcast.wvomfm.com/wvom/4866485.mp3","2017-04-14T15:45:47+0000","photo","https://www.facebook.com/RepPoliquin/photos/a.400104883499359.1073741828.391924704317377/749345721908605/?type=3","391924704317377_749346045241906","Congressman Bruce Poliquin added 2 new photos.",76,9,15
"391924704317377","Congressman Bruce Poliquin","For the past century, Disabled American Veterans has lent critical support and care for our Veterans in Maine and across the Nation. To honor its 100 years of providing for our Veterans, I am asking my colleagues across the aisle and in both chambers of Congress to join in calling for the organization to be recognized with the distinction of an official commemorative stamp.  Thank you to DAV for standing up for our heroes for the past century and for many more years to come.","2017-04-13T18:18:17+0000","link","https://poliquin.house.gov/media-center/press-releases/rep-poliquin-leads-congress-bipartisan-effort-commemorate-100th","391924704317377_748803651962812",NA,86,12,14
"391924704317377","Congressman Bruce Poliquin","Maine’s forest products industry is a crucial pillar of our State’s economy and a unique part of our history and heritage.  Today, as a proud member of the Congressional Working Forests Caucus, I’m joining Republicans and Democrats in urging President Trump to push forward policies that will allow our critical working forests to remain a dependable resource for our local businesses and job creators. I’m pleased to send this letter to the President’s desk urging him to work with Congress in ensuring that our forest economy in Maine remains vibrant and sustainable for generations to come.","2017-04-10T20:58:55+0000","link","http://poliquin.house.gov/sites/poliquin.house.gov/files/wysiwyg_uploaded/POLIQUIN%20--%20Working%20Forests.pdf","391924704317377_747208742122303",NA,59,15,5
"391924704317377","Congressman Bruce Poliquin","Attention all prospective Military Service Academy applicants!  This Wednesday, my office will be joining the Maine Congressional Delegation in hosting an information night for all those interesting in applying to our Nation’s Military Service Academies. The seminar will take place at the Hilton Garden Inn (250 Haskell Road) in Bangor from 6 to 8 p.m. Doors open and registration begins at 5:30 p.m.  Students, parents and guidance counselors who are interested in the application process for the United States Military, Naval, Air Force, Merchant Marine and Coast Guard Academies, state maritime academies, as well as private military colleges, Reserve Officer Training Corps (ROTC), and National Guard Scholar programs are encouraged to attend. My staff will be on hand to answer any and all questions you may have! We hope to see you there!","2017-04-10T17:26:56+0000","link","https://poliquin.house.gov/media-center/press-releases/maine-delegation-announces-service-academy-information-night-0","391924704317377_747129635463547",NA,28,8,19
"391924704317377","Congressman Bruce Poliquin","The President’s swift action was a proportional and appropriate response to the savage use of chemical weapons and violation of human rights, including targeting women and children.  If the President moves to take further action, the Administration must work and consult with Congress on a comprehensive plan for the crisis in the region. Syria has become more than just an internal civil war, with the involvement of ISIS and other bad actors in the region.","2017-04-07T15:07:55+0000","status",NA,"391924704317377_745238832319294",NA,119,22,8
"391924704317377","Congressman Bruce Poliquin","Great to meet with several Mainers today from the Maine Motor Transport Association. We discussed a wide range of issues facing Maine’s truckers, including making necessary improvements to our Nation’s infrastructure, alleviating driver shortages, and the need for Maine to resolve REAL ID compliance that is now impacting truckers who can’t access federal facilities.","2017-04-05T16:06:24+0000","photo","https://www.facebook.com/RepPoliquin/photos/a.400104883499359.1073741828.391924704317377/743981649111679/?type=3","391924704317377_743981885778322","Congressman Bruce Poliquin added 2 new photos.",37,10,3
"391924704317377","Congressman Bruce Poliquin","Be sure to sign up for my weekly newsletter via email to stay up-to-date on all of my work in Maine and in Washington, D.C.  Check out this week's newsletter here: http://bit.ly/2nYj8BI","2017-04-04T12:04:00+0000","link","https://poliquin.house.gov/contact/newsletter","391924704317377_742912089218635",NA,15,7,1
"391924704317377","Congressman Bruce Poliquin","Tonight, the House passed two pieces of legislation to continue putting pressure on North Korea over the increasingly serious situation there and the dire threat they pose to the United States and our allies. In recent weeks and months, the brutal regime in North Korea has grown increasingly hostile. We must be very serious and decisive in the best way to protect our national security and peace in the region.","2017-04-03T23:15:51+0000","link","http://www.washingtonexaminer.com/article/2619243/","391924704317377_742920722551105",NA,66,11,6
"391924704317377","Congressman Bruce Poliquin","As I’ve said before, Iran is the world’s leading state-sponsor of terrorism and they cannot be trusted. I’m pleased to introduce my bill, supported by Democrats and Republicans, that will help make the funds behind the Iranian regime more transparent for both the citizens of Iran and the entire world to see. As a member of the Subcommittee on Terrorism and Illicit Finance, I’ll continue to work toward rooting out terror cells and their financing worldwide.","2017-04-03T18:23:21+0000","link","http://www.sunjournal.com/news/maine/0001/11/30/bruce-poliquin-seeks-unmask-finances-irans-top-leaders/2105218","391924704317377_742788589230985",NA,102,26,13
"391924704317377","Congressman Bruce Poliquin","It was a tremendous honor to speak at Bath Iron Works today for the christening of the USS Thomas Hudner, the DDG 116 named after Medal of Honor recipient and Korean War Veteran Navy Captain Thomas J. Hudner, Jr.  Historians often call the Korean War the ""forgotten war."" But, the incredible courage and sacrifice of American heroes like Captain Hudner will never let us forget.  America wishes Godspeed to our brave sailors who will man this mighty ship, built right here at BIW. God bless our great Nation.","2017-04-01T21:40:36+0000","photo","https://www.facebook.com/RepPoliquin/photos/a.400104883499359.1073741828.391924704317377/741733126003198/?type=3","391924704317377_741733126003198",NA,137,16,14
"391924704317377","Congressman Bruce Poliquin","#BREAKING: Happy to share that the New England Patriots will send the Super Bowl LI Lombardi Trophy to Bangor this Saturday! Fans will be able to come by the Cross Insurance Center and have their photo taken with the Lombardi Trophy.  As a lifelong Pats fan, I couldn't be more thrilled about this announcement! #PatriotsNation","2017-03-29T20:02:23+0000","status",NA,"391924704317377_740119349497909",NA,58,21,16
"391924704317377","Congressman Bruce Poliquin","Certainly, I absolutely want to ensure there are proper safeguards in place to keep Mainers’ private data secure when they use the Internet, which is why I voted to remove this FCC rule.  The reality is this FCC rule creates a misleading sense of security for users. The Federal Trade Commission (FTC) is the regulatory body that has for years worked in this field to protect consumers’ data. The FCC can only monitor a segment of the Internet, leaving out huge swaths of the web they would not be able to administer. Creating rules enforced by the FCC would apply regulations to only a specific segment of the industry, while giving an unequal advantage and preference to a handful of companies who wouldn’t be under their jurisdiction. This is not the right way to regulate, as it would also undermine the very goal of protecting users’ data.  The Internet should remain a level playing field where consumers are protected consistently across the web, while preventing gaps in consumer protection from being created by any new privacy rules.","2017-03-29T00:57:24+0000","link","http://www.foxnews.com/tech/2017/03/28/house-votes-to-block-obama-era-online-privacy-rule.html","391924704317377_739637386212772",NA,55,45,12
"391924704317377","Congressman Bruce Poliquin","I am very pleased House Veterans’ Committee Chairman Phil Roe has called for a hearing to investigate recurring issues with the Department of Veterans’ Affairs Crisis Line (VCL).   Sadly, one of the most at-risk groups of Americans to suicide is our Veterans. While the VCL exists to help prevent these tragedies, many calls go unanswered. These flaws with the VCL are unacceptable; if we fail one of our Veterans, we have failed in our duty to all of them. We must do everything we can to give our Veterans the support and care they have earned.   I very much look forward to participating in the Veterans Affairs Committee’s efforts in fixing the VCL’s serious problems.","2017-03-28T19:15:40+0000","link","https://veterans.house.gov/news/media-advisories/chairman-roe-ranking-member-walz-announce-hearing-assess-veterans-crisis-line","391924704317377_739526052890572",NA,38,13,9
"391924704317377","Congressman Bruce Poliquin","ICYMI: Last week, I spoke at a Joint Veterans’ Affairs Committee hearing about the most important needs and challenges for our Veterans living in rural areas.  Maine has the highest percentage of rural Veterans in the Nation. Living in rural communities presents a number of unique challenges for our heroes when they need care. I’ve worked, and will continue to work, to make sure there are programs in place to ensure our Maine servicemebers have accessible and high quality care when they need it after returning home.","2017-03-27T14:50:13+0000","video","https://www.facebook.com/RepPoliquin/videos/738855292957648/","391924704317377_738855292957648",NA,47,13,8
"391924704317377","Congressman Bruce Poliquin","ObamaCare is failing, and it’s critical that Congress works to fix it to rescue the Maine families it’s impacting. But let’s do this right.  I agree that all legislation, especially a proposal for such an important policy change, must have enough time to be thoroughly reviewed by the American people and all lawmakers of all political parties. As I said, I have pushed to ensure those nearing retirement and in rural areas receive support in any proposed legislation.  In Congress, I will continue to push hard to find important solutions to the dire health care problems and challenges for Mainers. ObamaCare is failing and Congress must all work together to fix it.","2017-03-24T22:47:37+0000","link","https://poliquin.house.gov/media-center/press-releases/rep-poliquin-continues-work-toward-health-care-relief-and-solutions","391924704317377_737154969794347",NA,152,126,30
"391924704317377","Congressman Bruce Poliquin","Our hardworking and dedicated Members and Reservists of the National Guard sacrifice incredibly to serve our country, often making extraordinary changes in their lives to travel long distances—sometimes hundreds of miles and even across state lines—for training. Unacceptably, most of the time our servicemembers are required to pay for their travel themselves.  We can’t expect these men and women to give up their time with family, but not provide them with the same tax treatment offered to other federal employees for their commutes. I’m proud to introduce this bicameral legislation to give our National Guard Members the support they surely deserve.","2017-03-22T23:45:13+0000","link","https://poliquin.house.gov/media-center/press-releases/daines-poliquin-introduce-bicameral-bill-save-servicemembers-money","391924704317377_736066003236577",NA,55,25,8
"391924704317377","Congressman Bruce Poliquin","Today, I went to the White House to meet directly with President Trump and to urge him and House Leadership to make important improvements in the ObamaCare replacement legislation. Specifically, I am pushing for increased benefits for those nearing retirement — those between the ages 50 and 64 — and families living in rural areas to be included in this health care proposal.  We also learned today that a number of new, key amendments will be made to the bill including giving states the flexibility to require non-disabled people without children to work, participate in training programs, or volunteer in order to receive taxpayer-funded Medicaid welfare benefits. Maine’s welfare reforms are working and the State, and other states, should have the option to continue these reforms.  We must make coverage more affordable and stop the individual market from imploding. Right now, ObamaCare is failing and Congress must act. I’ll continue to carefully study and push for changes in this health care relief proposal.","2017-03-21T23:28:09+0000","link","https://poliquin.house.gov/media-center/press-releases/rep-poliquin-fights-take-care-rural-and-elderly-mainers-white-house","391924704317377_735403476636163",NA,146,196,18
"391924704317377","Congressman Bruce Poliquin","ICYMI: Last week, I voted for three bills to help our Veterans get the care they need, clean up problems at the VA, and make sure our heroes’ constitutional rights are upheld. We must always continue to work hard for those who fought for our freedom.","2017-03-20T16:03:25+0000","photo","https://www.facebook.com/RepPoliquin/photos/a.400104883499359.1073741828.391924704317377/734440736732437/?type=3","391924704317377_734440736732437",NA,60,29,13
"391924704317377","Congressman Bruce Poliquin","I’m extremely encouraged the President has signaled he shares in my mission to do everything we can to take care of our Veterans. This proposal promises vital increases to Veterans’ services in Maine and across the Nation, and I applaud those efforts.  However, I want to continue support for programs and agencies that serve our Maine families and communities—such as LIHEAP—and help protect our environment.  It’s important to remember that Congress—not the President—writes and approves the budget. I’m going to continue thoroughly examining the President’s proposal these coming months as Congress works to approve a final budget.","2017-03-17T19:38:56+0000","link","https://poliquin.house.gov/media-center/press-releases/rep-poliquin-s-statement-president-s-budget-proposal","391924704317377_732580986918412",NA,90,45,8
"391924704317377","Congressman Bruce Poliquin","This week, I voted to pass numerous Veterans bills to help ease administrative burdens and cut red tape at the VA. Our Veterans fought for us, and it’s time they’re taken care of.  I am incredibly proud to serve on the House Veterans Affairs Committee and to represent the more than 66,000 Veterans in our 2nd District. Every single day I am fighting to make sure you are given the care you were promised, have earned and deserve.","2017-03-17T15:44:29+0000","video","https://www.facebook.com/RepPoliquin/videos/732499213593256/","391924704317377_732499213593256",NA,126,22,14
"391924704317377","Congressman Bruce Poliquin","I’m honored to now display the official Seal of the U.S. Navy in my Washington office. Thank you to all our Navy Veterans and active members from Maine for your service to our country.  If you’re ever down here in DC, please be sure to stop by the office so we can thank you personally!","2017-03-16T20:39:25+0000","photo","https://www.facebook.com/RepPoliquin/photos/a.400104883499359.1073741828.391924704317377/732096726966838/?type=3","391924704317377_732096726966838",NA,115,10,10
"391924704317377","Congressman Bruce Poliquin","Happy birthday to our Great State of Maine!  From Presque Isle to Deer Isle, Eastport to Fryeburg, over the last 197 years, Mainers have contributed to the great history and fabric of our Nation. I’m honored to represent our 2nd District in Congress where I’m continuing to fight hard, every single day, to bring more jobs, opportunity and growth to our State and to make our home a better place.","2017-03-15T22:37:02+0000","status",NA,"391924704317377_731663173676860",NA,95,16,8
"391924704317377","Congressman Bruce Poliquin","Everyone please stay safe this week as we brace for another late-season storm. Please make sure to check in on your neighbors and notify emergency personnel if you or someone you know may be in danger.   For updates on weather developments and other resources, visit the Maine Emergency Management Agency website. If you do experience a power outage in your home or neighborhood, you can report outages to the Central Maine Power Company or Emera Maine at these websites: • http://www.cmpco.com/outages/outageinformation.html • http://www.emeramaine.com/outages-and-r…/outage-report-form/","2017-03-13T19:08:22+0000","link","http://bangordailynews.com/2017/03/13/news/state/massive-two-day-blizzard-expected-heavy-snow-tuesday-afternoon/","391924704317377_730540473789130",NA,64,9,8
"391924704317377","Congressman Bruce Poliquin","Logging is one of the staple industries in Maine, largely consisting of family-run businesses that have operated for generations in our State. While major advances have been made in the trade in recent years that have drastically improved worker safety, outdated regulations from Washington haven’t kept up, preventing young Mainers from pursuing careers in timber harvesting.  I’m proud to push forward this important legislation to give young Mainers the opportunities to pursue a career path in logging, while also helping to maintain jobs in the industry in Maine for many more generations to come.","2017-03-10T18:31:40+0000","link","https://poliquin.house.gov/media-center/press-releases/reps-labrador-poliquin-reintroduce-future-logging-careers-act","391924704317377_728981723945005",NA,91,9,20
"391924704317377","Congressman Bruce Poliquin","Today, my bipartisan small business legislation passed out of the Financial Services Committee in a unanimous 58-0 vote. This bill, the Small Business Capital Formation Enhancement Act, will help local, small businesses in Maine to get the support they need to expand, succeed, and create more jobs.  Small businesses are the lifeblood of our economy in Maine, and it’s critical they get the tools they need to grow. I’m working with everyone and anyone—Democrats and Republicans—to help bring jobs to Maine.","2017-03-09T21:57:13+0000","status",NA,"391924704317377_728501353993042",NA,89,20,10
"391924704317377","Congressman Bruce Poliquin","Today, the House passed the Department of Defense (DOD) appropriations bill, the critical legislation that funds our Nation’s military.  This bill includes important support for the thousands of shipbuilders at Bath Iron Works, the best in the world. BIW plays an indispensable role in America’s defense and security around the globe. I’ll continue to do everything I can to provide them support to do their jobs and keep our Nation safe. #BathBuiltBestBuilt","2017-03-08T23:19:14+0000","status",NA,"391924704317377_728022514040926",NA,84,16,15
"391924704317377","Congressman Bruce Poliquin","ObamaCare is failing, and Congress must act to fix it. If we do nothing, Mainers who signed up for their ObamaCare plans in good faith will be left out in the cold even as they experience massive premium increases.  This new plan will bring much needed health insurance relief to the American People while keeping the promises made to them. It retains coverage for those with pre-existing health conditions; makes sure insurance companies sell health insurance to everyone who wants it; and offers to keep young adults on their parents' policies until age 26.‎  This legislation will bring Maine's positive experience with health insurance reform to the national stage. It will remove impediments in the ObamaCare law that prevent insurance companies from offering an array of plans at different prices. We want the young and the old, those in good health and those facing health challenges all to be able to afford the health insurance plans that fit their needs. Our goal is to make sure everyone has access to health care when they need it.  I will continue to work hard with Republicans and Democrats to make sure we achieve this.","2017-03-07T15:36:37+0000","status",NA,"391924704317377_727293694113808",NA,124,110,26
"391924704317377","Congressman Bruce Poliquin","ICYMI: On Friday, I called on the Maine State Legislature and the Governor to act swiftly to make certain Maine is in compliance with the REAL ID law so Maine families and citizens are not adversely affected.  This is a dire situation. Maine-issued driver’s licenses are increasingly no longer acceptable forms of identification to access federal buildings and facilities. Maine businesses are suffering because their employees can’t access federal job sites. First responders, including our Maine firefighters, are not able to attend training at federal facilities. Our Veterans cannot access healthcare facilities located on military bases.  We need to act on this now.","2017-03-06T23:56:48+0000","link","http://bangordailynews.com/2017/03/03/politics/poliquin-implores-maine-lawmakers-to-take-quick-action-on-real-id/","391924704317377_726669434176234",NA,120,14,10
"391924704317377","Congressman Bruce Poliquin","It was so great visiting the 3rd Grade class at Carrie Ricker Middle School in Litchfield! We had lots of fun doing some reading in the classroom!","2017-03-06T20:37:10+0000","photo","https://www.facebook.com/RepPoliquin/photos/a.400104883499359.1073741828.391924704317377/726625114180666/?type=3","391924704317377_726625900847254","Congressman Bruce Poliquin added 3 new photos.",54,5,4
"391924704317377","Congressman Bruce Poliquin","Today, I welcomed a group of Maine Veterans of the Veterans of Foreign Wars (VFW), including Peter Miesburger, to the U.S. Capitol for the House and Senate Veterans’ Affairs Committees’ joint hearing.  We don’t have our freedom and we don’t have our country without our Veterans. We cannot expect our young men and women to serve and put on a uniform if we cannot keep our promises and take care of those who have already served. I’m committed to making sure we keep these promises for our Vets and I will continue to fight for them—every day.","2017-03-02T01:11:11+0000","photo","https://www.facebook.com/RepPoliquin/photos/a.418471564996024.1073741829.391924704317377/724454747731036/?type=3","391924704317377_724454921064352","Congressman Bruce Poliquin added 2 new photos.",66,7,8
"391924704317377","Congressman Bruce Poliquin","At this week’s Veterans’ Affairs Committee hearing, I questioned top officials from the Government Accountability Office and the Inspector General’s office about the serious problems at the VA regarding the mishandling of opioids and prescription drugs.  The fact of the matter is that the VA is doing a horrible job overseeing how drugs are being distributed to Veterans. This needs to be made right. We have a lot of Veterans who are in pain, and we have a lot of folks that are having problems with opioids and heroin—including those in the 2nd District of Maine—that I am very concerned about. I’ll continue to work diligently on the VA Committee and to help make major improvements for our Vets’ care.  You can read more about our Committee’s investigation here:","2017-03-01T00:00:52+0000","link","http://www.stripes.com/news/va-aims-to-improve-oversight-of-drugs-increase-employee-testing-1.456258#.WLX77PIqN7F","391924704317377_723995927776918",NA,55,7,12
"391924704317377","Congressman Bruce Poliquin","Today marks the 72nd Anniversary of the raising of our American Flag over Mount Suribachi during the Battle of Iwo Jima by the servicemembers of the U.S. Marine Corps. It was one of the proudest and most iconic moments in our Nation’s history, as it symbolizes the strength, unity and sacrifice of all America in one of our finest hours.  Thank you to all who serve and sacrifice to defend our great Nation. I am fighting every day and using the full weight of my office, especially in my new role in Congress on the House Veterans’ Affairs Committee, to help ensure that our Veterans receive the benefits and support they were promised, have earned, and deserve.","2017-02-23T19:25:31+0000","video","https://www.facebook.com/marines/videos/10154099433925194/","391924704317377_721627521347092","Congressman Bruce Poliquin shared U.S. Marine Corps's video.",144,17,0
"391924704317377","Congressman Bruce Poliquin","I was very pleased to return to Eastern Maine Medical Center in Bangor to tour the hospital’s state-of-the-art facilities and meet with patients and the dedicated personnel there. EMMC is an essential resource for our communities. I am always impressed with the devotion these nurses, physicians and administrators have for their work and for our Maine families. Thank you for having me stop by!","2017-02-22T21:30:32+0000","photo","https://www.facebook.com/RepPoliquin/photos/a.400104883499359.1073741828.391924704317377/721250354718142/?type=3","391924704317377_721250598051451","Congressman Bruce Poliquin added 3 new photos.",104,21,8
"391924704317377","Congressman Bruce Poliquin","I’m tremendously proud to be at Colby College today—right around the corner from where I grew up—to celebrate the launch of a brand new program in Maine designed to encourage the best and brightest STEM college students to make our State their home after they graduate. This new program, sponsored by the Alfond Foundation, will provide college debt relief for STEM students who choose to use their skills working for a Maine-based company that is striving to create 200 jobs at its downtown Waterville location.  I am incredibly excited about this announcement and the continued efforts to revitalize Central Maine.","2017-02-21T21:12:10+0000","photo","https://www.facebook.com/RepPoliquin/photos/a.400104883499359.1073741828.391924704317377/720784194764758/?type=3","391924704317377_720784241431420","Congressman Bruce Poliquin added 2 new photos.",58,7,7
"391924704317377","Congressman Bruce Poliquin","""I hope I shall possess firmness and virtue enough to maintain what I consider the most enviable of all titles, the character of an honest man"" -President George Washington  On Presidents' Day, let's honor all who served our Nation in our highest office, starting with our first commander-in-chief, George Washington.","2017-02-20T18:57:04+0000","photo","https://www.facebook.com/RepPoliquin/photos/a.400104883499359.1073741828.391924704317377/720260224817155/?type=3","391924704317377_720260224817155",NA,29,3,1
"391924704317377","Congressman Bruce Poliquin","Great news for Maine jobs! I’m tremendously pleased to see more and more investment in Maine workers and in our communities.  In Congress, I will continue to work on behalf of our Maine families to help our State’s businesses grow and create more jobs, in every industry.","2017-02-17T18:29:48+0000","link","http://bangordailynews.com/2017/02/17/business/poland-spring-plans-50-million-bottling-expansion-that-will-employ-80/","391924704317377_718619628314548",NA,145,37,41
"391924704317377","Congressman Bruce Poliquin","Today, I met with the Friends of Acadia—including the Acadia National Park Superintendent Kevin Schneider—in my Washington, D.C. office to discuss several different topics regarding the Park and the surrounding areas in Hancock County.  Among a number of different items, we talked about the bill that I recently reintroduced to help protect our traditional uses of the flats in and around Acadia, which provide for hundreds of jobs in the surrounding communities. I’m fighting every day to be a voice for Mainers in Washington. I’m fighting for Maine and for Maine jobs.","2017-02-16T23:22:00+0000","photo","https://www.facebook.com/RepPoliquin/photos/a.400104883499359.1073741828.391924704317377/718110565032121/?type=3","391924704317377_718110565032121",NA,48,11,2
"391924704317377","Congressman Bruce Poliquin","Yesterday, I voted to strike down a misguided and hastily created rule from the Obama Administration that prohibits states, like Maine, from managing their own welfare programs.  In Maine, I’ve met and talked with community leaders, law enforcement members and several families across our District and have heard from them about some of the serious problems in our State’s welfare system. It’s important that different states, each with their own unique challenges and conditions, have the ability to implement their own policies regarding their welfare programs.","2017-02-16T20:51:53+0000","link","https://poliquin.house.gov/media-center/press-releases/rep-poliquin-supports-states-authority-manage-their-own-welfare-programs","391924704317377_718066041703240",NA,192,28,18
"391924704317377","Congressman Bruce Poliquin","Terrific news for Auburn Manufacturing, its workers, and our Great State of Maine!  Today, the ITC ruled—unanimously—that Chinese manufacturers have been conducting illegal trade that has harmed this Auburn-based textile manufacturer and threatened jobs there. I’m proud to have stood strong with Auburn Manufacturing and the rest of the Maine Delegation against this unfair trade and to celebrate this win for Maine jobs after a long, hard-fought battle.","2017-02-15T20:30:52+0000","link","http://www.sunjournal.com/news/business/0001/11/30/feds-auburn-manufacturing-hurt-chinese-imports-impose-duty-fees/2078305","391924704317377_717441028432408",NA,162,11,33
"391924704317377","Congressman Bruce Poliquin","Our Nation has always stood strong with our close ally Israel and has shared with them the same vision for a peaceful and stable Middle East. I welcome Prime Minister Netanyahu on his visit today as our nations continue our support for one another. We stand with one of our most trusted allies.","2017-02-15T17:45:39+0000","status",NA,"391924704317377_717361601773684",NA,133,6,11
"391924704317377","Congressman Bruce Poliquin","I’m enormously proud to become a co-chair of the House Paper and Packaging Caucus in the 115th Congress. In this new role, I’ll continue to be a strong voice in Congress on behalf of Maine’s resilient and robust paper and forest products industry, while also working to highlight the importance of the industry nationwide. This is all about jobs.","2017-02-14T22:24:35+0000","photo","https://www.facebook.com/RepPoliquin/photos/a.400104883499359.1073741828.391924704317377/716964245146753/?type=3","391924704317377_716964361813408","Congressman Bruce Poliquin added 2 new photos.",72,2,9
"391924704317377","Congressman Bruce Poliquin","This evening, the House passed the HIRE Vets Act, a bill that will help encourage private businesses to hire and retain our Veterans who served our Nation honorably. As a proud cosponsor of this legislation and a member of the House Veterans’ Affairs Committee, I’m pleased the House acted tonight to put our Veterans first, as they always should. I’m focused on making sure our heroes are given the support they were promised, have earned and deserve.","2017-02-14T00:27:42+0000","status",NA,"391924704317377_716431085200069",NA,170,15,24
"391924704317377","Congressman Bruce Poliquin","Please stay safe today and this week as this historic storm passes through. I encourage everyone to keep our neighbors and community members in mind and to reach out to them if they may be in danger. We’re Mainers—we look after each other.","2017-02-13T21:46:22+0000","status",NA,"391924704317377_716386268537884",NA,76,6,4
"391924704317377","Congressman Bruce Poliquin","Everyone please stay safe in the next few hours and days as we get another dose of winter weather across our State.  For updates on weather developments and other resources, visit the Maine Emergency Management Agency website below.  If you do experience a power outage in your home or neighborhood, you can report outages to the Central Maine Power Company or Emera Maine at these websites:  • http://www.cmpco.com/outages/outageinformation.html • http://www.emeramaine.com/outages-and-r…/outage-report-form/","2017-02-09T23:03:27+0000","link","http://www.maine.gov/mema/","391924704317377_714329262076918",NA,12,0,0
"391924704317377","Congressman Bruce Poliquin","Last night, I had the tremendous honor of being awarded the G.V. “Sonny” Montgomery Eagle Award, a recognition presented each year to one Member in the House of Representatives by the Enlisted Association of the National Guard of the United States, (EANGUS) for his or her work on behalf of our National Guard.  I’m humbled for this recognition for my legislation, the Fair Treatment for Our National Guard and Reservists Act, that would allow our National Guard members to receive the same travel expense reimbursements as all other federal employees do.  I was honored Command Sergeant Major Steve Curtis of Millinocket was able to make the trip to Washington to join me! Steve originally brought this issue to my attention and has been an enormous help in putting the legislation together.","2017-02-09T00:08:58+0000","photo","https://www.facebook.com/RepPoliquin/photos/a.400104883499359.1073741828.391924704317377/713855778790933/?type=3","391924704317377_713855892124255","Congressman Bruce Poliquin added 3 new photos.",118,8,14
"391924704317377","Congressman Bruce Poliquin","This is a big deal.This strong investment is extremely encouraging and welcome news for Skowhegan and our entire State of Maine. Maine’s forest economy continues to be a solid and vibrant pillar of our State. I am poised to continue to do everything I can to help strengthen our forest economy and to create and protect good-paying jobs for our families and communities across Maine.","2017-02-08T21:15:07+0000","link","http://www.centralmaine.com/2017/02/08/sappi-mill-in-skowhegan-to-get-165-million-machine-upgrade/","391924704317377_713801982129646",NA,248,12,42
"391924704317377","Congressman Bruce Poliquin","Here’s to the greatest Super Bowl comeback and victory of all time!  On Sunday, our Patriots showed the world what can be achieved if you work hard and you never give up. Congress can certainly learn a thing or two from the world champs! I’m very proud of our Pats.","2017-02-07T23:21:13+0000","video","https://www.facebook.com/RepPoliquin/videos/713274642182380/","391924704317377_713274642182380",NA,138,11,29
"391924704317377","Congressman Bruce Poliquin","Congratulations to Lizzie Dunn of Houlton High School, the winner of this year’s Congressional Art Competition. I’m so delighted to display her artwork, “Jill,” in the halls of the U.S. Capitol where thousands of Americans from across the country can enjoy this piece of Maine’s culture and talent.  Every year, I am awestruck by the incredible talent and hard work of our high school students in Maine through this competition. I’m extraordinarily proud of all our participants this year!","2017-02-07T20:18:08+0000","photo","https://www.facebook.com/RepPoliquin/photos/a.400104883499359.1073741828.391924704317377/713201122189732/?type=3","391924704317377_713201122189732",NA,66,6,5
"391924704317377","Congressman Bruce Poliquin","Government should exist to help—not hurt—our businesses and communities in Maine. All of the pieces are in place to grow jobs and businesses in Old Town on unused land at the town’s airport. But thanks to outdated restrictions, businesses are being denied the ability to develop there, despite support from town officials, community leaders and officials at the airport.  Today, after working closely with the town and community, I am proud to push forward this legislation to remove these outdated restrictions and enable Old Town to move ahead in attracting new businesses to the region, bringing new jobs to the area.","2017-02-07T00:36:20+0000","link","http://wabi.tv/2017/02/06/poliquin-introducing-bill-to-develop-old-town-airport-unused-land/","391924704317377_712699122239932",NA,96,3,14
"391924704317377","Congressman Bruce Poliquin","In 2015, after our Patriots were victorious in Super Bowl XLIX, I spoke on the House Floor to congratulate them on their well-earned, hard-fought win. Tonight, we witnessed the greatest comeback and Super Bowl victory of our lifetimes. Once again, our Patriots are world champions. Congrats Patriots Nation!!!","2017-02-06T03:38:17+0000","photo","https://www.facebook.com/RepPoliquin/photos/a.400104883499359.1073741828.391924704317377/712065505636627/?type=3","391924704317377_712065505636627",NA,164,5,4
"391924704317377","Congressman Bruce Poliquin","Getting the DC office geared up for Sunday. Let’s go Pats!","2017-02-03T22:57:01+0000","photo","https://www.facebook.com/RepPoliquin/photos/a.400104883499359.1073741828.391924704317377/710583465784831/?type=3","391924704317377_710583465784831",NA,236,8,9
"391924704317377","Congressman Bruce Poliquin","Iran’s latest ballistic missile test is yet another egregious violation of UN resolutions and only more clearly proves they are continuing forward on a path to harm Americans and destroy our ally Israel. I fully support this swift action in issuing these new sanctions, firmly condemning Iran’s aggression, and holding them accountable.  Iran is the world’s leading state sponsor of terrorism and they cannot be trusted.","2017-02-03T18:01:15+0000","link","http://www.foxnews.com/politics/2017/02/03/trump-administration-imposes-new-iran-sanctions-over-missile-tests.html","391924704317377_710518915791286",NA,115,10,11
"391924704317377","Congressman Bruce Poliquin","This week, as a member of the Congressional Rural Broadband Caucus, I joined a bipartisan group of lawmakers in the House and Senate in requesting President Trump to include the development of our Nation’s broadband networks as part of his infrastructure plan. Thousands of Mainers, especially those in our rural communities, are burdened with limited or no Internet access. As more and more essential business is done over the Internet, it’s critical we work to make sure our families throughout our State have access to reliable broadband.","2017-02-01T19:36:01+0000","link","http://poliquin.house.gov/sites/poliquin.house.gov/files/wysiwyg_uploaded/FINAL%20Broadband.pdf","391924704317377_709525212557323",NA,86,11,16
"391924704317377","Congressman Bruce Poliquin","Today, I joined my first meeting as a new member on the House Veterans’ Affairs Committee. One of my top priorities in Congress is to use the full weight of my office to help our Veterans. I’m enormously proud to be a part of this body in Congress and look forward to continuing my work on behalf of the tens of thousands of Veterans in Maine’s 2nd District. I am thrilled to begin this new role and to give our heroes in Maine a direct voice on this important committee.","2017-01-31T21:13:57+0000","photo","https://www.facebook.com/RepPoliquin/photos/a.400104883499359.1073741828.391924704317377/709025795940598/?type=3","391924704317377_709025889273922","Congressman Bruce Poliquin added 2 new photos.",267,21,26
"391924704317377","Congressman Bruce Poliquin","For generations, Maine families have been harvesting and working the flats of the intertidal zone here in Acadia National Park, and it is critical that their right to use the flats—providing for their livelihoods and businesses—is protected. I’m pleased to push forward a comprehensive solution to these harvesting issues and to provide much needed revisions to the boundary policies at Acadia to help the park, its surrounding communities and all those who come here to enjoy its beauty.","2017-01-30T23:34:44+0000","photo","https://www.facebook.com/RepPoliquin/photos/a.400104883499359.1073741828.391924704317377/708540462655798/?type=3","391924704317377_708540462655798",NA,89,4,30
"391924704317377","Congressman Bruce Poliquin","I’m honored to join the Subcommittee on Terrorism and Illicit Finance, a congressional body charged with investigating and rooting out terrorism financing around the world. Our Nation faces grave threats from terror cells worldwide, which rely on the black market to finance their operations. In my new role, I’ll continue my work to thwart these terror groups and help keep America safe.","2017-01-27T16:15:13+0000","link","https://poliquin.house.gov/media-center/press-releases/rep-poliquin-joins-subcommittee-investigate-terrorism-financing","391924704317377_706735256169652",NA,195,25,18
"391924704317377","Congressman Bruce Poliquin","During #NationalSchoolChoiceWeek, it’s important to recognize how critical education is for our kids and families. My father was a public school teacher and a coach for decades in Central Maine. I understand firsthand that education choices help our children find their passions.  In Congress, I will continue to fight so that our parents, local school boards, and teachers decide how to run our classrooms—not bureaucrats in Washington.","2017-01-25T19:13:24+0000","photo","https://www.facebook.com/RepPoliquin/photos/a.400104883499359.1073741828.391924704317377/705831796259998/?type=3","391924704317377_705831796259998",NA,110,17,13
"391924704317377","Congressman Bruce Poliquin","It’s an honor to serve our families in Maine. Thank you for liking my page so I can continue to engage with you about my work in Congress on your behalf.","2017-01-24T18:41:56+0000","photo","https://www.facebook.com/RepPoliquin/photos/a.400104883499359.1073741828.391924704317377/705179476325230/?type=3","391924704317377_705179476325230",NA,164,18,3
"391924704317377","Congressman Bruce Poliquin","Please everyone stay safe this week as severe winter weather moves in across Maine.  For updates on weather developments and other resources, visit the Maine Emergency Management Agency website below.  If you do experience a power outage in your home or neighborhood, you can report outages to the Central Maine Power Company or Emera Maine at these websites: • http://www.cmpco.com/outages/outageinformation.html • http://www.emeramaine.com/outages-and-restoration/outage-report-form/","2017-01-24T16:02:16+0000","link","http://www.maine.gov/mema/","391924704317377_705126469663864",NA,49,5,7
"391924704317377","Congressman Bruce Poliquin","Today, I applaud the President’s swift action in officially withdrawing the U.S. from the TPP, something that many Mainers agree with. As I have said time and time again, this massive and secretive trade deal is bad for Maine workers.  This is not a Democratic issue or a Republican issue. This is about jobs. This is about Maine jobs. I will continue to push for fair trade for Maine.","2017-01-23T18:30:45+0000","link","http://www.foxnews.com/politics/2017/01/23/trump-signs-executive-order-withdrawing-us-from-tpp-trade-deal.html","391924704317377_704665626376615",NA,496,31,46
"391924704317377","Congressman Bruce Poliquin","From DC to Maine, say it loud: Let's go Patriots!  The Madawaska High School band did a spectacular job representing our State this week in the Inauguration Parade. Hats off to everyone for a job well done!","2017-01-22T18:24:47+0000","video","https://www.facebook.com/RepPoliquin/videos/704077373102107/","391924704317377_704077373102107",NA,170,8,25
"391924704317377","Congressman Bruce Poliquin","Today we witnessed the uniquely American tradition of a peaceful transfer of power that is orchestrated through the will of the American People by a democratic process that defines our great Nation. We are truly a shining city on a hill and a lasting example for the world. Now let's get back to work.","2017-01-20T20:27:11+0000","status",NA,"391924704317377_702981409878370",NA,231,16,10
"391924704317377","Congressman Bruce Poliquin","My office is excited to provide more than 150 tickets for tomorrow’s Inauguration Ceremony to 2nd District Mainers who made the trip to D.C. — from Eastport to Bethel. If you’re in town for the ceremony, please visit us at 1208 Longworth House Office Building today for some ice-cold Moxie! Give us a call at 202-225-6306 if you need any help with directions.","2017-01-19T18:26:06+0000","photo","https://www.facebook.com/RepPoliquin/photos/a.400104883499359.1073741828.391924704317377/702526323257212/?type=3","391924704317377_702526323257212",NA,127,15,15
"391924704317377","Congressman Bruce Poliquin","What an incredible pleasure it was to host the Madawaska High School band in my Washington, D.C. office this afternoon, as they get ready to perform in our nation’s capital and in the official Inauguration Parade during this week’s festivities. I’m so proud of your hard work and talents that got you here—after a two-day, 850 mile trip! Well done!","2017-01-18T22:04:57+0000","photo","https://www.facebook.com/RepPoliquin/photos/a.400104883499359.1073741828.391924704317377/702127136630464/?type=3","391924704317377_702133679963143","Congressman Bruce Poliquin added 4 new photos.",469,36,182
"391924704317377","Congressman Bruce Poliquin","Today, I was thrilled to stop by Saint Joseph's College of Maine to commemorate the school being awarded a $1.5 million grant from the Harold Alfond Foundation that will provide strong support for their nursing program.  I have enormous respect for the incredible work of our nurses in Maine and across our Nation. My mother served as a nurse in Central Maine for decades and I grew up watching her selfless devotion to the care of her patients. I am incredibly proud this grant will go to serve countless more dedicated individuals like my mom to pursue their careers in this noble and essential profession.  Saint Joe’s holds a special place in my heart after my years of coaching the Monks on the baseball diamond. I am thrilled this important support is going to an institution so worthy and eager to make a difference for all.","2017-01-17T23:59:48+0000","photo","https://www.facebook.com/RepPoliquin/photos/a.400104883499359.1073741828.391924704317377/701699406673237/?type=3","391924704317377_701699550006556","Congressman Bruce Poliquin added 2 new photos.",111,6,9
"391924704317377","Congressman Bruce Poliquin","This past week, I was tremendously proud and excited to join the House Veterans Affairs Committee, the body in Congress charged with improving care and services for our Veterans.  I am looking forward to serving as an instrumental force on behalf of our more than 60,000 Veterans in Maine’s 2nd District. Maine Veterans now have a direct seat at the table in Congress on some of the biggest issues facing them and their services at the VA. I am thrilled to continue to work on their behalf and to now use my direct role on this committee to hold the VA accountable and to make sure our Nation fulfills our promises to them.","2017-01-17T17:32:26+0000","link","https://poliquin.house.gov/media-center/press-releases/rep-poliquin-joins-house-veterans-affairs-committee","391924704317377_701547970021714",NA,224,25,27
"391924704317377","Congressman Bruce Poliquin","Tens of thousands of Mainers right now are suffocating under the spiking ObamaCare monthly premiums, co-pays, and deductibles while other health insurance options continue to shrink—and it’s getting worse. The Affordable Care Act is unaffordable. We must address this crisis.  This week, the House is taking the first step in repealing ObamaCare and replacing it with a plan that will eliminate job-killing taxes and regulations, such as the medical device tax, while retaining sensible provisions like coverage for pre-existing health conditions and keeping those 26-years-old or younger on their parents’ plans.  The American People put us in Congress to provide them with relief from this rapidly failing ObamaCare law. That is exactly what we are going to do.","2017-01-12T15:21:46+0000","link","https://poliquin.house.gov/media-center/press-releases/rep-poliquin-vote-health-insurance-relief-thousands-maine-families","391924704317377_698959550280556",NA,257,90,63
"391924704317377","Congressman Bruce Poliquin","Tonight, the House acted to help protect internet broadband access for families and communities in underserved areas. The Small Business Broadband Deployment Act, which passed with unanimous and bipartisan support this evening, will provide relief for small internet service providers from unnecessary and burdensome procedures from federal regulators.","2017-01-11T00:55:54+0000","link","https://morningconsult.com/2017/01/10/house-passes-bills-small-isp-exemption-data-efficiency/","391924704317377_698139437029234",NA,43,3,5
"391924704317377","Congressman Bruce Poliquin","Tonight, I am putting a blue light in my office window in Washington to recognize #NationalLawEnforcementAppreciationDay and to honor all of the officers across our Nation that protect our communities every day.  It is hard knowing that right now a massive manhunt is taking place in Orlando for the shooter of an officer who died earlier today. My thoughts and prayers go out to the family of the fallen officer, Sergeant Debra Clayton, and for the law enforcement who are—at this very minute—searching for the suspect. We are all praying for his quick arrest and for everyone to stay safe.","2017-01-10T00:22:23+0000","photo","https://www.facebook.com/RepPoliquin/photos/a.400104883499359.1073741828.391924704317377/697652360411275/?type=3","391924704317377_697652360411275",NA,166,6,14
"391924704317377","Congressman Bruce Poliquin","Every single day, we should stand up and show support for our police officers in Maine and across our nation. Today, on #NationalLawEnforcementAppreciationDay, we recognize their sacrifice and applaud their commitment to serving and protecting our families and communities.  Thank you to the thousands of officers in Maine for your great work on behalf of our citizens. I will always have your back.","2017-01-09T18:12:43+0000","photo","https://www.facebook.com/RepPoliquin/photos/a.400104883499359.1073741828.391924704317377/697507577092420/?type=3","391924704317377_697507577092420",NA,138,3,16
"391924704317377","Congressman Bruce Poliquin","Members of Congress and other public servants should be held to the highest standard. The American People sent us to Washington to work for them, not the other way around.  That's why I became a cosponsor of the TRUST Act. This bill will strip all taxpayer-funded portions of pensions for Members of Congress who are convicted of a felony, something that is just common sense.  From day one in office, I chose not to accept the congressional health care benefits and Thrift Savings that cost our taxpayers. Members of Congress exist to serve the people, and they should never betray that trust.","2017-01-06T20:48:13+0000","status",NA,"391924704317377_696086243901220",NA,159,26,27
"391924704317377","Congressman Bruce Poliquin","Our Nation stands strong with our ally, Israel.  Tonight, a bipartisan and overwhelming majority in the House passed a measure condemning the UN’s anti-Israel resolution that they pushed through in December. While the UN undermined Israel, the Obama Administration refused to veto the action, abandoning one of our closest allies. This was unacceptable.  I will always stand with the people of Israel, our close ally, and will help work toward peace in the region.","2017-01-06T01:17:59+0000","link","https://poliquin.house.gov/media-center/press-releases/rep-poliquin-condemns-obama-administration-s-failure-veto-anti-israel-un","391924704317377_695634633946381",NA,209,23,30
"391924704317377","Congressman Bruce Poliquin","#BathBuiltBestBuilt  The men and women of Bath Iron Works are the best shipbuilders in the world, whose hard work keeps our Nation’s fleets strong across the globe. It was a great privilege to attend the christening of the USS Rafael Peralta in October 2015, named in honor of the late Marine Corps sergeant who was killed in action in Iraq. This awesome ship will carry his spirit forever.","2017-01-05T19:23:39+0000","link","http://bangordailynews.com/2017/01/04/news/midcoast/maine-shipyard-prepares-to-deliver-1-5-billion-destroyer-to-navy/","391924704317377_695509583958886",NA,144,3,26
"391924704317377","Congressman Bruce Poliquin","I was honored to join in reading our #Constitution on the House Floor today.  As a Member of Congress, one of my most solemn obligations is to support and defend our Constitution, the cornerstone and safeguard of our republic.","2017-01-05T15:51:37+0000","link","https://www.c-span.org/video/?c4641597","391924704317377_695408183969026",NA,176,10,16
"391924704317377","Congressman Bruce Poliquin","In the Obama Administration’s remaining days in office, they have hastily jammed through as many last-minute regulations as possible, without any approval from Congress or the American People. This evening, the House passed the Midnight Rules Relief Act, a bill that will help protect our small businesses and other job creators in Maine from these disastrous eleventh-hour rules. It’s past time we remove the power from bureaucrats and restore it to local communities and elected officials.","2017-01-04T23:04:50+0000","status",NA,"391924704317377_694988970677614",NA,168,11,19
"391924704317377","Congressman Bruce Poliquin","I am humbled to begin my second term in office serving on behalf of the hardworking families, small businesses and communities of Maine’s 2nd District. There is so much work to be done for our State and for our Nation, and I’m ready to get right back to it.  In the next two years, I look forward to working closely with my Republican and Democratic colleagues in the House and Senate, with the White House, and with the members of the new administration to solve some of the biggest challenges facing our Nation, like protecting and growing jobs, ensuring our Veterans are provided the services they were promised, and securing our seniors’ hard-earned Medicare and Social Security benefits.","2017-01-04T16:27:39+0000","photo","https://www.facebook.com/RepPoliquin/photos/a.400104883499359.1073741828.391924704317377/694827560693755/?type=3","391924704317377_694827560693755",NA,238,22,29
"391924704317377","Congressman Bruce Poliquin","Yesterday, I voted against a proposal that would have made unilateral adjustments to the Office of Congressional Ethics (OCE), an independent body that is designed to be a watchdog over Members of Congress.  While there should be important reforms made to the OCE that both Republicans and Democrats agree on, such as ensuring due process, I opposed this proposal because I believe it's important that these kinds of changes to the ethics office be made in a bipartisan effort and after robust debate and discussion from both parties. In addition, the American People have spoken overwhelmingly in the last election in sending us here to fix the real problems facing our Nation. This is not their priority.","2017-01-03T23:27:54+0000","link","https://poliquin.house.gov/media-center/press-releases/rep-poliquin-opposes-proposed-changes-office-congressional-ethics","391924704317377_694355367407641",NA,199,23,28
