"from_id","from_name","message","created_time","type","link","id","story","likes_count","comments_count","shares_count"
"173753129419169","Representative Marcy Kaptur","The stakes could not be higher for the American people. Health care is about life and death and this Senate #TrumpCare bill is anti-life!    Americans should rise up from coast to coast to oppose this bill.","2017-06-23T21:05:00+0000","video","https://www.facebook.com/RepresentativeMarcyKaptur/videos/1209012045893267/","173753129419169_1209012045893267",NA,153,29,54
"173753129419169","Representative Marcy Kaptur","Medicaid provides critical care for those in Ohio and across the U.S. who are suffering from opioid addiction, a crisis in our time.   We must protect it.","2017-06-22T12:45:00+0000","link","http://abcnews.go.com/Health/wireStory/gops-health-care-rollback-collides-opioid-epidemic-48158216","173753129419169_1207094182751720",NA,37,8,10
"173753129419169","Representative Marcy Kaptur","The Trump Administration can’t explain why we have waited since February for a report that cost taxpayers $6 million. We should be aggressively pursuing action to prevent the spread of the Asian carp to the Great Lakes, yet the roadmap to getting there is sitting on a shelf somewhere in the Army Corps of Engineers.   Thank you to Senator Debbie Stabenow for leading with us in this bipartisan effort to force the release of the Brandon Road Study once and for all, so that we can all move forward with protecting our Great Lakes.  Learn more about the bipartisan effort in the House and Senate here: https://kaptur.house.gov/media-center/press-releases/kaptur-stabenow-introduce-bipartisan-bicameral-legislation-demanding","2017-06-21T20:11:38+0000","video","https://www.facebook.com/RepresentativeMarcyKaptur/videos/1207049976089474/","173753129419169_1207049976089474",NA,130,13,53
"173753129419169","Representative Marcy Kaptur","LIVE NOW: Talking with Public Citizen about my bill to reform Wall Street, break up the big banks and #RestoreGlassSteagall.","2017-06-20T19:50:58+0000","video","https://www.facebook.com/publiccitizen/videos/10154477060296651/","173753129419169_1206437889484016","Representative Marcy Kaptur shared Public Citizen's live video.",47,4,0
"173753129419169","Representative Marcy Kaptur","‪Medicaid is a lifeline for families like Justin’s.   Let’s protect this valuable program, not cut it to pay for tax breaks for millionaires and billionaires.","2017-06-19T21:20:51+0000","link","http://www.huffingtonpost.com/entry/medicaid-cuts-disabilities_us_5941d2ade4b003d5948d133f?ncid=engmodushpmg00000004","173753129419169_1205224886271983",NA,41,2,14
"173753129419169","Representative Marcy Kaptur","Investing in energy innovation is key to creating good jobs. Programs like ARPA-E should be celebrated not slashed.","2017-06-19T12:54:00+0000","link","https://www.washingtonpost.com/news/energy-environment/wp/2017/06/13/trump-wants-to-cut-this-energy-innovation-program-scientists-just-found-that-its-working/?tid=sm_tw&utm_term=.c1acccec64f9","173753129419169_1201274560000349",NA,32,7,19
"173753129419169","Representative Marcy Kaptur","This harmful #TrumpCare bill will cut 12,700 Ohio jobs by 2018 and 81,000 by 2022!   Let's scrap this bill, start over and work on a bipartisan solution.","2017-06-18T13:54:00+0000","link","http://www.epi.org/publication/how-many-jobs-could-the-ahca-cost-your-state/","173753129419169_1201272746667197",NA,49,23,65
"173753129419169","Representative Marcy Kaptur","Yesterday, U.S. EPA Administrator Scott Pruitt accepted my invitation to come to Northern Ohio and see the challenges facing our Great Lakes first-hand. There is no time to waste Mr. Pruitt, the Great Lakes need our help.","2017-06-16T21:05:00+0000","video","https://www.facebook.com/RepresentativeMarcyKaptur/videos/1202823666512105/","173753129419169_1202823666512105",NA,126,9,20
"173753129419169","Representative Marcy Kaptur","The men and women of the 180th Fighter Wing in Northwest Ohio deserve state of the art facilities so that they can defend our Homeland.   NORAD is a critical line of defense for our Nation, and this investment in the 180th will help ensure efficiency and stability so our troops can support NORAD’s mission. I will always work together, in a bipartisan way to make sure Congress continues to deliver on these critical investments in military bases both here and abroad.","2017-06-16T15:45:00+0000","link","https://kaptur.house.gov/media-center/press-releases/kaptur-announces-15-million-construction-180th-fighter-wing","173753129419169_1202752779852527",NA,100,1,13
"173753129419169","Representative Marcy Kaptur","A big Toledo welcome to Cleveland-based Cliffs Natural Resources as it embarks on new corporate investment to serve the American steelmaking market.   When we set about to bring the Ironville site to economic reuse, we were driven by the potential for jobs in East Toledo. The confluence of a job ready site and Toledo’s excellent distribution and transportation network helped to put the Toledo Port site over the top, attracting major investment and the jobs that will come with it.  The 1,200 new constructions jobs, 130 permanent jobs and $700 million investment will be a big boost for the Glass City.","2017-06-15T11:15:00+0000","link","https://kaptur.house.gov/media-center/press-releases/kaptur-welcomes-cliffs-port-toledo","173753129419169_1201731463287992",NA,108,2,19
"173753129419169","Representative Marcy Kaptur","My thoughts and prayers are with Congressman Scalise and the staff who were injured during today’s tragic act of violence.   Thank you to the brave first responders and may the angels of mercy heal our wounded colleagues‎, their staff and others who were harmed. Let the power of civil order and peace, not violence, rise across our Nation.","2017-06-14T14:34:13+0000","link","http://abcnews.go.com/US/police-respond-shooting-virginia-park/story?id=48027277","173753129419169_1200967560031049",NA,115,12,7
"173753129419169","Representative Marcy Kaptur","30 years ago today, the United States led the world during a pivotal moment in history. Our great nation stood squarely on the side of liberty. America's 45th President should take heed. #OTD #teardownthiswall","2017-06-12T21:05:00+0000","link","http://www.politico.com/story/2017/06/11/reagan-challenges-gorbachev-to-tear-down-berlin-wall-june-12-1987-239376","173753129419169_1199371660190639",NA,78,8,7
"173753129419169","Representative Marcy Kaptur","WATCH: Will be on with Cheddar at 12:30 PM to discuss my bipartisan bill to rein in big banks and #RestoreGlassSteagall.  (Kaptur segment at 30:45 mark)","2017-06-12T15:37:25+0000","video","https://www.facebook.com/cheddar/videos/1881825988804797/","173753129419169_1199285836865888","Representative Marcy Kaptur shared Cheddar's live video.",14,1,0
"173753129419169","Representative Marcy Kaptur","For more than 100 years, the Antiquities Act preserved our natural and historic wonders. We must continue this commitment. #MonumentsForAll   Photos of Perry's Victory and International Peace Memorial via Ohio Sea Grant.","2017-06-10T15:30:00+0000","photo","https://www.facebook.com/RepresentativeMarcyKaptur/photos/a.487684714692674.1073741827.173753129419169/1196892393771899/?type=3","173753129419169_1196892663771872","Representative Marcy Kaptur added 2 new photos.",45,1,4
"173753129419169","Representative Marcy Kaptur","I urge President Donald J. Trump, to take a wide view of infrastructure. Let's work on a bipartisan bill that creates jobs and invests in foundational assets, such as drinking water systems, the national electric grid, or efficiency in homes and buildings, in addtion to roads, our seaports and waterways, bridges, and rail investments.","2017-06-09T13:15:00+0000","video","https://www.facebook.com/RepresentativeMarcyKaptur/videos/1196017380526067/","173753129419169_1196017380526067",NA,81,8,11
"173753129419169","Representative Marcy Kaptur","The recent move by Anthem to leave the health care exchange could cause real harm to the people of Ohio. Congress should be working together to build on the Affordable Care Act and address issues, but sadly President Trump and Republicans in Congress are intent on pushing their harmful #TrumpCare bill that doesn’t fix the issues Americans are facing every day. Ohio isn’t the only state experiencing challenges, so we should we work in a bipartisan way to make sure all Americans can get quality, affordable insurance.  If you need help navigating the health insurance marketplace to look for a new plan in 2018, you may visit https://www.healthcare.gov/ or contact the Ohio Association of Foodbanks, which is Ohio’s Health Insurance Marketplace Navigator and can help with marketplace insurance questions and direct you to navigators in your community. You may visit the website at http://www.ohiofoodbanks.org or call 1-800-648-1176 for help.","2017-06-08T14:45:00+0000","link","https://www.healthcare.gov/","173753129419169_1195844077210064",NA,18,5,9
"173753129419169","Representative Marcy Kaptur","As President Trump visits Ohio and urges action on infrastructure, Ohio's Democratic House Delegation stands united to think big and work together to take a wide view on investing in America.   We should invest in traditional avenues such as roads, bridges and waterways, but also our National Parks, the electric grid, local water systems, as well as weatherization and energy efficiency for middle-class Americans’ homes.   Read our letter to President Donald J. Trump here: https://kaptur.house.gov/media-center/press-releases/kaptur-leads-ohio-members-letter-trump-infrastructure","2017-06-07T18:00:00+0000","link","https://kaptur.house.gov/media-center/press-releases/kaptur-leads-ohio-members-letter-trump-infrastructure","173753129419169_1195204960607309",NA,68,5,7
"173753129419169","Representative Marcy Kaptur","LIVE NOW: Testifying with Rep. Walter Jones​ to urge Congress to vote on our bipartisan bill that breaks up the big banks and reins in Wall Street.   More on our effort to protect consumers and #RestoreGlassSteagall: https://kaptur.house.gov/media-center/press-releases/kaptur-jones-introduce-bipartisan-amendment-break-big-banks-and-rein","2017-06-06T22:34:32+0000","video","https://www.facebook.com/RepresentativeMarcyKaptur/videos/1194450580682747/","173753129419169_1194450580682747","Representative Marcy Kaptur was live — at United States House of Representatives.",76,16,40
"173753129419169","Representative Marcy Kaptur","A special thank you to Doris Hedler who is 98 years young, and who came to our town hall in Toledo and made her voice heard.","2017-06-04T14:05:53+0000","photo","https://www.facebook.com/RepresentativeMarcyKaptur/photos/a.487684714692674.1073741827.173753129419169/1190759144385224/?type=3","173753129419169_1190759144385224",NA,129,5,2
"173753129419169","Representative Marcy Kaptur","Let’s continue to protect and care for our natural parks and trails so everyone can enjoy our national wonders.   Happy #NationalTrailsDay!","2017-06-03T15:05:06+0000","photo","https://www.facebook.com/RepresentativeMarcyKaptur/photos/a.487684714692674.1073741827.173753129419169/1190757614385377/?type=3","173753129419169_1190757614385377",NA,30,1,0
"173753129419169","Representative Marcy Kaptur","President Trump's withdrawal from the Paris Agreement takes us backward on clean energy and clean air.   We must not shy away from working together on the international stage to care for our environment and create good jobs in the process.","2017-06-02T19:46:47+0000","link","https://www.nytimes.com/2017/06/01/climate/trump-paris-climate-agreement.html?_r=0","173753129419169_1190849004376238",NA,31,14,3
"173753129419169","Representative Marcy Kaptur","LIVE NOW: Join us at our town hall in Sandusky.","2017-05-31T22:47:24+0000","video","https://www.facebook.com/RepresentativeMarcyKaptur/videos/1189381331189672/","173753129419169_1189381331189672","Representative Marcy Kaptur was live — at UAW Local 913.",62,27,17
"173753129419169","Representative Marcy Kaptur","LIVE NOW: Join us at our listening session and town hall event in Toledo.","2017-05-30T22:30:52+0000","video","https://www.facebook.com/RepresentativeMarcyKaptur/videos/1188507437943728/","173753129419169_1188507437943728","Representative Marcy Kaptur was live — at Old Orchard Elementary School.",88,46,20
"173753129419169","Representative Marcy Kaptur","CORRECTION: An earlier post had a graphic with the incorrect date for the Sandusky Listening Session and town hall event. The below information is correct.   Join us on Wednesday, May 31, in Sandusky for a discussion and listening session with residents of Ohio’s Ninth District.  When: May 31, 2017, 6:30 PM - 8:00 PM Where: UAW Local 913, 3114 Hayes Ave., Sandusky, Ohio  Topics will likely include health care, jobs, education, the environment, our Great Lakes, infrastructure, protecting Social Security and Medicare and many other issues important to families in northern Ohio.","2017-05-30T21:11:06+0000","status",NA,"173753129419169_1188454977948974","Representative Marcy Kaptur was in Sandusky, Ohio.",19,1,4
"173753129419169","Representative Marcy Kaptur","On #MemorialDay, in communities across Ohio, we come together to honor those brave soldiers who sacrificed for our great Nation.","2017-05-29T16:45:00+0000","photo","https://www.facebook.com/RepresentativeMarcyKaptur/photos/a.487684714692674.1073741827.173753129419169/1187154131412392/?type=3","173753129419169_1187155181412287","Representative Marcy Kaptur added 5 new photos.",76,1,0
"173753129419169","Representative Marcy Kaptur","Join us on Tuesday, May 30 in Toledo for a discussion and listening session with residents of Ohio’s Ninth District.   Topics will likely include health care, jobs, education, the environment, our Great Lakes, infrastructure, protecting Social Security and Medicare and many other issues important to families in northern Ohio.","2017-05-28T21:05:00+0000","photo","https://www.facebook.com/RepresentativeMarcyKaptur/photos/a.487684714692674.1073741827.173753129419169/1184516448342827/?type=3","173753129419169_1184516448342827","Representative Marcy Kaptur in Toledo, Ohio.",32,1,25
"173753129419169","Representative Marcy Kaptur","Trade deficits translate into lost jobs and lower wages for our workers. We must stop these trade practices that snuff out our jobs and hurt our communities.   My bill, the Balancing Trade Act, requires an actual U.S. policy that takes our trade deficit seriously. I urge President Trump to support this measure as a reasonable step forward. Let us seek trade solutions that lift up workers on all sides of our border.  Learn more: https://kaptur.house.gov/media-center/press-releases/kaptur-introduces-balancing-trade-act-calls-trade-policy-puts-jobs-first","2017-05-28T14:30:00+0000","photo","https://www.facebook.com/RepresentativeMarcyKaptur/photos/a.487684714692674.1073741827.173753129419169/1184369618357510/?type=3","173753129419169_1184369618357510",NA,33,2,5
"173753129419169","Representative Marcy Kaptur","We owe our deepest gratitude to those who sacrificed everything for our liberty.   Let's honor these brave men and women this #MemorialDay‬.  (Photo taken at Toledo Memorial Day ceremony)","2017-05-27T18:47:52+0000","photo","https://www.facebook.com/RepresentativeMarcyKaptur/photos/a.487684714692674.1073741827.173753129419169/1185479304913208/?type=3","173753129419169_1185479304913208","Representative Marcy Kaptur in Toledo, Ohio.",76,2,3
"173753129419169","Representative Marcy Kaptur","This week we took our fight for steelworkers to the U.S. Department of Commerce, which held a public hearing on steel imports and illegal dumping of steel which has devastated steel-making communities like Lorain, Ohio.  Imports are flooding into the U.S. marketplace, even coming through places like the Port of Cleveland. We cannot slow-walk to a national response that cedes the future to a rigged, predatory set of practices by other nations that win market share by violating the rules.  I urge this Administration to expedite this investigation into steel dumping and work as quickly as possible. I can guarantee you, the lives of Americans are at risk and Ohio steelworkers and businesses simply do not have much time.","2017-05-26T15:45:00+0000","link","https://kaptur.house.gov/media-center/press-releases/kaptur-testifies-us-commerce-hearing-steel-imports-and-harmful-illegal","173753129419169_1184317918362680",NA,85,2,13
"173753129419169","Representative Marcy Kaptur","Even though I am a Toledo Mud Hens fan, I had to stop and say hello to George!","2017-05-25T16:59:31+0000","photo","https://www.facebook.com/RepresentativeMarcyKaptur/photos/a.487684714692674.1073741827.173753129419169/1183572375103901/?type=3","173753129419169_1183572375103901","Representative Marcy Kaptur at Rayburn House Office Building.",120,4,1
"173753129419169","Representative Marcy Kaptur","The first rule of medicine is ‘do no harm’, well the jury is in, and this nonpartisan analysis confirms our worst fears regarding the House approved TrumpCare bill. It rips away health care from 23 million Americans so the millionaires and billionaires can get a tax cut.   In Ohio, there are nearly one million people that have insurance today thanks to the Affordable Care Act. The President and House Republicans owe them an explanation. Why are they ripping away their insurance, undermining the covenant of Medicare and gutting consumer protections such as covering preexisting conditions?","2017-05-24T23:20:00+0000","link","https://nyti.ms/2rVNPqx","173753129419169_1182894681838337",NA,31,17,32
"173753129419169","Representative Marcy Kaptur","I would encourage every family in Ohio with an elderly parent, an indebted graduate or a trusting toddler to look at President Trump's budget and decide if it matches the promises they heard.","2017-05-24T15:55:00+0000","video","https://www.facebook.com/RepresentativeMarcyKaptur/videos/1182434365217702/","173753129419169_1182434365217702",NA,288,30,241
"173753129419169","Representative Marcy Kaptur","Ohio’s schools are yet another victim in this cruel #TrumpCare bill.  Share this post and be heard.","2017-05-23T22:25:00+0000","link","http://www.cleveland.com/metro/index.ssf/2017/05/ohio_schools_could_lose_tens_o.html","173753129419169_1176695719124900",NA,20,5,48
"173753129419169","Representative Marcy Kaptur","From zeroing out programs that protect our Great Lakes to slashing health care to undermining Social Security, the President’s team seems intent on cutting the budget on the backs of working people in our Nation’s heartland.  We’ve seen this supply side economic shell game before, and it ends with a massive tax cut for the wealthiest Americans while leaving behind those living paycheck to paycheck.    Congress will have its say, and I will fight for our people who depend on us to help give them a leg up.","2017-05-23T17:32:18+0000","link","http://www.cleveland.com/nation/index.ssf/2017/05/new_trump_budget_contains_some.html","173753129419169_1181652895295849",NA,59,16,63
"173753129419169","Representative Marcy Kaptur","Ohio knows from experience that any new trade deals should favor workers, not big corporations.","2017-05-22T13:35:00+0000","link","http://wksu.org/post/ohio-democrats-say-details-will-matter-when-it-comes-rengotiating-nafta#stream/0","173753129419169_1176702805790858",NA,55,4,4
"173753129419169","Representative Marcy Kaptur","There is a bipartisan consensus in Ohio that we should work together to fight the opioid crisis crippling our Nation.","2017-05-21T14:15:00+0000","link","http://www.cleveland.com/metro/index.ssf/2017/05/sen_portman_and_brown_introduc.html","173753129419169_1176673509127121",NA,32,4,4
"173753129419169","Representative Marcy Kaptur","Disappointed with yet another flip-flop from President Trump and his Goldman Sachs team. We need a banking system that works for Main Street, not just wealthy investors.   Share this post if you agree we should keep fighting in a bipartisan way to #RestoreGlassSteagall!","2017-05-20T16:05:00+0000","link","http://www.businessinsider.com/trump-mnuchin-glass-steagall-wall-street-bank-regulation-2017-5","173753129419169_1176678709126601",NA,50,6,16
"173753129419169","Representative Marcy Kaptur","I encourage President Trump and his team to think beyond roads and bridges on infrastructure. Let’s invest in clean water and a modern electric grid. Let's lift America up!","2017-05-19T21:43:38+0000","link","https://www.c-span.org/video/?c4670365%2Fkaptur-joins-blue-collar-caucus-talk-infrastructure","173753129419169_1176680209126451",NA,200,11,20
"173753129419169","Representative Marcy Kaptur","LIVE NOW: Joining with House Democrats to discuss President Trump's intention to renegotiate NAFTA. Bottom line, we need a continental compact that raises wages and helps workers on both sides of the border.  (Kaptur speaks at 16:59 mark)","2017-05-18T16:35:20+0000","video","https://www.facebook.com/CongresswomanRosaDeLauro/videos/1374887019215848/","173753129419169_1175435999250872","Representative Marcy Kaptur shared Rosa DeLauro's live video.",19,8,0
"173753129419169","Representative Marcy Kaptur","Mr. President, your trade team is in place. There are no more excuses and now we must act.   Let’s work together to fix these bad trade deals. Steelworkers in Lorain, Ohio, and workers across America have faced job losses because of an unfair global trade system, they need our help.","2017-05-17T13:37:11+0000","link","http://www.reuters.com/article/us-usa-trade-lighthizer-idUSKCN18B2I0","173753129419169_1174509459343526",NA,26,4,2
"173753129419169","Representative Marcy Kaptur","A good argument for why we need more resources to fight the opioid epidemic, not less. President Trump's proposed cuts are just wrong.","2017-05-15T13:05:00+0000","link","https://www.washingtonpost.com/news/wonk/wp/2017/05/08/i-worked-with-the-drug-policy-office-trump-wants-to-gut-heres-why-it-matters-for-the-opioid-epidemic/?tid=sm_tw&utm_term=.32d068b9c9a4","173753129419169_1169444513183354",NA,40,9,14
"173753129419169","Representative Marcy Kaptur","The foundational support of a mother is life's longest lasting gift. To all hardworking, dedicated, loving mothers – Happy Mother’s Day!","2017-05-14T14:51:47+0000","photo","https://www.facebook.com/RepresentativeMarcyKaptur/photos/a.650214291773048.1073741835.173753129419169/1171918002936005/?type=3","173753129419169_1171921082935697","Representative Marcy Kaptur added 2 new photos — in Toledo, Ohio.",181,11,5
"173753129419169","Representative Marcy Kaptur","LIVE: Join us for opening remarks at the Meet the Author event with award-winning historian Dr. Timothy Snyder at the Beachwood Branch of Cuyahoga County Library. #OnTyranny","2017-05-11T23:10:57+0000","video","https://www.facebook.com/RepresentativeMarcyKaptur/videos/1169502809844191/","173753129419169_1169502809844191","Representative Marcy Kaptur was live — at Beachwood Branch of Cuyahoga County Public Library.",35,11,8
"173753129419169","Representative Marcy Kaptur","Thank you for sharing! I need to brush up on my billiards, but a good reason to practice and come back for a rematch.","2017-05-11T21:21:55+0000","photo","https://www.facebook.com/CityofParmaOhio/photos/a.10151527496413800.1073741886.351166823799/10154876265093800/?type=3","173753129419169_1169442286516910","Representative Marcy Kaptur shared City of Parma's post.",31,1,0
"173753129419169","Representative Marcy Kaptur","Pensions are deferred income and retirees are owed these earned benefits. My bill with Senator Bernie Sanders ensures that we do right by our people.   I will fight every day to defend retirees. No matter where retirees draw their retirement, whether it is a pension, a 401k or Social Security, Americans deserve financial stability and security in their older years.   I thank the cosponsors of the Keep Our Pension Promises Act (KOPPA) in the House and Senate and I urge the rest of my colleagues to come to the table and support this bill.","2017-05-09T18:30:50+0000","link","https://kaptur.house.gov/media-center/press-releases/sanders-kaptur-announces-bill-restore-retirement-security-10-million","173753129419169_1167470116714127",NA,534,27,174
"173753129419169","Representative Marcy Kaptur","The middle class and working families throughout Ohio took a chance on Donald Trump. So now, where is America on trade now that we are more than 100 days into Trump’s Presidency?   Read my op-ed in The Hill.","2017-05-08T15:15:00+0000","link","http://thehill.com/blogs/congress-blog/economy-budget/330993-trump-talks-big-on-trade-but-workers-need-action","173753129419169_1163968893730916",NA,48,4,7
"173753129419169","Representative Marcy Kaptur","In April, I had the honor to travel with a bipartisan Congressional Delegation to Germany, Poland and Italy. The delegation visited U.S. Department of Defense equities, and we engaged with military leaders. We met the men and women serving our nation to discuss the challenges they face and how Congress can better support service members and families.  It is incumbent the U.S. does not leave any doubt in the minds of our friends, or foes, as to our nation’s firm commitment to defending liberty and upholding our historic alliance with Europe.","2017-05-05T21:15:00+0000","link","https://medium.com/@RepMarcyKaptur/a-firm-commitment-to-defending-liberty-1c07b6294ede","173753129419169_1163965463731259",NA,57,4,6
"173753129419169","Representative Marcy Kaptur","LIVE NOW: #TrumpCare part two is just like part one, a bad bill. It is shameful that Republican leaders in Congress are ramming through this bill before the American people, or Congress, can even read it. Americans deserve better from the People's House.","2017-05-04T15:43:36+0000","video","https://www.facebook.com/RepresentativeMarcyKaptur/videos/1162923603835445/","173753129419169_1162923603835445","Representative Marcy Kaptur was live.",365,121,168
"173753129419169","Representative Marcy Kaptur","Another failure of ethics and disclosure in The White House. Sunlight is the best disinfectant, Mr. President!","2017-05-03T13:05:00+0000","link","https://www.wsj.com/articles/trump-adviser-jared-kushner-didnt-disclose-startup-stake-1493717405","173753129419169_1160934780700994",NA,81,16,31
"173753129419169","Representative Marcy Kaptur","Continued funding for the Great Lakes Restoration this year is a victory for our Great Lakes Heartland.","2017-05-02T14:26:05+0000","link","http://www.toledoblade.com/Politics/2017/05/02/Leaders-cheer-Great-Lakes-funding-survival.html","173753129419169_1160924867368652",NA,408,9,84
"173753129419169","Representative Marcy Kaptur","I'm deeply humbled that it has been 13 years since we dedicated this memorial to honor the heroes of the World War II generation. This memorial helps to ensure we never forget their sacrifices for our Nation and for liberty across the globe.","2017-05-01T13:45:00+0000","link","http://www.politico.com/story/2017/04/28/world-war-ii-monument-opens-april-29-2004-237634","173753129419169_1159293320865140",NA,111,2,8
"173753129419169","Representative Marcy Kaptur","The families and communities devastated by the tragedy of opioid addiction need relief. Empty promises and shell game budget maneuvers will not stem the tide of suffering and heartache that so many families endure as a result of the opioid crisis in America.   I urge Congress to pass the #BreakingAddiction2017 bill, led by Representative Marcia L. Fudge, because drug addiction is a crippling disease and it deserves the same level of treatment and care as other illnesses.","2017-04-30T14:45:00+0000","link","https://kaptur.house.gov/media-center/press-releases/congresswoman-marcia-l-fudge-leads-ohio-house-democrats-re-introducing","173753129419169_1157799347681204",NA,45,4,10
"173753129419169","Representative Marcy Kaptur","Through federal efforts such as the Great Lakes Restoration Initiative and other conservation and restoration investments, Americans are connecting the dots between clean water, clean land, clean air and thriving regional economies.   #ArborDay is a perfect time to refocus on caring for our environment. My bill will help do just that by putting unemployed and underemployed citizens to work on key conservation projects in Ohio and across the country.   Read more here: https://kaptur.house.gov/media-center/press-releases/kaptur-reintroduces-legislation-create-jobs-through-civilian","2017-04-28T14:06:34+0000","photo","https://www.facebook.com/RepresentativeMarcyKaptur/photos/a.487684714692674.1073741827.173753129419169/1157565907704548/?type=3","173753129419169_1157565907704548",NA,56,0,7
"173753129419169","Representative Marcy Kaptur","A well said defense of critical consumer protections by my colleagues Senator Ron Wyden and U.S. Senator Al Franken. Americans deserve an internet that is fair, not one that is controlled by major corporations. #NetNeutrality","2017-04-27T17:15:00+0000","link","https://www.washingtonpost.com/opinions/trumps-fcc-chairman-wants-to-hand-the-internet-over-to-big-corporations/2017/04/26/d77ea2b2-2aaa-11e7-b605-33413c691853_story.html?utm_term=.a27d91ae624a","173753129419169_1156812934446512",NA,48,5,16
"173753129419169","Representative Marcy Kaptur","The media reports of the planned closing of EPA’s Region 5 office in Chicago are terribly alarming. The President has already proposed cutting the Great Lakes Restoration Initiative which is a lifeline for our Great Lakes and this action would remove the deep expertise and region-specific knowledge to deal with Ohio’s unique environmental and health issues.  This is why we're leading the bipartisan charge to make sure Ohio has the resources we need to keep our air and water clean.","2017-04-26T17:15:00+0000","link","http://thehill.com/policy/energy-environment/330521-lawmakers-push-back-against-reported-plan-to-close-regional-epa","173753129419169_1155915984536207",NA,45,16,27
"173753129419169","Representative Marcy Kaptur","On #HolocaustRemembranceDay, we honor the memory of the six million Jews and countless others who were tragically murdered.   Watch my speech from February on the importance of the history of the Holocaust and the lessons we can learn in our ongoing defense of liberty.","2017-04-24T22:15:00+0000","video","https://www.youtube.com/watch?v=ULh0HNWTxtA","173753129419169_1154232601371212",NA,38,3,7
"173753129419169","Representative Marcy Kaptur","I invite everyone to join my #ReadtoSucceed challenge and help encourage and introduce kids to the magic of reading!","2017-04-23T21:35:00+0000","video","https://www.youtube.com/watch?v=9IrjAHl5ln4","173753129419169_1150307861763686",NA,15,5,2
"173753129419169","Representative Marcy Kaptur","#EarthDay is a chance to rededicate ourselves to conservation and clean energy efforts that will ensure a healthy environment.   We must work every day to pursue policies at all levels of government and business that move toward a cleaner and more secure future for our children. I commend those participating in the #MarchforScience in Toledo, Cleveland and across the country. All of us should stand up for science and renewed investment in research that will innovate and create good jobs.   Toledo event: http://www.toledoblade.com/local/2017/04/20/Local-advocates-to-mirror-global-march-for-science.html","2017-04-22T13:00:00+0000","link","http://www.cleveland.com/weather/blog/index.ssf/2017/03/march_for_science_planned_for.html","173753129419169_1151497901644682",NA,120,11,8
"173753129419169","Representative Marcy Kaptur","Though commendable, more studies on how foreign steel undercuts U.S. national security won’t help workers in Ohio and across the country. President Donald J. Trump made promises on steel and trade, and now we need action.","2017-04-20T14:48:47+0000","link","http://www.reuters.com/article/us-usa-trump-steel-idUSKBN17L32L","173753129419169_1150373025090503",NA,30,9,7
"173753129419169","Representative Marcy Kaptur","Everyone can make a difference in protecting our Great Lakes.","2017-04-19T23:33:00+0000","link","http://bit.ly/2phWYZX","173753129419169_1149636245164181",NA,163,3,36
"173753129419169","Representative Marcy Kaptur","Congrats to the winners of the 2017 NOAA Marine Debris PSA contest w/ Ohio Sea Grant & Stone Laboratory - winning videos can be viewed here: https://marinedebris.noaa.gov/outreach/communicating-clean-future-ohio-marine-debris-challenge","2017-04-19T21:37:45+0000","link","https://marinedebris.noaa.gov/outreach/communicating-clean-future-ohio-marine-debris-challenge","173753129419169_1150313605096445",NA,13,0,2
"173753129419169","Representative Marcy Kaptur","Joining the Defense/Foreign Affairs Delegation this week to reaffirm the U.S. commitment to NATO. My statement here, with updated link: http://bit.ly/2oLmIQe","2017-04-18T16:44:14+0000","link","http://bit.ly/2oLmIQe","173753129419169_1148523048608834",NA,59,3,1
"173753129419169","Representative Marcy Kaptur",NA,"2017-04-16T12:01:00+0000","photo","https://www.facebook.com/RepresentativeMarcyKaptur/photos/a.487684714692674.1073741827.173753129419169/1145132155614590/?type=3","173753129419169_1145132155614590","Representative Marcy Kaptur added a new photo.",58,5,0
"173753129419169","Representative Marcy Kaptur","I commend my Senate colleagues for working to #RestoreGlassSteagall. My bill, The Return to Prudent Banking Act has 42 cosponsors and counting.   Let’s get to work and build on this momentum for Wall Street reform!","2017-04-13T15:05:00+0000","link","https://www.bloomberg.com/news/articles/2017-04-06/riding-cohn-momentum-senators-call-for-glass-steagall-return","173753129419169_1142539905873815",NA,137,9,17
"173753129419169","Representative Marcy Kaptur","My statement with fellow Co-chairs of the bipartisan Congressional Ukraine Caucus, Rep. Andy Harris, M.D., Rep Sandy Levin and Congressman Brian Fitzpatrick:  ""We are deeply concerned with the reported question asked by Secretary of State Tillerson ‘Why should U.S. taxpayers be interested in Ukraine?’ It is abundantly clear that the U.S. has a major security interest in a free and democratic Ukraine, one not subject to Russian aggression. The statement by a State Department spokesman that the Secretary’s statement was a ‘rhetorical device’ only adds to the uncertainties about what the basic policies are of the current administration. The Secretary’s statement also seems contradictory to his earlier statements in support of sanctions against Russia. It is imperative that the United States stands shoulder to shoulder with the people of Ukraine, who have demonstrated time and again their shared values for sovereignty, human rights, and the rule of law.""   More: https://kaptur.house.gov/media-center/press-releases/ukraine-caucus-co-chairs-statement-secretary-tillerson-s-ukraine","2017-04-12T19:40:00+0000","link","https://www.bloomberg.com/politics/articles/2017-04-11/tillerson-asks-why-u-s-taxpayers-should-care-about-ukraine","173753129419169_1143430719118067",NA,43,14,25
"173753129419169","Representative Marcy Kaptur","If President Trump wants to create jobs and help workers, why would he cut job training programs?   Another sign Trump's budget cuts are bad for Ohio.","2017-04-11T16:37:00+0000","link","http://www.cleveland.com/business/index.ssf/2017/04/donald_trumps_job_training_cut_1.html#incart_2box_business","173753129419169_1142244565903349",NA,45,6,23
"173753129419169","Representative Marcy Kaptur","Everyone loves the farmers market. We must do all we can to protect programs that help seniors, no matter their income, get access to fresh fruits and vegetables. Plus it helps local farmers!","2017-04-09T14:00:00+0000","link","https://kaptur.house.gov/media-center/press-releases/kaptur-members-urge-trump-administration-fund-program-helps-seniors-get","173753129419169_1137885406339265",NA,132,7,19
"173753129419169","Representative Marcy Kaptur","May eternal rest grant unto you, Senator Glenn. You gave all that you could give, and America is forever grateful.","2017-04-06T18:35:00+0000","link","http://abcnews.go.com/Technology/wireStory/family-gathers-private-send-off-astronaut-john-glenn-46616692","173753129419169_1137738916353914",NA,295,14,26
"173753129419169","Representative Marcy Kaptur","Social Security is a foundational program for older Americans and those with disabilities. Americans deserve dignity and security in retirement and we must keep that promise to every generation, including the 2 million Ohioans who receive Social Security benefits.  Seniors haven’t received a decent COLA increase in years, but with common sense steps like those in the Social Security 2100 Act, Congress can boost this earned benefit and ensure Social Security remains strong for decades to come. #Secure2100","2017-04-05T21:40:00+0000","link","https://kaptur.house.gov/media-center/press-releases/draft-ss2100","173753129419169_1136761546451651",NA,282,24,104
"173753129419169","Representative Marcy Kaptur","The Blade is right on.   Mr. Secretary, come to Lorain.","2017-04-04T15:17:17+0000","link","http://www.toledoblade.com/Featured-Editorial-Home/2017/04/04/Toledo-Blade-featured-editorial-Come-to-Lorain-Mr-Secretary.html","173753129419169_1135575806570225",NA,91,4,8
"173753129419169","Representative Marcy Kaptur","Thanks for asking WGTE Public Media, a pleasure.   [Listen to my interview with The Rough Draft Diaries below]","2017-04-02T14:05:00+0000","link","https://soundcloud.com/roughdraftdiaries/advice-with-marcy-kaptur","173753129419169_1130954607032345",NA,65,2,8
"173753129419169","Representative Marcy Kaptur","It was wonderful to be in Toledo, Lorain and Cleveland today to launch the Read to Succeed challenge! https://kaptur.house.gov/read-succeed","2017-03-31T21:07:49+0000","photo","https://www.facebook.com/RepresentativeMarcyKaptur/photos/a.487684714692674.1073741827.173753129419169/1132130420248097/?type=3","173753129419169_1132132346914571","Representative Marcy Kaptur added 2 new photos.",158,11,5
"173753129419169","Representative Marcy Kaptur","I am inviting parents, grandparents, caring adults, and youth from across Northern Ohio to participate in a new “Read to Succeed” challenge.  “Read to Succeed” is a project I’m launching to encourage children and adults to read together. In doing so, you can help ensure our youth are prepared to read, as they discover the magic in books and prepare children for the future.   Learn more and get resources from my website here: https://kaptur.house.gov/media-center/press-releases/advisory-kaptur-launches-read-succeed-initiative-increase-early-reading","2017-03-31T13:15:00+0000","photo","https://www.facebook.com/RepresentativeMarcyKaptur/photos/a.487684714692674.1073741827.173753129419169/1131086137019192/?type=3","173753129419169_1131086137019192",NA,87,1,29
"173753129419169","Representative Marcy Kaptur","“If your livelihood depends on a healthy Lake Erie, now is the time fight for it. Hint: That’s all of us.”","2017-03-30T22:05:00+0000","link","http://www.toledoblade.com/Editorials/2017/03/30/Fight-for-the-lake.html","173753129419169_1131084243686048",NA,317,15,197
"173753129419169","Representative Marcy Kaptur","We must do all we can to fix bad trade deals and fight global market manipulations that undermine the steel industry in Lorain and across America.","2017-03-29T23:12:00+0000","link","http://finance.yahoo.com/video/american-jobs-hurt-automation-181000299.html","173753129419169_1130345777093228",NA,36,2,5
"173753129419169","Representative Marcy Kaptur","LIVE: Speaking now with representatives from the American steel industry at a hearing with the House Steel Caucus. How can we work together to get our workers, like those in Lorain, and the steel industry some much needed help?","2017-03-29T13:08:56+0000","video","https://www.facebook.com/RepresentativeMarcyKaptur/videos/1130024760458663/","173753129419169_1130024760458663","Representative Marcy Kaptur was live — at Rayburn House Office Building.",40,9,7
"173753129419169","Representative Marcy Kaptur","This is sadly another backward move from an Administration that can’t find its way to the coexistence of cleaner air and a growing, innovative energy industry. We can invest in clean energy, create good jobs and protect the environment. Northern Ohio knows the opportunity in clean energy whether it is in wind, solar, natural gas and even slashing emissions in traditional energy production. Just as the President plans to dampen innovation, Wind Technician is the fastest growing job in America.  Climate change is not an abstract issue for many Ohioans. Its impacts can be felt all along the shoreline of Lake Erie where warmer water can exacerbate problems such as harmful algal blooms. The effects of climate change are far and wide and impact our land, our water and our air – let the science be our guide, Mr. President.","2017-03-28T23:05:00+0000","link","http://www.cleveland.com/metro/index.ssf/2017/03/trump_to_undo_obama_administra_1.html","173753129419169_1129557930505346",NA,92,12,37
"173753129419169","Representative Marcy Kaptur","Joined by Senator Rob Portman and Senator Sherrod Brown, I have invited Commerce Secretary Wilbur Ross to Lorain to learn more about what is happening to the U.S. steel industry. Lorain is ground zero for how bad trade deals and currency manipulation have undercut U.S. steel companies.   These steelworkers need assistance in the short term and we need sustained action on trade policy and enforcement in the long term. China and others have long undercut the ability of American-made steel to compete in the global market. Bottom line, we need to work together to help our workers.","2017-03-27T22:20:00+0000","link","https://kaptur.house.gov/media-center/press-releases/brown-portman-kaptur-invite-commerce-secretary-lorain-see-impact-failed","173753129419169_1128693923925080",NA,100,9,15
"173753129419169","Representative Marcy Kaptur","Congrats to Cleveland Metroparks on the upcoming centennial celebration! Let's keep these parks beautiful for the next generation. #est1917","2017-03-25T19:25:00+0000","link","http://www.cleveland.com/metro/index.ssf/2017/03/cleveland_metroparks_system_ce.html","173753129419169_1125848420876297",NA,72,2,4
"173753129419169","Representative Marcy Kaptur","LIVE NOW: Talking about the negative impact of #TrumpCare on working and middle class families in Ohio.","2017-03-23T19:37:30+0000","video","https://www.facebook.com/RepresentativeMarcyKaptur/videos/1125002154294257/","173753129419169_1125002154294257","Representative Marcy Kaptur was live.",144,54,26
"173753129419169","Representative Marcy Kaptur","In both urban and rural Ohio, #TrumpCare is bad medicine.","2017-03-22T13:15:00+0000","link","https://www.nytimes.com/2017/03/19/health/republicans-health-care-affordable-care-act-midwest.html?_r=1","173753129419169_1122428221218317",NA,56,9,18
"173753129419169","Representative Marcy Kaptur","Congress needs to ensure the highest court and our government belongs to the people, not the special interests. #FightBigMoney","2017-03-21T22:54:00+0000","photo","https://www.facebook.com/RepresentativeMarcyKaptur/photos/a.487684714692674.1073741827.173753129419169/1122398344554638/?type=3","173753129419169_1122398344554638",NA,63,8,4
"173753129419169","Representative Marcy Kaptur","With January trade deficits ballooning, President Trump owes workers in Ohio and across America action on trade. They need our help.","2017-03-21T13:30:00+0000","video","https://www.facebook.com/RepresentativeMarcyKaptur/videos/1122395497888256/","173753129419169_1122395497888256",NA,62,3,11
"173753129419169","Representative Marcy Kaptur","A bipartisan front is forming against harmful budget cuts that hurt the Great Lakes and Ohio. #TrumpCuts","2017-03-20T23:05:00+0000","link","http://www.cleveland.com/metro/index.ssf/2017/03/lake_erie_programs_suffer_mill.html","173753129419169_1122394927888313",NA,200,14,89
"173753129419169","Representative Marcy Kaptur","The fact that millions of working and middle-class people don’t have access to paid sick leave is immoral. On the campaign trail, President Trump pledged to stand with working people in Ohio and across the nation. Well, Mr. President, this is a good place to start.   Americans, no matter their job or state or city, deserve this foundational benefit that allows peace of mind for when they or a loved one falls ill.","2017-03-19T15:55:00+0000","link","https://kaptur.house.gov/media-center/press-releases/kaptur-cosponsors-bill-guarantee-paid-sick-leave-workers","173753129419169_1121369534657519",NA,115,6,12
"173753129419169","Representative Marcy Kaptur","Proud to stand with citizens from the Midwest who are fighting for our Great Lakes in Washington, D.C.   Make your voices heard! #GreatLakesDay #CleanWater","2017-03-15T20:35:52+0000","photo","https://www.facebook.com/RepresentativeMarcyKaptur/photos/a.650214291773048.1073741835.173753129419169/1117982368329569/?type=3","173753129419169_1117983091662830","Representative Marcy Kaptur added 4 new photos — at United States Capitol.",161,7,18
"173753129419169","Representative Marcy Kaptur","This Women’s History Month, we have the opportunity to celebrate the success and sacrifices of those who have committed themselves to uplifting women and families. Meanwhile let’s also rededicate ourselves to continuing to fight for the advancement and security of our mothers, wives, sisters, and daughters.    It is more imperative than ever for us to carry forward the legacy of those who came before us; to do our part to pave the way for future generations; and to create a world where there is no limit to what woman can be and what we can achieve. #WomensHistoryMonth","2017-03-15T13:31:15+0000","video","https://youtu.be/Pp2wHanb1KA","173753129419169_1115784168549389",NA,40,4,5
"173753129419169","Representative Marcy Kaptur","Local listening session in Lorain, Ohio this evening!","2017-03-13T23:00:17+0000","photo","https://www.facebook.com/RepresentativeMarcyKaptur/photos/a.487684714692674.1073741827.173753129419169/1115846538543152/?type=3","173753129419169_1115846538543152",NA,47,3,4
"173753129419169","Representative Marcy Kaptur","I wrote President Donald J. Trump to request immediate assistance for Ohio's steelworkers. For their sake, let's get to work as soon as possible.","2017-03-13T13:45:51+0000","link","http://www.chroniclet.com/Local-News/2017/03/12/U-S-Rep-Kaptur-asks-Trump-to-visit-Lorain.html","173753129419169_1115304915263981",NA,144,9,16
"173753129419169","Representative Marcy Kaptur","Looking forward to this week’s Congressional Listening Session in Lorain. Join us on Monday, March 13 at 6:30 PM at the Lorain High School Performing Arts Center.","2017-03-12T14:25:33+0000","status",NA,"173753129419169_1111583208969485","Representative Marcy Kaptur in Lorain, Ohio.",39,4,40
"173753129419169","Representative Marcy Kaptur","Funding NASA advances science and drives our national aerospace industry, which means good jobs and groundbreaking research at NASA's Glenn Research Center in Brook Park.","2017-03-10T23:48:31+0000","link","https://kaptur.house.gov/media-center/press-releases/knight-and-kaptur-urge-investment-aviation-technology","173753129419169_1111634992297640",NA,79,6,6
"173753129419169","Representative Marcy Kaptur","Ohio’s Democratic House Delegation stands firm with working families against the Republican's reckless #Trumpcare proposal.  This proposal rewards the rich and health care executives while denying care to hardworking Americans. The Republican plan does nothing to control the cost of medicine and imposes far higher premium rates on people who live paycheck to paycheck. We must build on the progress of the Affordable Care Act, and not turn back to a time many Americans went without care.","2017-03-10T15:05:00+0000","link","https://kaptur.house.gov/media-center/press-releases/reps-kaptur-ryan-fudge-and-beatty-stand-united-opposition-gop-health","173753129419169_1110199879107818",NA,189,21,31
"173753129419169","Representative Marcy Kaptur","Thank you to the lawmakers from across the aisle and across the country for participating in Members’ Day. It is important that we listen to one another so we can work together to protect valuable programs from reckless or draconian cuts.   As Ranking Member on Appropriations’ Energy and Water Subcommittee, I will lead the charge to protect programs that improve energy efficiency, make our country more energy independent, and bolster our water infrastructure. These programs create jobs and defend our precious natural resources, which in many communities like mine in Ohio, drive good jobs in tourism, construction, fishing and beyond.","2017-03-09T22:15:00+0000","link","https://kaptur.house.gov/media-center/press-releases/ranking-member-kaptur-hosts-members-day-energy-and-water-appropriations","173753129419169_1110202442440895",NA,58,1,3
"173753129419169","Representative Marcy Kaptur","President Donald J. Trump's leaked EPA budget will devastate our Great Lakes.","2017-03-08T14:55:35+0000","link","http://www.greatlakesnow.org/2017/02/great-lakes-scientist-says-if-we-lose-the-epa-we-lose-lake-erie/","173753129419169_1107964222664717",NA,50,15,140
"173753129419169","Representative Marcy Kaptur","Thank you Lakewood citizens for attending my town hall and participating in our American democracy.","2017-03-07T22:05:01+0000","photo","https://www.facebook.com/RepresentativeMarcyKaptur/photos/a.487684714692674.1073741827.173753129419169/1107968159330990/?type=3","173753129419169_1107968159330990","Representative Marcy Kaptur at Lakewood Park Woman's Pavilion.",125,7,0
"173753129419169","Representative Marcy Kaptur","LIVE NOW: Watch my town hall and Congressional Listening event in Lakewood.","2017-03-06T23:36:48+0000","video","https://www.facebook.com/RepresentativeMarcyKaptur/videos/1107153482745791/","173753129419169_1107153482745791","Representative Marcy Kaptur was live — at Lakewood Park Woman's Pavilion.",179,129,59
"173753129419169","Representative Marcy Kaptur","Join us at 6:30 PM today in Lakewood at the Women’s Pavilion or online via Facebook Live for a Congressional Listening Session with residents of the Ninth Congressional District.   Topics will likely include health care, jobs, education, the environment, infrastructure, protecting Social Security and Medicare and other issues important to families in northern Ohio.","2017-03-06T14:30:17+0000","status",NA,"173753129419169_1106752112785928","Representative Marcy Kaptur at Lakewood Park Woman's Pavilion.",41,7,29
"173753129419169","Representative Marcy Kaptur","Thank you to the Rotary Club of Toledo for stepping up to help lead our community. This is a great example of northern Ohio working together to take on big problems such as harmful algal blooms in Lake Erie.","2017-03-02T16:54:03+0000","link","https://www.rotary.org/en/news-features/rotarians-take-dangerous-algae-bloom","173753129419169_1102319119895894",NA,110,9,18
"173753129419169","Representative Marcy Kaptur","I am incredibly humbled by Mr. Filiatraut, from Bay Village, who shared his family’s health care story in Washington yesterday after President Trump's speech. #ProtectOurCare","2017-03-02T00:15:00+0000","video","https://www.facebook.com/RepresentativeMarcyKaptur/videos/1102421936552279/","173753129419169_1102421936552279",NA,90,12,19
"173753129419169","Representative Marcy Kaptur","The Blade put it nicely; “There were few details with the big ideas.”   Mr. President, where is the jobs plan? The trade task force to address broken and bad trade deals like NAFTA? The clean water plan to help with Lake Erie? The devil is in the details!","2017-03-01T18:43:40+0000","link","http://www.toledoblade.com/Politics/2017/03/01/America-first-President-Trump-promises-jobs-security.html","173753129419169_1102313843229755",NA,140,28,21
"173753129419169","Representative Marcy Kaptur","Kevin Filiatraut will be my guest for President Trump’s first speech to a joint session of Congress. Kevin’s wife, Kim, received lifesaving treatment thanks to the Affordable Care Act.   Reckless repeal is not the answer. Important stories such as the Filiatrauts' will inform the debate on how we improve on, not turn back, progress. #ProtectOurCare","2017-02-28T13:48:19+0000","link","http://www.cleveland.com/metro/index.ssf/2017/02/ohio_congress_members_make_pol.html","173753129419169_1101120700015736",NA,129,21,14
"173753129419169","Representative Marcy Kaptur","When you think your voice doesn't matter to Congress, use it again.  The American people oppose cynical and reckless efforts to turn back progress in our health insurance  system. They only need to be heard. #ProtectOurCare","2017-02-26T23:15:34+0000","photo","https://www.facebook.com/RepresentativeMarcyKaptur/photos/a.487684714692674.1073741827.173753129419169/1097175037076969/?type=3","173753129419169_1097175037076969",NA,51,6,6
"173753129419169","Representative Marcy Kaptur","Thank you to the student artists who submitted to the 9th District Congressional Art Exhibition!  http://www.theartscommission.org/youth","2017-02-26T14:15:01+0000","link","http://www.theartscommission.org/youth","173753129419169_1097511163710023",NA,37,0,2
"173753129419169","Representative Marcy Kaptur","This isn’t about opposing President Trump. This is about protecting hard working American families saving for retirement.","2017-02-25T15:15:33+0000","link","http://www.vindy.com/news/2017/feb/23/investors-should-beware-when-evaluating-/?newswatch","173753129419169_1097174050410401",NA,86,3,16
"173753129419169","Representative Marcy Kaptur","LIVE NOW: Speaking from the Cleveland Auto Show with local business, labor and environmental leaders to highlight how innovation across the auto industry is creating jobs in Ohio.","2017-02-24T16:43:57+0000","video","https://www.facebook.com/RepresentativeMarcyKaptur/videos/1097267503734389/","173753129419169_1097267503734389","Representative Marcy Kaptur was live.",106,28,19
"173753129419169","Representative Marcy Kaptur","No President is exempt from the law. Speaker Paul Ryan and the Republican leaders in Congress need to stand up for the American people and defend the Constitution!   Read more in my oped on President Donald J. Trump's conflicts interest here: http://thehill.com/blogs/congress-blog/politics/313696-president-elect-trump-cannot-exempt-himself-from-the","2017-02-23T14:22:40+0000","photo","https://www.facebook.com/RepresentativeMarcyKaptur/photos/a.487684714692674.1073741827.173753129419169/1096174350510371/?type=3","173753129419169_1096174350510371",NA,287,28,69
"173753129419169","Representative Marcy Kaptur","As Co-chair of the Great Lakes Task Force, protecting Lake Erie is a top priority and I'm glad to see continued bipartisan support in the House and Senate from fellow Task Force members Representative Mike Kelly and Senator Sherrod Brown.","2017-02-21T23:15:00+0000","link","http://www.graydc.com/content/news/Lawmakers-work-to-protect-Lake-Erie-414276913.html","173753129419169_1094403554020784",NA,236,16,40
"173753129419169","Representative Marcy Kaptur",NA,"2017-02-21T22:40:23+0000","status",NA,"173753129419169_1094480050679801",NA,95,4,2
"173753129419169","Representative Marcy Kaptur","A great read on #PresidentsDay from the Washington Post editorial board: ""But somewhere under the annual glut of ads for improbable bargains, there’s real meaning to the day, especially in this year of rancor, division and shameless deceit. It is to be found in the lives of the two men who are the focus of the holiday: George Washington and Abraham Lincoln. Their examples have endured; when they cease to matter to us, we will be in trouble.""","2017-02-20T15:35:59+0000","link","https://www.washingtonpost.com/opinions/what-todays-leaders-could-learn-from-those-we-honor-on-presidents-day/2017/02/19/805ba5dc-f528-11e6-b9c9-e83fce42fb61_story.html?utm_term=.81dca89a5d39","173753129419169_1093092084151931",NA,43,4,5
"173753129419169","Representative Marcy Kaptur","Hosted a round table in Toledo to listen to the stories of what reckless repeal of the Affordable Care Act (ACA) will mean to Ohioans. #ProtectOurCare  More on the event and the impact of the ACA in Ohio here: https://kaptur.house.gov/media-center/press-releases/advisory-kaptur-host-ohio-media-conference-call-and-press-availability","2017-02-18T19:42:38+0000","photo","https://www.facebook.com/RepresentativeMarcyKaptur/photos/a.487684714692674.1073741827.173753129419169/1091022111025595/?type=3","173753129419169_1091067747687698","Representative Marcy Kaptur added 2 new photos.",158,22,16
"173753129419169","Representative Marcy Kaptur","Proud to stand with Senator Sherrod Brown and Congressman Tim Ryan to defend commonsense protections for retirement savings.  President Trump needs to live up to the campaign promises he made to Ohio workers and stand with Main Street, not Wall Street.","2017-02-17T15:07:27+0000","link","http://www.cleveland.com/metro/index.ssf/2017/02/ohio_democrats_want_trump_admi.html","173753129419169_1089699494491190",NA,160,16,22
"173753129419169","Representative Marcy Kaptur","What an honor it is to celebrate #BlackHistoryMonth and the lives, legacy and hard work of the many black leaders and trailblazers from Ohio and around our great country.   I have been privileged to work side by side with Ohio leaders like Representative Lou Stokes and Representative Stephanie Tubbs Jones, the first African Americans elected to Congress from Ohio. Representatives Stokes and Jones both left a lasting legacy in their fight for justice, civil rights, equal access to health care, and a more inclusive America.   Black History Month gives America a chance to reflect and say thank you to those who dedicated their lives to forge a more representative path forward. Their lives allow future generations to be inspired by their legacies so all can share in the dream of life, liberty, and the pursuit of happiness.","2017-02-16T14:05:00+0000","video","https://www.facebook.com/RepresentativeMarcyKaptur/videos/1087451748049298/","173753129419169_1087451748049298",NA,63,2,3
"173753129419169","Representative Marcy Kaptur","President Trump’s Treasury Secretary spent 17 years at Goldman Sachs.   Steve Mnuchin is the ultimate swamp dweller.","2017-02-16T00:15:00+0000","video","https://www.facebook.com/RepresentativeMarcyKaptur/videos/1087456491382157/","173753129419169_1087456491382157",NA,121,13,22
"173753129419169","Representative Marcy Kaptur","As the Senate confirmed Steve Mnuchin to lead the Treasury Department, President Trump added another Goldman Sachs executive to his economic team. Goldman was one of the banks that wrecked our economy in 2008 and while millions of Americans lost their homes and with millions more still underwater, Goldman increased profits.   This is not draining the swamp.","2017-02-14T17:14:00+0000","video","https://www.facebook.com/RepresentativeMarcyKaptur/videos/1086372008157272/","173753129419169_1086372008157272",NA,105,20,30
"173753129419169","Representative Marcy Kaptur","This Ohio family was able to pay for cancer treatment thanks to the Affordable Care Act.   We must defend these critical consumer protections. Reckless repeal is not the answer.","2017-02-12T15:10:00+0000","link","https://www.c-span.org/video/?c4655399%2Fkaptur-speaks-northern-ohio-family-able-pay-life-saving-treatment-thanks-aca","173753129419169_1083154401812366",NA,226,15,31
"173753129419169","Representative Marcy Kaptur","From Toledo to Cleveland to Cincinnati, UAW International Union​ led profit-sharing totals $180 million in payments to 20,000 Ohio workers. Congrats!","2017-02-11T00:02:01+0000","photo","https://www.facebook.com/RepresentativeMarcyKaptur/photos/a.487684714692674.1073741827.173753129419169/1083167321811074/?type=3","173753129419169_1083167321811074",NA,160,8,14
"173753129419169","Representative Marcy Kaptur","Why would President Donald J. Trump stand with Wall Street before Main Street?   I stand with common sense protections that help average Americans.","2017-02-08T17:05:01+0000","link","http://money.cnn.com/2017/02/06/investing/wall-street-trump-banks-dodd-frank/","173753129419169_1080423528752120",NA,66,16,9
"173753129419169","Representative Marcy Kaptur","Taylor Wilhite, a leukemia survivor from Marblehead, Ohio, benefits from many provisions in the Affordable Care Act including preventing insurance companies from placing spending caps on coverage and limiting coverage because of preexisting conditions.   From Toledo Blade: “The uncertainty is unnerving, the Wilhites say, but aren’t just sitting and waiting. Like she did when writing to the-President Obama all those years ago, Mrs. Wilhite is sharing her family’s story with current elected representatives, imploring them to be thoughtful when making changes to the country’s health care landscape. ‘I would tell them you can’t put a price on health, you can’t put a price on a human life,’ Mrs. Wilhite said. ‘We do things right, we carry the insurance, we do what we are supposed to do. So step up and do your part.’”  The ACA benefits families in northern Ohio like Taylor’s everyday. So let’s not roll back the progress we made, let’s build on it.","2017-02-07T14:15:01+0000","link","http://www.toledoblade.com/Medical/2017/02/06/Questioning-the-future-beyond-Obamacare.html","173753129419169_1079460315515108",NA,80,7,25
"173753129419169","Representative Marcy Kaptur","The people of Ukraine deserve peace and stability. Simply, Russia needs to abide by the cease-fire and stop the violence.   Glad to stand with those volunteers in northern Ohio trying to help Ukrainian refugees caught in the crisis.","2017-02-06T20:15:00+0000","link","http://www.toledoblade.com/local/2017/02/06/Volunteers-Rep-Kaptur-send-warm-clothes-to-Ukraine.html","173753129419169_1079463775514762",NA,172,16,24
"173753129419169","Representative Marcy Kaptur","As Co-Chair of the Congressional Auto Caucus, had a great visit with my Co-Chair Representative Mike Kelly at The Washington Auto Show. It was thrilling to sit in the new Jeep, GM, and Ford vehicles with production in Ohio and to learn about the transformative new technology across the industry.  Working together, we can take hold of the opportunity to innovate and create jobs in northern Ohio and across the country.","2017-02-04T16:01:17+0000","photo","https://www.facebook.com/RepresentativeMarcyKaptur/photos/a.487684714692674.1073741827.173753129419169/1075628922564914/?type=3","173753129419169_1075631835897956","Representative Marcy Kaptur added 4 new photos.",55,3,5
"173753129419169","Representative Marcy Kaptur","As a founding Co-chair of the Congressional Ukraine Caucus, today I introduced a resolution calling on Russia to stop violating the agreed upon cease-fire and end the violence in eastern Ukraine.   This past week, eastern Ukraine saw a surge of violent bombings and attacks from Russia, killing and wounding dozens while leaving thousands without power in the cold Ukrainian winter.   Russia is testing our new administration and America must stand up for the people of Ukraine and denounce the actions of Putin’s Russia. I invite all my House colleagues to join me and call upon the Russian Federation to condemn the violence and urge Russia to abide by the cease-fire.  For more on my bipartisan resolution click here: https://kaptur.house.gov/media-center/press-releases/kaptur-introduces-bipartisan-house-resolution-calling-russia-stop","2017-02-03T21:45:00+0000","video","https://www.facebook.com/RepresentativeMarcyKaptur/videos/1076586302469176/","173753129419169_1076586302469176",NA,177,19,80
"173753129419169","Representative Marcy Kaptur","Today I joined my colleagues to introduce the Return to Prudent Banking Act and urge President Donald Trump to live up to his campaign promises on reinstating Glass-Steagall protections in our banking system.   The 2008 crash nearly took down our entire economy and led to the great recession which wiped out average Americans’ income.   But now, Democrats and Republicans have memorialized support for Glass-Steagall in their respective political platforms and President Trump has declared his support for a new Glass-Steagall law.   The time to act is now.   For more on my press conference today with Rep. Walter Jones, Congressman Tim Ryan and Congresswoman Tulsi Gabbard click here: https://kaptur.house.gov/media-center/press-releases/reps-kaptur-jones-ryan-and-gabbard-call-reinstate-key-protections-rein","2017-02-02T00:05:00+0000","photo","https://www.facebook.com/RepresentativeMarcyKaptur/photos/a.487684714692674.1073741827.173753129419169/1074427469351726/?type=3","173753129419169_1074430102684796","Representative Marcy Kaptur added 3 new photos.",186,14,46
"173753129419169","Representative Marcy Kaptur","Trump’s choice for Secretary of Treasury, Steve Mnuchin ran a company that engaged in shady tactics to kick people out of their homes and was known as the “foreclosure king” during the financial crisis.    According to The Columbus Dispatch, these aggressive maneuvers to kick families out of their homes included at least 1,900 homes in Ohio.   Is this kind of person that we really want to be in charge of the Treasury Department?","2017-01-31T18:35:00+0000","video","https://www.facebook.com/RepresentativeMarcyKaptur/videos/1073042366156903/","173753129419169_1073042366156903",NA,143,29,51
"173753129419169","Representative Marcy Kaptur","There has been much confusion about the current health care law, but if you, a family member or a friend need health insurance you can sign up now. The deadline for signing up for insurance is January 31st.   Visit https://www.healthcare.gov/ and sign up today. If you are in Northern Ohio and if you have questions please call our office at 1-800-964-4699.","2017-01-29T23:15:00+0000","link","https://www.healthcare.gov/","173753129419169_1068605289933944",NA,38,3,27
"173753129419169","Representative Marcy Kaptur","In New York harbor, not far from President Donald Trump's office tower stands the awesome Statue of Liberty with Emma Lazarus' immortal words, ""Give me your tired, your poor, your huddled masses yearning to breathe free.""  Surely, President Trump has read these words. Let us work together to find a workable solution to assure public safety while not destroying our heritage as an immigrant nation dedicated to liberty and justice for all. ‎ Ancestors of the Trump and Kaptur families both passed through that unforgettable portal as they made their way to America as immigrants. How can we deny to others the gift of freedom bequeathed to us?","2017-01-29T14:15:14+0000","link","http://www.npr.org/sections/thetwo-way/2017/01/29/512250469/photos-thousands-protest-at-airports-nationwide-against-trumps-immigration-order","173753129419169_1070521356409004",NA,301,36,39
"173753129419169","Representative Marcy Kaptur","Katherine Ozer’s life is an inspiration to us all. She fought tirelessly for rural America and family farmers.","2017-01-27T23:05:00+0000","link","https://www.washingtonpost.com/local/obituaries/katherine-ozer-leader-of-advocacy-group-for-family-farmers-dies-at-58/2017/01/25/7422fcac-e317-11e6-a453-19ec4b3d09ba_story.html?utm_term=.57d6db78f60a","173753129419169_1068583653269441",NA,33,4,6
"173753129419169","Representative Marcy Kaptur","Soon the Senate will vote on Rex Tillerson, President Trump's choice for Secretary of State.   A few things to consider on his views on Russia and human rights.","2017-01-27T00:05:02+0000","link","http://www.foreignpolicyi.org/content/fpi-bulletin-tillerson-trump-and-putin","173753129419169_1067158690078604",NA,26,11,14
"173753129419169","Representative Marcy Kaptur","Congrats to the Chrysler United Auto Workers! Sharing the fruits of our labor should be the norm, not the exception in America.","2017-01-26T17:05:50+0000","link","http://www.freep.com/story/money/cars/chrysler/2017/01/26/fca-union-workers-get-5000-profit-sharing-checks/97066284/","173753129419169_1067169126744227",NA,195,5,23
"173753129419169","Representative Marcy Kaptur","Every day the President makes decisions that impact millions of Americans, yet we still don’t know the extent of President Trump’s conflicts of interest.   Just last year he was invested in companies with stakes in the Keystone XL and Dakota Access pipelines. Both were the subject of policy action from the Trump White House this week. Is the President enriching himself? His spokesperson says he divested, but we haven’t seen his tax returns and we don’t know for sure.   Mr. President, it is time to be transparent, disclose your tax returns and disentangle yourself from your myriad conflicts of interests.","2017-01-25T23:05:32+0000","link","https://www.c-span.org/video/?c4651887%2Fkaptur-urges-president-trump-address-conflicts-interest","173753129419169_1065999486861191",NA,486,54,136
"173753129419169","Representative Marcy Kaptur","Since the GOP-controlled Senate canceled a critical second hearing for Secretary of Education nominee Betsy DeVos, let’s not forget that her PAC owes the State of Ohio $5.3 million for campaign finance violations.","2017-01-25T14:15:31+0000","link","http://www.usatoday.com/story/news/2017/01/23/second-hearing-trump-education-nominee/96959248/","173753129419169_1064667546994385",NA,242,45,257
"173753129419169","Representative Marcy Kaptur","After years of GOP budget cuts, Americans who rely on government services like Social Security will feel the sting from President Trump's federal hiring freeze.   The policy is wrong and it won't save taxpayers any money, which is why I joined more than 100 of my House colleagues in opposing it.","2017-01-25T00:15:01+0000","photo","https://www.facebook.com/RepresentativeMarcyKaptur/photos/a.487684714692674.1073741827.173753129419169/1064663100328163/?type=3","173753129419169_1064663580328115","Representative Marcy Kaptur added 4 new photos.",250,32,45
"173753129419169","Representative Marcy Kaptur","Mr. Hamilton's perseverance should be admired. I'm humbled to play a small part in helping him with his wish.","2017-01-24T14:05:01+0000","link","http://fox8.com/2017/01/18/cleveland-man-battling-cancer-since-age-6-makes-bucket-list-trip-to-white-house/","173753129419169_1063412637119876",NA,55,3,2
"173753129419169","Representative Marcy Kaptur","As President Donald Trump prepares to make big changes to our trade policy, my message to the American people is this: no matter who is President, I will never stop fighting for the middle class. Together we will work for fair trade deals that protect workers, the environment and basic human rights.  There are those who have fought for fair trade that protects American workers for decades, both inside and outside Congress, me included. (As seen below, in an excerpt from a 1996 rally with then-President Bill Clinton.) These efforts, particularly led by House Democrats, forced the TPP to fall apart last Congress.   Mr. Trump must now live up to his promise to the American people to institute fair trade principles in all the upcoming trade deals. Withdrawing from an already dead TPP is not enough. Trade fuels our economy, but Americans deserve a government that is looking out for them, not special interests.","2017-01-24T00:13:00+0000","video","https://www.facebook.com/RepresentativeMarcyKaptur/videos/1063800437081096/","173753129419169_1063800437081096",NA,216,22,23
"173753129419169","Representative Marcy Kaptur","15,000 strong stood together in Cleveland this past Saturday at the #Womensmarch.   Honored to stand with them.   http://www.cleveland.com/metro/index.ssf/2017/01/womens_march_in_cleveland_draw.html","2017-01-23T15:28:02+0000","photo","https://www.facebook.com/RepresentativeMarcyKaptur/photos/a.487684714692674.1073741827.173753129419169/1063394600455013/?type=3","173753129419169_1063397563788050","Representative Marcy Kaptur added 3 new photos.",284,19,14
"173753129419169","Representative Marcy Kaptur","Led the bipartisan charge of 47 members of the House to urge the President-elect's team to fund research to reduce harmful Lake Erie algal blooms.","2017-01-19T17:15:01+0000","link","http://www.cleveland.com/metro/index.ssf/2017/01/kaptur_joyce_file_plea_with_tr.html","173753129419169_1059272300867243",NA,108,9,7
"173753129419169","Representative Marcy Kaptur","Jobs of the future was the focus during a visit with faculty and students at Northwest State's Advanced Manufacturing Center on the Scott Park campus.   From cyber security to certifying students in industrial automation, we must do all we can to be ensure access to the skills training needed for the future.","2017-01-19T14:16:11+0000","photo","https://www.facebook.com/RepresentativeMarcyKaptur/photos/a.487684714692674.1073741827.173753129419169/1059241524203654/?type=3","173753129419169_1059242750870198","Representative Marcy Kaptur added 3 new photos.",28,1,0
"173753129419169","Representative Marcy Kaptur","Northern Ohio is united around the future of the 180th fighter wing and we remain optimistic about things to come.","2017-01-18T23:45:01+0000","link","http://www.13abc.com/content/news/Ohio-lawmakers-on-the-future-of-the-180th-Fighter-Wing-410676825.html","173753129419169_1058299387631201",NA,44,1,4
"173753129419169","Representative Marcy Kaptur","Mr. Trump should not forget what goes on in Putin’s Russia.   Putin’s opponents and critics often end up dead.","2017-01-18T14:15:00+0000","video","https://www.facebook.com/RepresentativeMarcyKaptur/videos/1058299587631181/","173753129419169_1058299587631181",NA,116,30,23
"173753129419169","Representative Marcy Kaptur","Humbled to attend Sunday’s ""Circle the City with Love"" event in Cleveland.   Honored to stand with Ohio for hope and unity.","2017-01-17T18:25:00+0000","link","http://fox8.com/2017/01/15/circle-the-city-with-love-goes-international-after-cle-beginnings-ahead-of-inauguration/","173753129419169_1058298490964624",NA,58,2,4
"173753129419169","Representative Marcy Kaptur","Thank you, President Obama, for a remarkable eights years of leadership.   We worked together to expand health care, improve the economy, rescue and revitalize the auto industry, and protect our environment for the next generation. Though a President doesn’t always agree with Congress, nor should they, President Obama consistently served with the dignity deserving of the highest office in the land. This President inspired a generation of young people to serve their government and uphold our democracy.    And President Obama could not have put it better in his farewell speech, “I am asking you to believe. Not in my ability to bring about change, but in yours.” Americans of all stripes should heed your call to service Mr. President. Thank you!","2017-01-17T14:00:01+0000","photo","https://www.facebook.com/RepresentativeMarcyKaptur/photos/a.487684714692674.1073741827.173753129419169/1054823644645442/?type=3","173753129419169_1054823644645442",NA,388,24,29
"173753129419169","Representative Marcy Kaptur","""The arc of the moral universe is long, but it bends towards justice."" -- Rev. Dr. Martin Luther King Jr.   Today and everyday, let us work together to live up to this vision for our world and for a more hopeful future. #MLKDay","2017-01-16T15:00:02+0000","photo","https://www.facebook.com/RepresentativeMarcyKaptur/photos/a.487684714692674.1073741827.173753129419169/1057364817724658/?type=3","173753129419169_1057364817724658",NA,101,8,9
"173753129419169","Representative Marcy Kaptur","Congress should bolster and mirror the American people it serves. Wealthy millionaires have power, but Americans shouldn't forget there is also power in the people.   Serve and lift those who stand with the people!","2017-01-15T15:15:02+0000","video","https://www.facebook.com/RepresentativeMarcyKaptur/videos/1053785164749290/","173753129419169_1053785164749290",NA,215,12,32
"173753129419169","Representative Marcy Kaptur","Get the facts about Fiat Chrysler Automobiles' latest investment in the Toledo Assembly Complex.","2017-01-13T17:05:01+0000","photo","https://www.facebook.com/RepresentativeMarcyKaptur/photos/a.487684714692674.1073741827.173753129419169/1053802751414198/?type=3","173753129419169_1053802751414198",NA,128,5,44
"173753129419169","Representative Marcy Kaptur","The intergenerational safety nets of Medicare and Social Security aren't a luxury but a lifeline for so many in their advanced years.    Shame on those who hover around them for their next Wall Street heist. I will fight in Congress every day to defend and protect these critical programs from attacks.","2017-01-13T00:35:00+0000","link","https://www.c-span.org/video/?c4645185%2Fkaptur-defends-supports-social-security-medicare","173753129419169_1053776401416833",NA,560,58,123
"173753129419169","Representative Marcy Kaptur","America celebrates with Vice President Biden, his wife Jill, and their beautiful family‎. Thank you Joe for your patriotic service to our Republic and the cause of liberty throughout our world.","2017-01-12T22:56:01+0000","link","http://www.cnn.com/2017/01/12/politics/biden-awarded-presidential-medal-of-freedom/","173753129419169_1054038631390610",NA,533,23,22
"173753129419169","Representative Marcy Kaptur","Amidst sometimes heated rhetoric, a thoughtful story about the lives of Syrian refugees in Toledo.","2017-01-12T14:15:03+0000","link","http://www.npr.org/2017/01/04/508220451/in-toledo-syrian-refugees-are-welcomed-amid-a-difficult-immigration-climate","173753129419169_1052285944899212",NA,49,0,3
"173753129419169","Representative Marcy Kaptur","My bill ensures that Congress upholds the Constitution and protects the Presidency and our government from corruption. Our Founding Fathers identified principles important to the bedrock of our democracy; they included an anticorruption measure known as the Emolument Clause. Its inclusion emphasized their desire to preserve independence from external influence.    President-elect Trump has achieved great wealth and his investments span across the United States and dozens of foreign countries. The possibility of hidden influences will eclipse every action and decision Mr. Trump makes. There is no way to be sure of the full depth of Mr. Trump’s conflicts particularly with his continued refusal to release his tax returns, a key component of accountability provided by every President and presidential candidate since Richard Nixon.   The highest ranking employee in the Federal government is not exempt from the Constitution. Congress owes it to the American people to ensure that Constitutional principles are upheld in the interests of liberty. I call on Speaker Paul Ryan to bring my bill to the House Floor for a vote.","2017-01-11T17:15:01+0000","link","http://thehill.com/blogs/congress-blog/politics/313696-president-elect-trump-cannot-exempt-himself-from-the","173753129419169_1052845618176578",NA,288,39,76
"173753129419169","Representative Marcy Kaptur","Today, I stood with Representative Marcia L. Fudge and Rep. Joyce Beatty on the House floor demanding that President-elect Donald Trump’s choice for Secretary of Education, Betsy DeVos, pay the millions in fines owed to the State of Ohio for breaking campaign finance law.   These obligations total $5.3 million dollars, in unpaid‎ fines and levied late penalties. Her PAC, All Children Matter, owes the state of Ohio for campaign finance violations, the largest fines ever levied in Ohio history.  In addition, according to OpenSecrets.org, Betsy DeVos gave direct contributions to at least 20 current Members of the Senate. These are the same Senators who will now confirm her for the Secretary of Education position.   No one is above law. Betsy DeVos' attempt to subvert the law and buy influence is diametrically opposed to everything the President-elect advised was wrong with America. He wants to drain the swamp. I call on President-Elect Trump to hold Betsy DeVos accountable.","2017-01-10T18:35:00+0000","video","https://www.facebook.com/RepresentativeMarcyKaptur/videos/1052130581581415/","173753129419169_1052130581581415",NA,3174,369,2855
"173753129419169","Representative Marcy Kaptur","Fiat Chrysler Automobiles announced that they will boost investment and build the new Jeep Wrangler pickup at the Toledo Assembly Complex. Adding to Toledo's legacy as Jeep City!","2017-01-09T18:15:00+0000","link","http://www.toledoblade.com/Automotive/2017/01/09/Toledo-plant-to-build-new-Jeep-pickup.html","173753129419169_1051363464991460",NA,203,10,46
"173753129419169","Representative Marcy Kaptur","Some good news for Lorain, who received a $200,000 grant from the U.S. Environmental Protection Agency to help clean and develop the Pellet Terminal site.  This new investment builds on Lorain’s vision for the lakefront that showcases Lake Erie’s natural beauty and will create jobs and boost lake access.   Congratulations to Lorain County leadership, the City of Lorain and its regional partners for advancing a successful proposal that will produce a revitalization roadmap for this gateway City neighborhood. By connecting this plan to the work that is already being done to restore the Black River, Lorain will be positioned to keep our lake clean as well as attract new businesses and investment.","2017-01-06T16:45:00+0000","link","https://www.epa.gov/newsreleases/epa-awards-200000-brownfield-grant-lorain-county-ohio","173753129419169_1048945135233293",NA,62,1,8
"173753129419169","Representative Marcy Kaptur","Proud of Erie County’s own Britain Bennett for taking initiative to help young people in Ohio who are victims of cyberbullying: http://fox8.com/2017/01/03/teen-pushing-for-national-anti-bullying-day/","2017-01-06T14:15:00+0000","video","https://www.facebook.com/RepresentativeMarcyKaptur/videos/1048401998620940/","173753129419169_1048401998620940",NA,46,0,3
"173753129419169","Representative Marcy Kaptur","I am committed to a new NAFTA that raises wages and creates jobs on both sides of the border. An excerpt from an article covering our efforts with labor leaders like Richard Trumka of the AFL-CIO to create better, fairer trade deals.     “The new NAFTA should be written so that workers on all sides of both the U.S.-Mexico and U.S.-Canada borders benefit from it, Kaptur declared. Holding up a 22-year-old Houston Chronicle she had carefully saved, Kaptur noted the paper was the only one to send reporters to Mexico to find out what would happen there as a result. The result was unemployment of hundreds of thousands of Mexicans, and migration to the U.S., the Chronicle forecast.”","2017-01-05T20:49:50+0000","link","http://www.peoplesworld.org/article/afl-cio-to-push-new-nafta-to-protect-workers-rights-raise-incomes/","173753129419169_1048138741980599",NA,92,15,14
"173753129419169","Representative Marcy Kaptur","The Icebreaker wind farm on Lake Erie has the potential to power thousands of Ohio homes and create many jobs beyond wind.","2017-01-05T14:15:01+0000","link","http://www.crainscleveland.com/article/20170101/NEWS/170109997/personal-view-icebreaker-project-could-give-great-lakes-wind","173753129419169_1047500045377802",NA,74,7,11
"173753129419169","Representative Marcy Kaptur","Honored to stand with my fellow Democratic women in the House and represent the people of Ohio in the 115th Congress!   When I was elected in 1983 there were only 24 female members of Congress, and now there are more than 100. Let us be inspired to work hand in hand to improve the lives of our people and the land we love.","2017-01-04T23:30:02+0000","photo","https://www.facebook.com/RepresentativeMarcyKaptur/photos/a.487684714692674.1073741827.173753129419169/1047549592039514/?type=3","173753129419169_1047549592039514",NA,317,27,26
"173753129419169","Representative Marcy Kaptur","Glad to see House Republicans abandon a foolhardy effort to weaken critical ethics oversight in Congress. Let’s get on with the people’s work of improving the economy, fixing bad trade deals and creating jobs.","2017-01-04T19:42:50+0000","link","http://www.cleveland.com/metro/index.ssf/2017/01/republicans_in_congress_abando.html#incart_river_index","173753129419169_1047467918714348",NA,152,19,2
"173753129419169","Representative Marcy Kaptur","As the first order of business this morning, I called for a new NAFTA that would create jobs and raise wages.   A new NAFTA must result in American jobs that rest on our closely held values of ‘Free and Fair Trade among Free People.’ If a renegotiated NAFTA does not end with these results, America must withdraw.","2017-01-04T00:15:00+0000","video","https://youtu.be/V5A9VYSXV-k","173753129419169_1046765332117940",NA,150,7,10
"173753129419169","Representative Marcy Kaptur",NA,"2017-01-01T13:06:01+0000","photo","https://www.facebook.com/RepresentativeMarcyKaptur/photos/a.487684714692674.1073741827.173753129419169/1043464725781334/?type=3","173753129419169_1043464725781334","Representative Marcy Kaptur added a new photo.",298,35,16
