"from_id","from_name","message","created_time","type","link","id","story","likes_count","comments_count","shares_count"
"164256320738439","Congressman John Rutherford","LEGISLATIVE UPDATE - My bill, the Streamlining DHS Overhead Act passed the U.S. House. Read more here: https://rutherford.house.gov/media/press-releases/legislative-update-rep-rutherford-s-streamlining-dhs-overhead-act-passes-us","2017-06-21T15:47:03+0000","link","https://rutherford.house.gov/media/press-releases/legislative-update-rep-rutherford-s-streamlining-dhs-overhead-act-passes-us","164256320738439_237226353441435",NA,65,15,5
"164256320738439","Congressman John Rutherford","Wishing the brave men and women of the 125th Fighter Wing a swift and safe deployment. Thank you for your service. Your courage and devotion are greatly appreciated!","2017-06-20T14:22:52+0000","photo","https://www.facebook.com/FloridaAirNationalGuard/photos/a.627509730637821.1073741849.120214091367390/1365108810211239/?type=3","164256320738439_236703833493687","Congressman John Rutherford shared Florida Air National Guard's post.",54,11,0
"164256320738439","Congressman John Rutherford",NA,"2017-06-19T17:55:49+0000","status",NA,"164256320738439_236290836868320",NA,13,6,0
"164256320738439","Congressman John Rutherford","My thoughts and prayers go out to Steve Scalise, Capitol Police, aides, and staff involved in the senseless act of violence this morning during the congressional baseball game practice.  Thank you to our heroic Capitol Police Officers and the First Responders at the scene.","2017-06-14T15:52:48+0000","status",NA,"164256320738439_233671793796891",NA,105,24,5
"164256320738439","Congressman John Rutherford","Today, the House passed the Department of Veterans Affairs Accountability and Whistleblower Protection Act to bring accountability to the Department of Veterans Affairs. This will create a culture of accountability at VA and our nation's heroes will get the care they rightly deserve. The VA needs to change and I believe this bill is a huge step in that direction.   I look forward to President Trump signing this important legislation.","2017-06-14T02:31:14+0000","video","https://www.facebook.com/RepRutherfordFL/videos/233353067162097/","164256320738439_233353067162097",NA,75,20,17
"164256320738439","Congressman John Rutherford","I am excited to have been appointed to the House Judiciary Committee today. Looking forward to strengthening the justice system and supporting the rule of law across our nation. https://rutherford.house.gov/media/press-releases/congressman-rutherford-named-house-judiciary-committee","2017-06-13T17:51:36+0000","link","https://rutherford.house.gov/media/press-releases/congressman-rutherford-named-house-judiciary-committee","164256320738439_233158230514914",NA,137,45,15
"164256320738439","Congressman John Rutherford","Tomorrow we join Orlando and our fellow Floridians across the state to pause at 9:00am and share in a moment of silence to honor the victims of the Pulse terror attack.  The legacy and memory of the 49 innocent victims will live on in the hearts of so many. While we can never completely heal from the  pain of these losses, we can join our fellow Floridians in remembering the impact their lives made, and honor their legacies.   We will also remember those in the community who came to the aid of those in need- the first responders, police officers, and faith leaders. Let us never forget this attack on innocent lives, and vow to do all in our power to stop those individuals responsible for Radical Islamic terrorism.","2017-06-11T19:13:51+0000","status",NA,"164256320738439_232225850608152",NA,65,28,11
"164256320738439","Congressman John Rutherford","I'm proud to be a part of the most productive Congress in the modern-era! To date, the House has passed 158 bills and President Donald J. Trump signed 37 of those bills. We eliminated Obama-era regulations, passed the health care bill and sent it to the Senate. We rolled back 14 rules that Obama issued at the end of his term, saving almost $4 billion dollars. Looking forward to continuing this pace and working hard for Northeast Florida!","2017-06-08T17:36:02+0000","photo","https://www.facebook.com/RepRutherfordFL/photos/a.168880736942664.1073741828.164256320738439/230710277426376/?type=3","164256320738439_230701984093872","Congressman John Rutherford added 5 new photos.",111,153,30
"164256320738439","Congressman John Rutherford","On the 73rd anniversary of D-Day, we remember the greatest generation for their bravery and sacrifice ensuring freedom for the U.S.A and our allies.","2017-06-06T19:48:40+0000","photo","https://www.facebook.com/RepRutherfordFL/photos/a.168880736942664.1073741828.164256320738439/229760407521363/?type=3","164256320738439_229760407521363",NA,37,11,6
"164256320738439","Congressman John Rutherford","Today, I was proud to be a part of the 23rd annual Miracle on Ashley Street that offers meals, hope, & jobs for those with the most need in our Northeast Florida community. Thank you to the volunteers and staff for a great event.","2017-06-02T16:44:16+0000","photo","https://www.facebook.com/RepRutherfordFL/photos/a.168880736942664.1073741828.164256320738439/227530881077649/?type=3","164256320738439_227531194410951","Congressman John Rutherford added 3 new photos — at Clara White Mission (GVPR).",74,22,7
"164256320738439","Congressman John Rutherford","Today, I was proud to present Mr. John Milton with the Bronze Star Medal in honor of his father, Master Sergeant Glenn Milton.   Master Sergeant Milton was awarded the Bronze Star Medal for his valor on the battlefield during the New Guinea campaign in the Pacific during WWII.   While he passed away a few years ago, today I have the honor of presenting the award to his son to accept on his behalf. Thank you John for keeping your father's legacy alive. We will never forget his commitment and dedication to our nation.","2017-05-31T20:10:46+0000","photo","https://www.facebook.com/RepRutherfordFL/photos/a.168880736942664.1073741828.164256320738439/226632904500780/?type=3","164256320738439_226632904500780",NA,104,13,25
"164256320738439","Congressman John Rutherford","Hurricane season starts tomorrow. Visit bit.ly/2d3arRn to learn more about preparedness essentials to keep your family safe.","2017-05-31T14:48:12+0000","link","http://bit.ly/2d3arRn","164256320738439_226530094511061",NA,34,27,8
"164256320738439","Congressman John Rutherford","This Memorial Day, let us pause to remember the brave men and women of our Armed Forces who gave the ultimate sacrifice for our nation.  By continuing Memorial Day traditions, uplifting the loved ones of our fallen service members, and promoting a culture of service, we will forever commemorate those who gave the ultimate sacrifice.  I was honored to attend the Jacksonville National Cemetery Service and the City of Jacksonville Memorial Day Observance to recognize and thank the brave men and women who lost their lives in service to our nation. Thank you, we will never forget your bravery and commitment to our nation.","2017-05-29T17:52:41+0000","photo","https://www.facebook.com/RepRutherfordFL/photos/a.225651044598966.1073741829.164256320738439/225650841265653/?type=3","164256320738439_225651031265634","Congressman John Rutherford added 13 new photos.",59,9,6
"164256320738439","Congressman John Rutherford","Today, Congressman John Rutherford in partnership with Senator Rubio, Senator Nelson, and the entire Florida delegation sent a letter to Air Force Secretary Heather Wilson to advocate for the basing of the F-35 Joint Strike Fighters at the 125th Fighter Wing in Jacksonville. To read the letter click here: https://rutherford.house.gov/media/press-releases/rutherford-leads-letter-fighting-base-f-35s-jacksonville","2017-05-25T19:35:35+0000","link","https://rutherford.house.gov/media/press-releases/rutherford-leads-letter-fighting-base-f-35s-jacksonville","164256320738439_223892441441493",NA,68,21,3
"164256320738439","Congressman John Rutherford","HAPPENING NOW: Watch the House Committee on Veterans' Affairs hearing where we will review President Donald J. Trump's budget requests with Secretary Shulkin. Watch here: https://veterans.house.gov/calendar/eventsingle.aspx?EventID=1755","2017-05-24T14:27:49+0000","link","https://veterans.house.gov/calendar/eventsingle.aspx?EventID=1755","164256320738439_223367698160634",NA,19,7,1
"164256320738439","Congressman John Rutherford","Today, I was proud to vote for the Veterans Appeals Improvement and Modernization Act of 2017, a bill I cosponsored. Our veterans deserve a responsive, accountable, and efficient VA that works for them. This legislation takes important steps in reforming the broken appeals process that has plagued the VA for years. I look forward to the Senate passing similar legislation. House Committee on Veterans' Affairs For more information on the bill, click here: https://veterans.house.gov/uploadedfiles/hr_2288_appeals_bill_one_pager.pdf","2017-05-23T22:26:38+0000","link","https://veterans.house.gov/uploadedfiles/hr_2288_appeals_bill_one_pager.pdf","164256320738439_223071781523559",NA,70,22,11
"164256320738439","Congressman John Rutherford","In Case You Missed It! Last week I introduced the TRACER Act. This legislation would require state and local law enforcement to be notified when federal prisoners convicted of terrorism charges are released from prison into their communities. Read more here: https://rutherford.house.gov/media/press-releases/congressman-rutherford-introduces-tracer-act","2017-05-22T18:38:36+0000","link","https://rutherford.house.gov/media/press-releases/congressman-rutherford-introduces-tracer-act","164256320738439_222598764904194",NA,72,48,7
"164256320738439","Congressman John Rutherford","Law enforcement is proud President Donald J. Trump lit the White House blue to honor law enforcement for their service and sacrifice. Thank you, Mr. President!","2017-05-19T20:39:50+0000","photo","https://www.facebook.com/RepRutherfordFL/photos/a.168880736942664.1073741828.164256320738439/221151311715606/?type=3","164256320738439_221151311715606",NA,133,43,11
"164256320738439","Congressman John Rutherford","This Police Week, I was honored to stand with our law enforcement officers, their families, and our communities to recognize the sacrifices our law enforcement officers make everyday. I was espeically honored to recognize one of our very own fallen heros, Nassau County Deputy Eric Oliver. Deputy Oliver died doing something he loved, protecting and serving our community. He was well respected in the Northeast Florida community, as a husband, father, son, and Navy veteran.    Law Enforcement is a noble profession because these men and women serve with self-sacrifice. Officer Beliso, Special Agent McGuire, and Deputy Eric Oliver laid their lives on the altar of freedom and we will never forget their dedication to our nation.","2017-05-18T17:36:30+0000","video","https://www.facebook.com/RepRutherfordFL/videos/220615305102540/","164256320738439_220615305102540",NA,58,24,15
"164256320738439","Congressman John Rutherford","Great visit with our future leaders. Thank you for having me!","2017-05-12T20:17:58+0000","photo","https://www.facebook.com/GreenlandPines/photos/a.1166119543486526.1073741830.1130877003677447/1251526618279151/?type=3","164256320738439_217931642037573","Congressman John Rutherford shared Greenland Pines Elementary's post.",44,47,0
"164256320738439","Congressman John Rutherford","I met with veterans and hardworking staff today at the Jacksonville VA clinic. I'll continue to work to ensure our veterans get the care they deserve.","2017-05-09T19:35:22+0000","photo","https://www.facebook.com/RepRutherfordFL/photos/a.168880736942664.1073741828.164256320738439/216565858840818/?type=3","164256320738439_216566125507458","Congressman John Rutherford added 7 new photos.",99,69,13
"164256320738439","Congressman John Rutherford",NA,"2017-05-08T19:48:25+0000","photo","https://www.facebook.com/NassauEM/photos/a.389523031098376.103637.347839118600101/1494285190622149/?type=3","164256320738439_216127572217980","Congressman John Rutherford shared Nassau EM's post.",12,14,0
"164256320738439","Congressman John Rutherford","There has been a lot of misinformation about the American Health Care Act. For example, the House voted unanimously to ensure members of Congress are NOT exempt from the bill. Also, the bill absolutely maintains affordable coverage for those with pre-existing conditions. Read more here: http://www.speaker.gov/general/american-health-care-act-your-questions-answered-part-3","2017-05-05T19:37:19+0000","link","http://www.speaker.gov/general/american-health-care-act-your-questions-answered-part-3","164256320738439_214743095689761",NA,108,268,111
"164256320738439","Congressman John Rutherford","Congressman John Rutherford (R-FL) issued the following statement after voting in favor of the American Health Care Act, which repeals and replaces Obamacare:   “After seven years of broken promises, it is clear that Obamacare is on the path to collapse and the American people are paying the price. Just this week, we saw two more announcements of insurance carriers leaving the marketplace, leaving consumers with few or even no choices for coverage. Obamacare has given us fewer choices, skyrocketing premiums, higher deductibles, and higher taxes. It is not working and we must act. I promised the people of Northeast Florida that we would protect them from this misguided law, and today we have voted to do just that.  “The American Health Care Act repeals Obamacare, its mandates, taxes, and rules, which will lower consumer costs. It replaces it with a system that empowers individuals and families to obtain affordable, quality health care coverage. No longer will Americans be mandated to buy a plan they cannot afford, do not want, and cannot even use. The legislation maintains the guarantee that Americans with pre-existing conditions will have affordable coverage, and it continues to allow children to stay on their parents’ plan until age 26.  “While this represents a big step toward the market-based reforms needed to make health care more affordable and accessible for all, we must continue to drive down the cost of health care. I will continue working to increase access to quality, affordable health care for every Northeast Florida family.”  https://rutherford.house.gov/media/press-releases/rutherford-votes-repeal-and-replace-obamacare","2017-05-04T18:39:31+0000","link","https://rutherford.house.gov/media/press-releases/rutherford-votes-repeal-and-replace-obamacare","164256320738439_214288272401910",NA,155,404,68
"164256320738439","Congressman John Rutherford","FEMA’s response to events like Hurricane Matthew must serve damage victims in a more effective way. That's why I was proud to vote today to modernize their response grant system and make it more accountable to those impacted by disasters.","2017-05-02T20:46:01+0000","status",NA,"164256320738439_213412042489533",NA,38,29,3
"164256320738439","Congressman John Rutherford","It was an honor to preside on the house floor last night!","2017-05-02T16:52:11+0000","photo","https://www.facebook.com/RepRutherfordFL/photos/a.168880736942664.1073741828.164256320738439/213333909164013/?type=3","164256320738439_213333909164013",NA,93,35,19
"164256320738439","Congressman John Rutherford","The Department of Homeland (DHS) Security Office of Inspector General (OIG) issued a fraud alert to warn the public about a scam using the DHS OIG hotline telephone number. Scammers have identified themselves as “U.S. Immigration” employees and have altered their caller ID to seem like the call is coming from the DHS OIG hotline. If you are experiencing this issue, please click here for more information: http://bit.ly/2pRTxsv","2017-04-27T17:30:12+0000","link","http://bit.ly/2pRTxsv","164256320738439_211011966062874",NA,10,11,7
"164256320738439","Congressman John Rutherford","In case you missed it - I led a congressional delegation to the southern border. Watch the recap here: bit.ly/2oZIOwC","2017-04-22T16:28:48+0000","link","http://bit.ly/2oZIOwC","164256320738439_208371509660253",NA,52,33,3
"164256320738439","Congressman John Rutherford","Today, I announced the Julian Woods Yellow Ribbon Program Expansion Act to enhance education benefits for families of fallen service members. I had the pleasure to meet Julian's mother Carolyn, to thank her and hear about the tremendous sacrifices her son and family made for our county.   To read more about the bill, click here: https://rutherford.house.gov/media/press-releases/rutherford-introduces-julian-woods-yellow-ribbon-program-expansion-act","2017-04-20T19:59:49+0000","link","https://rutherford.house.gov/media/press-releases/rutherford-introduces-julian-woods-yellow-ribbon-program-expansion-act","164256320738439_207380666426004",NA,38,10,9
"164256320738439","Congressman John Rutherford","I want to wish everyone a Happy Easter that is full of renewal, hope, and the joy of the risen Lord!","2017-04-16T14:45:32+0000","status",NA,"164256320738439_204918730005531",NA,69,18,5
"164256320738439","Congressman John Rutherford","Hearing from the 4th district is essential to my job as your representative, and I enjoyed meeting with constituents in my district office. I appreciated the opportunity to listen to their concerns, share what I’m doing to fight for Northeast Floridians, and have constructive conversations about the issues important to our community.","2017-04-12T19:48:54+0000","photo","https://www.facebook.com/RepRutherfordFL/photos/a.168880736942664.1073741828.164256320738439/202695566894514/?type=3","164256320738439_202697576894313","Congressman John Rutherford added 5 new photos.",23,12,6
"164256320738439","Congressman John Rutherford","Over the weekend, I attended the Amelia Island Post Office historic dedication and celebrated its history since opening in 1912. Today, I attended the Rotary Club of St. Augustine meeting to give an update on our accomplishments in the first few months of Congress. I also held a round table with local fishermen and small businesses to discuss fishing industry challenges. Looking forward to many more productive meetings with constituents this week!","2017-04-10T21:11:39+0000","photo","https://www.facebook.com/RepRutherfordFL/photos/a.168880736942664.1073741828.164256320738439/201587163672021/?type=3","164256320738439_201588537005217","Congressman John Rutherford added 6 new photos.",40,19,5
"164256320738439","Congressman John Rutherford","The Commander-in-Chief sent a very clear message - the United States will not stand idly by as innocents are murdered with chemical weapons. See the rest of my statement here: http://bit.ly/2ogwNEV","2017-04-07T13:29:58+0000","link","http://bit.ly/2ogwNEV","164256320738439_199649787199092",NA,58,18,7
"164256320738439","Congressman John Rutherford","This horrific attack and blatant use of chemical weapons to murder and harm innocent families and children in Syria is unacceptable. I condemn this atrocious attack and will continue to to pray for those affected.","2017-04-05T21:22:55+0000","status",NA,"164256320738439_198603677303703",NA,45,16,10
"164256320738439","Congressman John Rutherford","Tune in to Jeopardy tonight to watch Jacksonville's own Julie Brannon, a professor at Jacksonville University. She's a 2-day reigning champion and we look forward to watching her again tonight! Good luck! http://jacksonville.com/news/metro/2017-03-28/jeopardy-run-dream-come-true-jacksonville-university-professor","2017-03-30T16:59:47+0000","link","http://jacksonville.com/news/metro/2017-03-28/jeopardy-run-dream-come-true-jacksonville-university-professor","164256320738439_194959824334755",NA,55,9,7
"164256320738439","Congressman John Rutherford",NA,"2017-03-28T22:04:29+0000","photo","https://www.facebook.com/JaxJewish/photos/a.339293679453575.73484.314325935283683/1297470040302596/?type=3","164256320738439_194041374426600","Congressman John Rutherford shared Jewish Federation of Jacksonville's photo.",24,7,0
"164256320738439","Congressman John Rutherford","In case you missed it: Last week the House unanimously (408-0) passed my bill, H.R. 1294, the Reducing Department of Homeland Security (DHS) Acquisition Cost Growth Act. This bill would prevent wasteful spending of taxpayer dollars by agencies like the Transportation Security Administration (TSA), Customs and Border Protection, the U.S. Coast Guard, and the Federal Emergency Management Agency (FEMA), by holding DHS agencies more accountable in administering their major acquisition programs and granting Congress greater oversight over troubled programs.   Read more here: https://rutherford.house.gov/media/press-releases/legislative-update-first-rep-rutherford-bill-unanimously-passes-us-house","2017-03-27T18:23:36+0000","link","https://rutherford.house.gov/media/press-releases/legislative-update-first-rep-rutherford-bill-unanimously-passes-us-house","164256320738439_193346584496079",NA,58,20,8
"164256320738439","Congressman John Rutherford","Thank you to the Nassau County Sheriff's Office, Florida Forest Service, Jacksonville Fire and Rescue Department, Jacksonville Sheriff's Office, Nassau County Fire-Rescue 3101, and Nassau EM crews for working tirelessly to keep Nassau County residents safe. Those near the fire should listen to all warnings and evacuation orders. My staff and I remain in contact with local and state officials to make sure first responders, firefighters, and residents have all they need to stay safe and secure. We continue to pray for all the families affected by the fire and the first responders who are working hard to keep everyone safe.","2017-03-23T14:13:44+0000","status",NA,"164256320738439_190823608081710",NA,70,16,12
"164256320738439","Congressman John Rutherford","Congressman Rutherford and the Florida Delegation sent a letter to U.S. Department of Defense Secretary Mattis and Acting Naval Secretary Stackley urging them to fully fund infrastructure to allow the United States Navy to base nuclear aircraft carriers at Naval Station Mayport in Jacksonville. Read more here: http://bit.ly/2mLyZQf","2017-03-21T16:59:20+0000","link","http://bit.ly/2mLyZQf","164256320738439_189813938182677",NA,41,9,12
"164256320738439","Congressman John Rutherford","Had a great opportunity to discuss the importance of the military and ports to Jacksonville's future. Vice President Mike Pence and his staff were very gracious hosts.","2017-03-18T22:00:14+0000","photo","https://www.facebook.com/RepRutherfordFL/photos/a.168880736942664.1073741828.164256320738439/188279281669476/?type=3","164256320738439_188279281669476",NA,230,32,26
"164256320738439","Congressman John Rutherford","Looking forward to discussing repealing and replacing Obamacare at Mac Papers Envelope Converters with small business owners, Vice President Mike Pence,  CMS Administrator Seema Verma, and Governor Rick Scott. On my way back to Northeast Florida!","2017-03-18T16:01:02+0000","photo","https://www.facebook.com/RepRutherfordFL/photos/a.168880736942664.1073741828.164256320738439/188129621684442/?type=3","164256320738439_188129621684442",NA,57,45,9
"164256320738439","Congressman John Rutherford","I was proud to support the VA Accountability First Act that passed in the House of Representatives today. Northeast Florida is home to almost 100,000 veterans and this important bill will ensure all veterans get the care and respect they have earned. My colleagues and I have an obligation to our veterans who have sacrificed for our nation to improve accountability at the VA.   Passing this bill is another step in keeping that promise.","2017-03-16T22:06:14+0000","video","https://www.facebook.com/RepRutherfordFL/videos/187076711789733/","164256320738439_187076711789733",NA,60,24,29
"164256320738439","Congressman John Rutherford","In case you missed it!","2017-03-13T15:25:27+0000","photo","https://www.facebook.com/SunshineStateNews/photos/a.10151863237955465.1073741825.415018200464/10154848685070465/?type=3","164256320738439_185417511955653","Congressman John Rutherford shared Sunshine State News's photo.",36,9,0
"164256320738439","Congressman John Rutherford","Great meeting with Major General Calhoun of the Florida National Guard and his team to discuss strengthening & supporting our guard in Northeast Florida.","2017-03-10T21:59:03+0000","photo","https://www.facebook.com/RepRutherfordFL/photos/a.168880736942664.1073741828.164256320738439/183863408777730/?type=3","164256320738439_183863408777730",NA,42,9,8
"164256320738439","Congressman John Rutherford","Great comradery among vets achieving a common goal: biking to help vets affected by injury & PTSD. Keep up the good work!","2017-03-09T21:17:29+0000","link","http://fw.to/m9dx2PB","164256320738439_183320362165368",NA,20,0,2
"164256320738439","Congressman John Rutherford",NA,"2017-03-09T21:11:40+0000","status",NA,"164256320738439_183317908832280",NA,13,5,0
"164256320738439","Congressman John Rutherford","Today I voted to rebuild America's military and support national defense.The defense funding bill reinforces our promise to our military at home and abroad by dedicating the funding needed to keep our nation safe. Read more here: https://rutherford.house.gov/media/press-releases/rutherford-votes-fund-our-troops-and-national-defense","2017-03-08T23:37:13+0000","link","https://rutherford.house.gov/media/press-releases/rutherford-votes-fund-our-troops-and-national-defense","164256320738439_182808958883175",NA,45,22,5
"164256320738439","Congressman John Rutherford","Today, the Homeland Security Committee approved Congressman Rutherford's bill to eliminate wasteful spending at the Department of Homeland Security. To read more click here: http://bit.ly/2mjAPcF","2017-03-08T16:34:14+0000","video","https://www.facebook.com/RepRutherfordFL/videos/182660722231332/","164256320738439_182660722231332",NA,53,6,11
"164256320738439","Congressman John Rutherford","Watch the House Committee on Veterans' Affairs hearing tonight at 7:30pm. We'll discuss improving access & care for NE FL vets. Tune in here: bit.ly/2mUmt5E","2017-03-07T21:44:44+0000","link","http://bit.ly/2mUmt5E","164256320738439_182169432280461",NA,21,0,5
"164256320738439","Congressman John Rutherford","Looking forward to tomorrow's House Committee on Veterans' Affairs hearing with Secretary Shulkin of the Department of Veterans Affairs where we'll discuss improving timely access and community care for Northeast Florida veterans. It's important we give our brave veterans the care and respect they have earned!","2017-03-06T23:41:49+0000","status",NA,"164256320738439_181643172333087",NA,35,3,4
"164256320738439","Congressman John Rutherford","Had a great time at the 25th annual World of Nations visiting with Northeast Florida residents from all different backgrounds. Thanks for your hospitality!","2017-03-05T20:27:35+0000","photo","https://www.facebook.com/RepRutherfordFL/photos/a.168880736942664.1073741828.164256320738439/181071409056930/?type=3","164256320738439_181072675723470","Congressman John Rutherford added 12 new photos.",30,7,2
"164256320738439","Congressman John Rutherford","Happy Statehood Day to the great state of Florida!","2017-03-03T19:01:29+0000","photo","https://www.facebook.com/FloridaHouseDC/photos/a.430119480486567.1073741826.430119437153238/772241266274385/?type=3","164256320738439_179857652511639","Congressman John Rutherford shared Florida House's photo.",35,3,0
"164256320738439","Congressman John Rutherford","I was proud to sponsor my first bill to stop wasteful spending at the Department of Homeland Security. Read more here: http://bit.ly/2lyrUBY","2017-03-02T21:35:15+0000","link","http://bit.ly/2lyrUBY","164256320738439_179327042564700",NA,44,7,16
"164256320738439","Congressman John Rutherford","In response to President Trump’s Joint Address to Congress, Congressman Rutherford said, ""President Trump ran on disrupting the status quo in Washington and turning this country around. His joint address gave an optimistic vision of the next four years that puts Americans first. I look forward to helping advance the priorities that will be most helpful to Northeast Florida, including rebuilding the military, investing in infrastructure, prioritizing the safety of our citizens, replacing Obamacare, and fulfilling our commitments to veterans.""","2017-03-02T00:10:44+0000","photo","https://www.facebook.com/RepRutherfordFL/photos/a.168880736942664.1073741828.164256320738439/178735812623823/?type=3","164256320738439_178735812623823",NA,44,17,8
"164256320738439","Congressman John Rutherford","Today during the joint hearing of the Senate and House Veterans Affairs Committee, Congressman Rutherford reaffirmed his committments to veterans: ""I’ve often said how we treat our veterans is a national security issue. The volunteer military that we now enjoy is predicated upon us keeping our promises to those who already put their lives on the line, and put themselves in the breach to protect this country. I want to say thank you to each and everyone one of you [veterans] here. I think I speak on behalf of the committee when I say our commitment to you is to keep the commitments made in the past. God Bless You.""","2017-02-28T21:53:54+0000","video","https://www.facebook.com/RepRutherfordFL/videos/178129346017803/","164256320738439_178129346017803",NA,60,9,16
"164256320738439","Congressman John Rutherford","I was honored to be appointed to the Homeland Security Committee's Counterterrorism Task Force to prevent terrorism in the U.S. bit.ly/2l4HERY","2017-02-27T15:43:06+0000","link","http://bit.ly/2l4HERY","164256320738439_177435612753843",NA,70,26,5
"164256320738439","Congressman John Rutherford","In Case You Missed It! Watch my interview with Wjxt4 Kent Justice on 'This Week in Jacksonville.' Looking forward to uniting with the 115th Congress to work hard for the people of Northeast Florida and the nation. http://www.news4jax.com/this-week-in-jacksonville/this-week-in-jacksonville-capitol-hill-battles","2017-02-27T00:47:44+0000","link","http://www.news4jax.com/this-week-in-jacksonville/this-week-in-jacksonville-capitol-hill-battles","164256320738439_177098519454219",NA,24,16,7
"164256320738439","Congressman John Rutherford","History was made today at NAS Jacksonville! Wonderful to attend the historic Change of Command for Rear Admiral Mary Jackson & Rear Admiral Bette Bolivar as United States Navy Southeast Region Commander. Thank for your service and all you have done for the community and citizens of Northeast Florida. Congratulations and best wishes.","2017-02-23T18:23:18+0000","photo","https://www.facebook.com/RepRutherfordFL/photos/a.168880736942664.1073741828.164256320738439/175187652978639/?type=3","164256320738439_175189486311789","Congressman John Rutherford added 3 new photos.",39,21,7
"164256320738439","Congressman John Rutherford","As the son of a WWII and Korean War veteran, it is my goal to reform the VA and do everything in my power to serve our veterans who deserve the care and respect they have earned. I am proud to represent thousands of veterans in Northeast Florida.   We need to be able to track how much time employees are using on official time, to make sure our veterans are getting the proper attention they deserve. I look forward to receiving the information I requested so the VA can determine how to best serve our veterans. House Committee on Veterans' Affairs Watch my questioning below:","2017-02-21T23:59:37+0000","video","https://www.facebook.com/RepRutherfordFL/videos/174265579737513/","164256320738439_174265579737513",NA,59,30,15
"164256320738439","Congressman John Rutherford","President Trump has made it very clear one of his priorities is to rebuild the Navy and their ships. I believe this effort should also include the United State Coast Guard. Productive meeting with Homeland Security Committee and Vice Admiral Charles Ray of the U.S. Coast Guard to make sure they have the resources needed to protect our maritime borders.","2017-02-16T22:59:47+0000","video","https://www.facebook.com/RepRutherfordFL/videos/170694563427948/","164256320738439_170694563427948",NA,31,24,5
"164256320738439","Congressman John Rutherford","It was wonderful meeting with Megan and the Special Olympics Florida team yesterday to discuss the great work they do and our passion for the 'Noles!","2017-02-16T17:12:13+0000","photo","https://www.facebook.com/RepRutherfordFL/photos/a.168880736942664.1073741828.164256320738439/170471076783630/?type=3","164256320738439_170471076783630",NA,44,7,1
"164256320738439","Congressman John Rutherford","Great news for Jacksonville and Mayport! U.S. Navy Chose Naval Station Mayport as the MQ-4C Triton Operating Base: http://bit.ly/2kzrdI4","2017-02-15T23:48:27+0000","link","http://bit.ly/2kzrdI4","164256320738439_169733496857388",NA,52,7,9
"164256320738439","Congressman John Rutherford","Enjoyed discussing the future of FEMA Federal Emergency Management Agency. Public safety, security, & preparedness are a priority in NE FL. Homeland Security Committee","2017-02-14T18:37:14+0000","photo","https://www.facebook.com/RepRutherfordFL/photos/a.168880736942664.1073741828.164256320738439/168880550276016/?type=3","164256320738439_168880550276016",NA,34,2,8
"164256320738439","Congressman John Rutherford","Thank you President Donald J. Trump for standing behind our law enforcement officers who risk their lives every day to protect our communities. I applaud you for taking action to enhance the safety of our citizens and nation.  https://www.whitehouse.gov/the-press-office/2017/02/09/presidential-executive-order-preventing-violence-against-federal-state","2017-02-09T22:46:25+0000","link","https://www.whitehouse.gov/the-press-office/2017/02/09/presidential-executive-order-preventing-violence-against-federal-state","164256320738439_165716150592456",NA,76,9,12
"164256320738439","Congressman John Rutherford","Thank you to Sgt. Beers and the men and women of the Jacksonville Sheriff's Office for your caring service to the Jacksonville community. Your commitment and compassion are greatly appreciated and do not go unnoticed. Keep up the good work!","2017-02-08T22:31:55+0000","photo","https://www.facebook.com/JacksonvilleSheriffsOffice/photos/a.103669232895.100082.27576742895/10154362521317896/?type=3","164256320738439_165063377324400","Congressman John Rutherford shared Jacksonville Sheriff's Office's photo.",29,1,0
"164256320738439","Congressman John Rutherford","Today, at the House Committee on Homeland Security hearing on border security, Congressman John Rutherford (FL-4) discussed coastal border safety with the Department of Homeland Security (DHS) Secretary John Kelly.  Speaking about the hearing, Congressman Rutherford said, “As the administration focuses on securing our southern borders, it is important we continue to secure our coastal borders, as well. Cartels and drug runners seek to exploit our maritime borders for trafficking, and Florida plays a strategic role in drug interdiction at sea. The safety and security of the First Coast and the Port of Jacksonville must remain a top priority. I commend Secretary Kelly for his commitment to support our U.S. Coast Guard units and keep all borders safe. I look forward to working with him and the Committee further to ensure the safety and protection of all Americans.”","2017-02-07T23:20:00+0000","video","https://www.facebook.com/RepRutherfordFL/videos/164459570718114/","164256320738439_164459570718114",NA,78,20,29
"164256320738439","Congressman John Rutherford",NA,"2017-02-07T18:43:49+0000","status",NA,"164256320738439_164348724062532",NA,8,0,0
"164256320738439","Congressman John Rutherford",NA,"2017-02-07T18:39:10+0000","photo","https://www.facebook.com/RepRutherfordFL/photos/a.164346224062782.1073741827.164256320738439/164346080729463/?type=3","164256320738439_164346234062781","Congressman John Rutherford updated their cover photo.",5,0,0
"164256320738439","Congressman John Rutherford",NA,"2017-02-07T18:17:10+0000","photo","https://www.facebook.com/RepRutherfordFL/photos/a.164337120730359.1073741826.164256320738439/164337124063692/?type=3","164256320738439_164337234063681","Congressman John Rutherford updated their profile picture.",22,10,0
