"from_id","from_name","message","created_time","type","link","id","story","likes_count","comments_count","shares_count"
"130802746950682","Rep. Rob Bishop","ICYMI: Hear Rep. Rob Bishop speak with Sutherland Institute President Boyd Matheson about the inaugural hearing of the Speaker's Task Force on Intergovernmental Affairs.","2017-06-24T00:36:22+0000","music","https://audioboom.com/posts/6046514-rep-rob-bishop-speaks-with-boyd-matheson","130802746950682_1583564171674525",NA,2,15,0
"130802746950682","Rep. Rob Bishop","ICYMI: See the full inaugural hearing of the Speaker's Task Force on Intergovernmental Affairs.","2017-06-23T14:23:13+0000","video","https://www.facebook.com/RepRobBishop/videos/1583101638387445/","130802746950682_1583101638387445",NA,5,4,0
"130802746950682","Rep. Rob Bishop",NA,"2017-06-22T17:59:38+0000","link","http://www.speaker.gov/press-release/speaker-ryan-statement-task-force-intergovernmental-affairs-hearing","130802746950682_1582236055140670","Rep. Rob Bishop shared a link.",18,11,3
"130802746950682","Rep. Rob Bishop","LIVE TODAY. The Speaker's Task Force will meet to hear from witnesses from various organizations while seeking to identify creative solutions to both procedural and policy problems facing the nation.","2017-06-21T14:59:59+0000","link","https://youtu.be/oV0h1F32aM8","130802746950682_1581014708596138",NA,7,14,4
"130802746950682","Rep. Rob Bishop",NA,"2017-05-24T19:06:28+0000","link","http://robbishop.house.gov/news/documentsingle.aspx?DocumentID=397771","130802746950682_1550946211602988","Rep. Rob Bishop shared a link.",68,62,10
"130802746950682","Rep. Rob Bishop","""If we are going to put people in harm's way, then we are going to make sure that they are in a machine that will give them the greatest amount of protection so they come home in safety. The F-35 does that.""","2017-05-16T14:44:34+0000","link","http://www.deseretnews.com/article/865680014/Rep-Rob-Bishop-says-future-of-F-35-secure-in-Utah.html","130802746950682_1542680535762889",NA,43,35,5
"130802746950682","Rep. Rob Bishop","Participated in KSL's Road to Understanding: Congressional Q&A. Covered many issues and answered many questions.","2017-05-16T03:39:40+0000","link","https://www.ksl.com/?sid=44260849","130802746950682_1542305372467072","Rep. Rob Bishop at KSL 5 TV.",26,46,0
"130802746950682","Rep. Rob Bishop",NA,"2017-05-09T19:11:27+0000","link","http://robbishop.house.gov/news/documentsingle.aspx?DocumentID=397768","130802746950682_1536129676417975","Rep. Rob Bishop shared a link.",30,35,7
"130802746950682","Rep. Rob Bishop","""This bill is a significant step forward for all those who seek quality, affordable, and accessible health care.”","2017-05-04T18:57:10+0000","link","http://robbishop.house.gov/news/documentsingle.aspx?DocumentID=397764","130802746950682_1531192053578404",NA,119,269,30
"130802746950682","Rep. Rob Bishop",NA,"2017-05-01T20:05:11+0000","link","https://www.c-span.org/video/?427746-1%2Fnewsmakers-representative-rob-bishop","130802746950682_1527589387272004","Rep. Rob Bishop shared a link.",12,30,1
"130802746950682","Rep. Rob Bishop",NA,"2017-05-01T14:31:51+0000","video","https://www.facebook.com/congressionalwesterncaucus/videos/10155619184408352/","130802746950682_1527286363968973","Rep. Rob Bishop shared Congressional Western Caucus's video.",33,44,0
"130802746950682","Rep. Rob Bishop","Today’s action sends the powerful message that communities will no longer take a back seat to out-of-state special interest groups. I’m pleased to see President Trump recognize long-standing abuses of the Antiquities Act. It was created with noble intent and for limited purposes, but has been hijacked to set aside increasingly large and restricted areas of land without public input.   I applaud the Trump administration’s clear commitment to do what past administrations refused to do, actually talk to real people who live in the area. This EO is not the end of the story, we will work the Trump administration and our communities to get this right.","2017-04-26T17:17:31+0000","photo","https://www.facebook.com/RepRobBishop/photos/a.194551313909158.46305.130802746950682/1521511404546469/?type=3","130802746950682_1521511404546469",NA,112,98,13
"130802746950682","Rep. Rob Bishop","Rep. Chaffetz has served Utah well and we have all worked together as a team for the state. He has nearly two years left to serve on the team, and we’re not letting him off the hook. There is much left to accomplish. I look forward to continuing our partnership. Serving in Congress means asking your own family to sacrifice greatly, and I salute Jason for his broad view on life and concern for his family. I understand his decision for I have set my own timeline. There will always be one more battle to fight and one more issue to resolve, so I truly respect his decision to do what is best for his family.","2017-04-19T19:08:59+0000","status",NA,"130802746950682_1512899518740991",NA,89,56,2
"130802746950682","Rep. Rob Bishop","Congratulations to Jamal Braxton for earning the 2017 Operation Homefront Air Force Military Child of the Year.","2017-04-05T21:20:09+0000","link","http://www.hill.af.mil/News/Article-Display/Article/1129836/air-force-child-of-the-year-exemplifies-volunteerism-leadership","130802746950682_1495832663781010",NA,6,8,1
"130802746950682","Rep. Rob Bishop","We express our condolences to the family and friends of Eni F.H. Faleomavaega. Former Representative Faleomavaega was a long serving member of Congress and our committee representing American Samoa. He used his friendly personality and calm demeanor to advocate for many issues of importance to his home. We often relied on his expertise on issues impacting the Pacific. Eni had family in my home state of Utah and was a constant visitor. He was a personal friend and our colleague will be sorely missed.","2017-02-24T16:44:15+0000","link","http://naturalresources.house.gov/newsroom/documentsingle.aspx?DocumentID=401623","130802746950682_1454189637945313",NA,17,40,1
"130802746950682","Rep. Rob Bishop","Honored to have spoken at the AFGE 2017 Legislative Conference.   ""Experience has taught me that most of the federal civilian employees in my district work hard, are productive, and genuinely care about what they do in support of our citizens, soldiers, and our country.  They deserve to be treated with respect as the hard-working, tax-paying and loyal citizens that they are.""","2017-02-13T20:52:01+0000","photo","https://www.facebook.com/RepRobBishop/photos/a.194551313909158.46305.130802746950682/1443406609023616/?type=3","130802746950682_1443406609023616",NA,32,72,3
"130802746950682","Rep. Rob Bishop","ICYMI: See Rep. Rob Bishop address the Utah House of Representatives.","2017-02-10T21:03:05+0000","video","https://www.facebook.com/RepRobBishop/videos/1440558675975076/","130802746950682_1440558675975076",NA,18,27,3
"130802746950682","Rep. Rob Bishop",NA,"2017-02-02T15:44:50+0000","link","http://robbishop.house.gov/news/documentsingle.aspx?DocumentID=397762","130802746950682_1432280543469556","Rep. Rob Bishop shared a link.",22,388,1
"130802746950682","Rep. Rob Bishop","""Long after the green settles from Obama’s last golf swing, the local Native Americans and residents of San Juan County will still be here. They deserve better.""","2017-01-24T15:06:57+0000","link","http://www.deseretnews.com/article/865671697/My-view-Bears-Ears-designations-false-promises.html","130802746950682_1421975374500073",NA,78,1324,21
"130802746950682","Rep. Rob Bishop","“I, Robert William Bishop, do solemnly swear that I will support and defend the Constitution of the United States against all enemies, foreign and domestic; that I will bear true faith and allegiance to the same; that I take this obligation freely, without any mental reservation or purpose of evasion; and that I will well and faithfully discharge the duties of the office on which I am about to enter. So help me God.""","2017-01-04T02:40:04+0000","photo","https://www.facebook.com/RepRobBishop/photos/a.194551313909158.46305.130802746950682/1401284243235853/?type=3","130802746950682_1401284796569131","Rep. Rob Bishop added 4 new photos — with Carolyn Turner and 2 others at United States Capitol.",162,295,15
