"from_id","from_name","message","created_time","type","link","id","story","likes_count","comments_count","shares_count"
"714180948636232","Congressman Tom Emmer","Today my friend Rabbi Herschel Lutch gave a blessing on the House Floor. Rabbi Latch does great work for the Jewish people across this nation and around the globe, so it was a pleasure to welcome him to the United States Capitol and to recognize his incredible work on the House Floor!","2017-06-21T21:00:23+0000","video","https://www.facebook.com/reptomemmer/videos/1401977263189927/","714180948636232_1401977263189927",NA,27,5,0
"714180948636232","Congressman Tom Emmer","Yesterday, I had the pleasure of traveling to Northern Minnesota with Congressman Rick Nolan, Congressman Paul Gosar, and Congressman Bruce Westerman to learn about the value of mining to the great state of Minnesota, and to our nation as a whole. After visiting United Taconite in Eveleth to learn about iron ore production, we visited Twin Metals to discuss how future mining projects will bring jobs and revenue to the region. This trip only intensified my support of our hardworking miners, which is why I look forward to working with President Trump to ensure that government gets out of the way so our miners can get back to work!","2017-06-20T17:04:26+0000","photo","https://www.facebook.com/reptomemmer/photos/a.783160458404947.1073741829.714180948636232/1400885446632442/?type=3","714180948636232_1400888103298843","Congressman Tom Emmer added 6 new photos.",85,38,4
"714180948636232","Congressman Tom Emmer","Wishing a happy Father's Day to my wonderful dad who taught me everything I know, and to all the hardworking fathers out there like Jerry Peterson and Ron Samuel! I am also grateful for my seven wonderful children who call me dad!","2017-06-18T19:02:52+0000","photo","https://www.facebook.com/reptomemmer/photos/a.783160458404947.1073741829.714180948636232/1399160763471577/?type=3","714180948636232_1399163750137945","Congressman Tom Emmer added 2 new photos.",69,6,0
"714180948636232","Congressman Tom Emmer","With today’s directive, the Administration is limiting our opportunities to improve the human rights and religious liberties of the Cuban people, not expanding them. This policy decision will hurt the United States economically, making it harder for our nation’s farmers to access new markets and cutting the knees out from under our travel and manufacturing industries. Perhaps most importantly, today’s announcement creates a very real security risk for the American people and our homeland by inviting foreign nations into our backyard to fill a void that today’s announcement is creating.  The voices of our policy makers must represent the voices of the overwhelming majority of Americans who favor improving our relationship with Cuba. I hope as we go forward, the President will remember he was elected to challenge the status quo - not to be part of it.   Read the full release here: https://emmer.house.gov/media-center/press-releases/emmer-presidents-misguided-cuba-directive-undercuts-human-rights","2017-06-16T20:07:31+0000","link","https://emmer.house.gov/media-center/press-releases/emmer-presidents-misguided-cuba-directive-undercuts-human-rights","714180948636232_1397159673671686",NA,120,65,8
"714180948636232","Congressman Tom Emmer","Yesterday, I was able to visit with fellows and board members from the Minnesota Excellence in Public Service program. It was great to meet with so many women leaders who have a strong desire to improve the great state of Minnesota and our nation as a whole.","2017-06-15T16:37:16+0000","photo","https://www.facebook.com/reptomemmer/photos/a.783160458404947.1073741829.714180948636232/1395914287129558/?type=3","714180948636232_1395917393795914","Congressman Tom Emmer added 2 new photos.",40,10,1
"714180948636232","Congressman Tom Emmer","Sending sincere prayers to my friend Whip Steve Scalise and all those injured in this morning’s senseless shooting. We are also praying for the officers injured as they worked to protect the innocent Members of Congress, staff, and others present at baseball practice today. Capitol Police work tirelessly to ensure our safety each and every day, and we are so thankful for their bravery. We are grateful they were present to end the attack as swiftly as possible. They are heroes today and always.","2017-06-14T15:53:32+0000","status",NA,"714180948636232_1394845860569734",NA,124,13,4
"714180948636232","Congressman Tom Emmer","Today I had the pleasure of speaking with Minnesota paramedics and had the chance to thank them for providing Minnesotans with excellent care. It was especially a joy to speak with Angie Jarrett, who has recently been awarded the Stars of Life Award from the American Ambulance Association. Angie has gone above an beyond in her job and I could not thank her enough for her service.","2017-06-13T19:29:09+0000","photo","https://www.facebook.com/reptomemmer/photos/a.783160458404947.1073741829.714180948636232/1393859807335006/?type=3","714180948636232_1393862697334717","Congressman Tom Emmer added 2 new photos.",55,23,1
"714180948636232","Congressman Tom Emmer","Last week, I spoke about the importance of protecting funding for the International Affairs Budget. If the United States wants to remain an economic powerhouse and continue to create jobs for hard-working Americans here at home, we must continue to invest in our critical development and diplomacy agencies. If we don’t, our economic competitors certainly will.","2017-06-12T20:49:56+0000","video","https://www.facebook.com/reptomemmer/videos/1392934174094236/","714180948636232_1392934174094236",NA,15,9,1
"714180948636232","Congressman Tom Emmer","June is National Dairy Month, which is why this week I was proud to recognize the hardworking Minnesotans who drive our state’s dairy industry.","2017-06-09T18:52:22+0000","video","https://www.facebook.com/reptomemmer/videos/1389745361079784/","714180948636232_1389745361079784",NA,35,11,8
"714180948636232","Congressman Tom Emmer","Through Dodd-Frank, the American people were promised an end to Washington bailouts, more protection for consumers and a more prosperous economy. Unfortunately, Dodd-Frank has led to one of the slowest economic recoveries in 80 years, has failed to end bailouts and has enabled the growth of government’s excessive, unnecessary and overreaching regulations harming American entrepreneurs and consumers. While big banks have gotten bigger, our community banks and credit unions – the lifeline of Main Street – are closing up shop, with Minnesota having lost 25 percent of our local financial institutions in the past seven years. Thankfully, today Congress intervened.  Through the passage of the Financial CHOICE Act, we begin to undo the redundant and excessive bureaucratic regulations that are strangling our community banks and credit unions; remove roadblocks stifling our economic success by fostering an increased access to capital for our small business owners and entrepreneurs, and increase Congressional oversight and transparency. Today, our reforms will shift power from Wall Street and Washington bureaucrats, and return it back to Main Street and the American people where it belongs. Full release below.","2017-06-08T21:19:02+0000","link","https://emmer.house.gov/media-center/press-releases/returning-power-main-street-and-american-people","714180948636232_1388737431180577",NA,52,62,9
"714180948636232","Congressman Tom Emmer","Nearly seven years ago, the American people were promised that Dodd-Frank Wall Street Reform and Consumer Protection Act would end Washington bailouts, protect consumers, and lead to a more prosperous economy. Instead, this disastrous law had the opposite effect. That is why today, I spoke on the House Floor in strong support of the Financial CHOICE Act. Learn more by watching my speech below.","2017-06-08T19:40:55+0000","video","https://www.facebook.com/reptomemmer/videos/1388629781191342/","714180948636232_1388629781191342",NA,70,64,12
"714180948636232","Congressman Tom Emmer","One of my favorite parts of this job is meeting with Minnesotans from all walks of life. Take a look at some of my favorite meetings and moments from the month of May.","2017-06-06T20:25:27+0000","photo","https://www.facebook.com/reptomemmer/photos/a.1386390711415249.1073741889.714180948636232/1386391868081800/?type=3","714180948636232_1386391868081800","Congressman Tom Emmer added 22 new photos to the album: May 2017.",58,19,0
"714180948636232","Congressman Tom Emmer","On the 73rd anniversary of D-Day we must remember the heroes who stormed the beaches of Normandy. President Franklin Delano Roosevelt summed their courage and sacrifice up best. On that day he said that “They fight not for the lust of conquest. They fight to end conquest. They fight to liberate.”","2017-06-06T15:25:59+0000","photo","https://www.facebook.com/reptomemmer/photos/a.783160458404947.1073741829.714180948636232/1386385754749078/?type=3","714180948636232_1386385754749078",NA,27,7,3
"714180948636232","Congressman Tom Emmer","Only ten more days to apply to the Young Women Leadership Program! If you are a female high school student in Minnesota’s Sixth District, apply below today!","2017-06-05T19:44:53+0000","link","https://emmer.house.gov/young-women-leadership-program","714180948636232_1385454278175559",NA,2,2,2
"714180948636232","Congressman Tom Emmer","Today, and every day, we honor the brave men and women of our Armed Forces (and their families) who made the ultimate sacrifice for the nation we all love. I enjoyed participating in Memorial Day events in Sartell and with he St. Cloud VA to celebrate and remember.","2017-05-29T16:31:54+0000","photo","https://www.facebook.com/reptomemmer/photos/a.781309821923344.1073741828.714180948636232/1379021928818794/?type=3","714180948636232_1379023008818686","Congressman Tom Emmer added 3 new photos.",62,6,2
"714180948636232","Congressman Tom Emmer","Before you all set out to enjoy Memorial Day Weekend, check out my video highlighting the importance of this holiday!","2017-05-26T20:51:36+0000","video","https://www.facebook.com/reptomemmer/videos/1376647595722894/","714180948636232_1376647595722894",NA,32,10,3
"714180948636232","Congressman Tom Emmer","The deadline for the Young Women Leadership Program is rapidly approaching. If you a high school girl in #MN06, and want the opportunity to learn from and network with some of Minnesota’s best and brightest professional women, sign up below!","2017-05-26T17:05:38+0000","link","https://emmer.house.gov/young-women-leadership-program","714180948636232_1376514349069552",NA,5,2,0
"714180948636232","Congressman Tom Emmer","It was such a blast having Chrissy from Zimmerman, Minnesota join me for Foster Youth Shadow Day. Once a foster child herself, Chrissy now provides her own foster child with a loving home. It was insightful to hear this incredible woman’s story and learn from her experiences.","2017-05-24T18:50:00+0000","photo","https://www.facebook.com/reptomemmer/photos/a.783160458404947.1073741829.714180948636232/1374855929235394/?type=3","714180948636232_1374855929235394",NA,46,9,8
"714180948636232","Congressman Tom Emmer","If you are interested in tuning in to see today's press conference on the need to uphold and honor our Open Skies Agreements, watch below. (My remarks start approximately 2 minutes and 30 seconds in)","2017-05-24T17:57:12+0000","video","https://www.facebook.com/OpenFairSkies/videos/1690637187632949/","714180948636232_1374826042571716","Congressman Tom Emmer shared Partnership for Open & Fair Skies's live video.",9,0,0
"714180948636232","Congressman Tom Emmer","Today I took part in a press conference encouraging the enforcement of existing Open Skies Agreements to ensure that U.S. airlines and American workers can compete on a level playing field. Violations to these agreements hurt the United States as a whole, but our state of Minnesota, which is home to international hubs like the Minneapolis/St. Paul Airport gets hit extra hard. I was proud to stand with industry representatives today and take a stand for the American worker!","2017-05-24T17:23:44+0000","photo","https://www.facebook.com/reptomemmer/photos/a.783160458404947.1073741829.714180948636232/1374805975907056/?type=3","714180948636232_1374806435907010","Congressman Tom Emmer added 2 new photos.",41,15,5
"714180948636232","Congressman Tom Emmer","I join all Americans in sending our prayers & deepest sympathies to the victims, their families, of last night’s horrific attack. We stand with our friends in the UK and all of her people as we show that unity and compassion can prevail over terror.","2017-05-23T17:54:27+0000","status",NA,"714180948636232_1374028545984799",NA,49,2,2
"714180948636232","Congressman Tom Emmer","It was such an honor to welcome the MN National Guard’s Bravo Company 2-211th General Support Aviation Battalion home from Afghanistan and thank them for their brave service. It filled my heart with such joy to see these American heroes return safely to their families and loved ones.","2017-05-22T16:23:43+0000","photo","https://www.facebook.com/reptomemmer/photos/a.783160458404947.1073741829.714180948636232/1373161246071529/?type=3","714180948636232_1373162969404690","Congressman Tom Emmer added 3 new photos.",79,12,5
"714180948636232","Congressman Tom Emmer","Yesterday, I reintroduced legislation, The National Interchange/Intersection Safety Construction Program (NIISCP) Act, which would prioritize funding for intersections and interchanges, improve safety, and increase local control over federal transportation dollars. Click below to read my entire press release.","2017-05-19T16:05:08+0000","link","https://emmer.house.gov/media-center/press-releases/emmer-reintroduces-bill-redirect-federal-money-interchange-and","714180948636232_1370583539662633",NA,44,23,9
"714180948636232","Congressman Tom Emmer","As this week is National Police Week, I decided to speak on the House Floor to celebrate the resiliency of Forest Lake Officer Troy Meyer. Forest Lake is so lucky to have an individual like Troy serving the community.","2017-05-17T18:56:14+0000","video","https://www.facebook.com/reptomemmer/videos/1368907126496941/","714180948636232_1368907126496941",NA,53,27,10
"714180948636232","Congressman Tom Emmer","Wishing a happy Mother's Day to my beautiful mom Patsy, my lovely wife Jacquie, and to all of the incredible moms out there!","2017-05-14T14:22:17+0000","photo","https://www.facebook.com/reptomemmer/photos/a.783160458404947.1073741829.714180948636232/1366161093438211/?type=3","714180948636232_1366162810104706","Congressman Tom Emmer added 2 new photos.",128,20,1
"714180948636232","Congressman Tom Emmer","On this day in 1858, Minnesota achieved statehood! Happy 159th Birthday to the great North Star State!","2017-05-11T15:37:45+0000","photo","https://www.facebook.com/reptomemmer/photos/a.783160458404947.1073741829.714180948636232/1363792403675080/?type=3","714180948636232_1363792403675080",NA,162,38,48
"714180948636232","Congressman Tom Emmer","I had a blast visiting Harlan Anderson’s farm in Cokato this morning. It was enlightening to hear all about the day to day work growing alfalfa, as well as learning about his work encouraging young people to take an interest in farming. Farmers like Harlan are such an asset to our community, and we can never thank them enough for everything they do.","2017-05-08T19:33:26+0000","photo","https://www.facebook.com/reptomemmer/photos/a.783160458404947.1073741829.714180948636232/1361389913915329/?type=3","714180948636232_1361389913915329",NA,105,53,4
"714180948636232","Congressman Tom Emmer","Just about seven years ago, Americans were promised an end to Washington bailouts, improved consumer protections, and a stronger economy with the passage of Dodd-Frank. Unfortunately, we were all mislead which is why this week I joined my colleagues on the Financial Services Committee to pass the Financial Choice Act. To learn more about how this legislation will roll back the harmful effects of Dodd-Frank, click below to read my statement.","2017-05-05T17:24:48+0000","link","https://goo.gl/1yHRLk","714180948636232_1358302797557374",NA,48,147,6
"714180948636232","Congressman Tom Emmer","Today, the House took a big first step in putting the states and the American people back in charge of their health care, by passing the American Health Care Act (AHCA). I am also proud to have supported legislation the House unanimously passed earlier today to ensure Members of Congress and staff are subject to the AHCA as well, because any law that is good enough for the American people is good enough for us. Please read my full release below to see my reasoning for supporting the AHCA.","2017-05-04T18:40:04+0000","link","https://goo.gl/xOwdYa","714180948636232_1357466390974348",NA,304,1037,76
"714180948636232","Congressman Tom Emmer","Last year, my office launched a Young Women Leadership Program for high school girls in our district, to help them explore the many different possibilities their future may hold. Due to the success of last year’s program, we will be launching this three series program once again this summer. The Young Women Leadership Program will bring high school girls together with some of the best and brightest professional women in Minnesota, who have expertise in a variety of fields, for the opportunity to learn about different careers, network, develop their own leadership and communication abilities and cultivate skills that they hope to improve upon. Don’t miss out on this exciting opportunity, apply below today.","2017-04-28T19:52:52+0000","link","https://emmer.house.gov/young-women-leadership-program","714180948636232_1352167331504254",NA,5,39,2
"714180948636232","Congressman Tom Emmer","Drug abuse is an epidemic that is sweeping the nation, and unfortunately, Minnesota has not been immune. That’s why I encourage you all to participate in National Prescription Drug Take Back Day, which takes place tomorrow. Learn more by watching my video below.","2017-04-28T17:04:57+0000","video","https://www.facebook.com/reptomemmer/videos/1352035571517430/","714180948636232_1352035571517430",NA,33,41,4
"714180948636232","Congressman Tom Emmer","Today, President Trump and his Administration took steps to reform our nation’s out-of-control, archaic, and burdensome tax system and I am very encouraged by his proposal. Learn why by reading my statement below.","2017-04-26T22:04:32+0000","link","https://emmer.house.gov/media-center/press-releases/emmer-statement-president-trumps-tax-proposal","714180948636232_1350239861697001",NA,104,91,9
"714180948636232","Congressman Tom Emmer","I am proud that my legislation “The U.S. Wants to Compete for a World Expo Act” passed off the House Floor. With this passage, Minnesota, and the United States as a whole, will be one step closer to being able to highlight our innovative spirit and incredible success stories on a global stage. Minnesota is a great state with a lot to offer, and hosting a World’s Fair or Expo is an incredible opportunity to bring people, revenue and tax dollars to Minnesota, all while showing off our state’s natural beauty and incredible people. Additionally, I am proud this bill ensures taxpayer protections at a time when there is so much waste. I am excited that we are closer to realizing the dream of Minnesota hosting the World’s Fair, and I am glad to have the support of the entire Minnesota delegation.","2017-04-25T22:08:38+0000","link","https://emmer.house.gov/media-center/press-releases/emmer-legislation-help-state-compete-world-expo-passes-house","714180948636232_1349226915131629",NA,42,36,6
"714180948636232","Congressman Tom Emmer","Today I had the chance to visit staff and read to students at the Reach Up Head Start School in St. Cloud. It was such a blast reading “House Mouse, Senate Mouse” to the students and teaching them all about the legislative system. Based off their interest and questions, I think we may have had some future Representatives in the room!","2017-04-21T17:49:05+0000","photo","https://www.facebook.com/reptomemmer/photos/a.783160458404947.1073741829.714180948636232/1344353842285603/?type=3","714180948636232_1344354265618894","Congressman Tom Emmer added 3 new photos.",93,19,12
"714180948636232","Congressman Tom Emmer","April is Financial Literacy Month, so I joined Affinity Plus Federal Credit Union and visited Rocori District High School students to have a discussion about the importance of fiscal responsibility and planning for your future. As the parent to seven children, many of whom are now adults, I know how imperative it is to emphasize the importance of saving and financial literacy throughout their lifetime. That is why I appreciate the opportunity to work with industry experts to encourage students to look towards their future. Whether you are saving for your education, a house, retirement, or even just vacation, planning and preparation is crucial not just to individual success, but to the success of our nation. To learn more about this visit, click below.","2017-04-20T17:16:17+0000","link","https://emmer.house.gov/media-center/press-releases/emmer-encourages-fiscal-responsibility-among-high-school-students","714180948636232_1343172299070424",NA,49,16,4
"714180948636232","Congressman Tom Emmer","Jacquie and I wish you all a happy Easter!","2017-04-16T16:32:41+0000","photo","https://www.facebook.com/reptomemmer/photos/a.783160458404947.1073741829.714180948636232/1338247622896225/?type=3","714180948636232_1338247622896225",NA,61,3,3
"714180948636232","Congressman Tom Emmer","Tax Day is rapidly approaching which means you may be one of the many Americans scrambling to figure out and complete complicated tax forms built around an archaic and excessive tax code. All with the simple hope that some of your hard-earned money may get returned from the government.    If we are ever going to have an environment where every family and every business has the chance to succeed, we must continue to fight for major reform to our nation’s tax code. Watch my video below to hear more.","2017-04-16T00:55:26+0000","video","https://www.facebook.com/reptomemmer/videos/1337271606327160/","714180948636232_1337271606327160",NA,57,50,3
"714180948636232","Congressman Tom Emmer","This morning, Jacquie and I attended our son’s Naval Graduation in Norfolk. I could not be more proud of Petty Officer 3rd Class Joe Emmer.","2017-04-14T15:18:15+0000","photo","https://www.facebook.com/reptomemmer/photos/a.783160458404947.1073741829.714180948636232/1335097953211192/?type=3","714180948636232_1335097953211192",NA,446,58,11
"714180948636232","Congressman Tom Emmer","My office is currently accepting applications for our annual Young Women Leadership Program, designed to highlight the accomplishments of Minnesotan women, all while fostering the growth of the women leaders of tomorrow. If you or somebody you know might be interest, click below to learn more.","2017-04-12T21:05:57+0000","link","https://emmer.house.gov/young-women-leadership-program","714180948636232_1332973913423596",NA,14,21,16
"714180948636232","Congressman Tom Emmer","Last week I announced that my office is officially accepting applications for my second annual Young Women Leadership Program. To learn more about this exciting program, designed to inspire young women, check out my video below!","2017-04-07T19:48:11+0000","video","https://www.facebook.com/reptomemmer/videos/1327194000668254/","714180948636232_1327194000668254",NA,33,16,3
"714180948636232","Congressman Tom Emmer","Judge Neil Gorsuch’s appointment to the United States Supreme Court is a win for the American people. Read my full statement on his confirmation below.","2017-04-07T18:37:59+0000","photo","https://www.facebook.com/reptomemmer/photos/a.783160458404947.1073741829.714180948636232/1327131950674459/?type=3","714180948636232_1327131950674459",NA,92,61,3
"714180948636232","Congressman Tom Emmer","Today, I spoke on the House Floor on behalf of the Supporting America’s Innovators Act. Today’s small businesses are tomorrow’s big businesses, and if our entrepreneurs and business owners are to succeed, then we must remove the roadblocks standing in their way. This legislation will help to do just that by increasing the number of individuals who can invest in and support startups and small businesses across the country. It will help jumpstart capital formation, so that businesses not just survive, but once again thrive. Learn more by watching my speech below.","2017-04-06T17:21:39+0000","video","https://www.facebook.com/reptomemmer/videos/1325718017482519/","714180948636232_1325718017482519",NA,44,9,3
"714180948636232","Congressman Tom Emmer","This year, my office will once again be hosting a Young Women Leadership Program with events that will take place this summer. This program is designed to highlight the amazing achievements of trailblazing women all while fostering the growth of the women leaders of tomorrow. Last year’s program went incredibly well, and I am looking forward to continued success this year because we have even more excellent women mentors who will have the chance to teach and inspire high school girls who are starting to seriously think about their futures. If you or anyone you know is interested in this exciting opportunity, click below to learn more!","2017-04-05T22:08:22+0000","link","https://emmer.house.gov/media-center/press-releases/emmer-announces-second-annual-young-women-leadership-program","714180948636232_1324718404249147",NA,8,3,3
"714180948636232","Congressman Tom Emmer","Today, I was proud to host the Ox in the Afternoon in my D.C. office for his annual broadcast from the nation’s capital. Huge thanks to Congressman Will Hurd of Texas, Congressman Roger Marshall of Kansas, Congressman Sean Duffy of Wisconsin, Minnesota’s very own Congressmen Collin Peterson and Erik Paulsen, Congressman Brian Babin of Texas and Congressman James Comer of Kentucky for participating. To listen to this exciting broadcast, tune it to KNSI from 2-5 central. http://knsiradio.com/listen-live","2017-04-04T19:04:32+0000","photo","https://www.facebook.com/reptomemmer/photos/a.1323281687726152.1073741880.714180948636232/1323281734392814/?type=3","714180948636232_1323393231048331","Congressman Tom Emmer shared their album: Ox in the Afternoon's Annual DC Broadcast.",23,76,1
"714180948636232","Congressman Tom Emmer","On the last day of Women’s History Month, I am happy to announce that my office will be hosting the second annual Young Women Leadership Program for Minnesota’s Sixth District. This great program is meant to highlight the amazing achievements of Minnesota women all while inspiring the next generation. To learn more about this excellent program and how to apply, please check out the link below.","2017-03-31T21:13:48+0000","link","https://emmer.house.gov/media-center/press-releases/emmer-announces-second-annual-young-women-leadership-program","714180948636232_1318972528157068",NA,13,12,5
"714180948636232","Congressman Tom Emmer","As Women’s History Month comes to an end, be sure to read my latest Medium Post celebrating our nation’s women trailblazers and how we can best honor them.","2017-03-31T18:49:25+0000","link","https://medium.com/@RepTomEmmer/how-to-best-honor-our-nations-trailblazing-women-9aa639c6b9af","714180948636232_1318859038168417",NA,17,39,10
"714180948636232","Congressman Tom Emmer","I have always believed that an all-of-the-above energy policy was the best approach to securing our nation’s energy needs. Unfortunately, the last Administration did not share this belief, doing everything possible to promote and implement policies that prevented energy independence, often with overwhelming consequences for families across America. Thankfully, President Trump has chosen to implement a more pragmatic approach to energy. Learn more by watching my Ask Tom video below.","2017-03-31T17:11:15+0000","video","https://www.facebook.com/reptomemmer/videos/1318773588176962/","714180948636232_1318773588176962",NA,74,94,18
"714180948636232","Congressman Tom Emmer","Following this week’s House vote on FCC rules and privacy, there has been a lot of misinformation and confusion about what the resolution actually does. Many have expressed concern that their browsing history and internet data is now less secure and private than it was before. However, that is simply not the case. The legislation the House approved rolls back an Obama Administration rule – that had yet to take effect – which took advantage of Americans privacy values and instead empowers agency bureaucrats. It removes duplicative regulation and also takes the government out of the position of picking winners and losers, creating a level playing field for all internet service providers and companies. Telecommunications carriers are still obligated by law to protect confidential customer information, as they have been for over 20 years. Privacy protection, particularly from government intrusion, has been an important priority of mine since taking office.   The bottom line: your information is just as secure today as was last week.","2017-03-30T21:03:58+0000","link","https://www.forbes.com/sites/larrydownes/2017/03/30/why-congresss-rejection-of-proposed-fcc-data-rules-will-not-affect-your-privacy-in-the-slightest/#3c6cedf28b14","714180948636232_1317930131594641",NA,21,63,27
"714180948636232","Congressman Tom Emmer","The time for the Congressional Art Competition is once again upon us! If you are a high school student in Minnesota’s Sixth Congressional District, don’t miss out on this incredible opportunity! Learn more below:","2017-03-29T21:35:32+0000","link","https://emmer.house.gov/services/art-competition","714180948636232_1317009561686698",NA,7,9,4
"714180948636232","Congressman Tom Emmer","Recent reports have shown that many of our veterans have experienced issues with the Veterans Crisis Line. Our nation’s heroes deserve better and should not have to face long wait times or ignored calls when looking for help. This is why many of my colleagues and I sent a letter to Department of Veterans Affairs Secretary asking that a permanent director be assigned to the Veterans Crisis Line as well as demanding an explanation of how the VA intends to correct this serious issue. To read the full letter that was sent to Secretary Shulkin, click below.","2017-03-28T20:20:49+0000","link","https://goo.gl/hFVukC","714180948636232_1315940625126925",NA,34,32,2
"714180948636232","Congressman Tom Emmer","Wishing the happiest of birthdays to my queen, Jacquie Emmer. Love you forever.","2017-03-24T17:37:49+0000","photo","https://www.facebook.com/reptomemmer/photos/a.783160458404947.1073741829.714180948636232/1311656928888628/?type=3","714180948636232_1311656928888628",NA,144,25,6
"714180948636232","Congressman Tom Emmer","On National Agriculture Day, I’m proud to recognize and thank the hardworking individuals who ensure this vital industry’s success.","2017-03-21T18:34:26+0000","video","https://www.facebook.com/reptomemmer/videos/1308681132519541/","714180948636232_1308681132519541",NA,44,37,3
"714180948636232","Congressman Tom Emmer","Wishing the happiest of birthdays to the best man I know, my father Tom Sr. I love you dad!","2017-03-20T16:07:32+0000","photo","https://www.facebook.com/reptomemmer/photos/a.783160458404947.1073741829.714180948636232/1307739882613666/?type=3","714180948636232_1307739882613666",NA,104,14,0
"714180948636232","Congressman Tom Emmer","This week, my colleagues and I passed two bills that will ensure our nation’s veterans receive timely, quality care from the institutions designed to help them. Learn more by watching my Ask Tom video below.","2017-03-17T20:04:09+0000","video","https://www.facebook.com/reptomemmer/videos/1305357969518524/","714180948636232_1305357969518524",NA,52,33,8
"714180948636232","Congressman Tom Emmer","A little snow isn’t going to keep my office from being open today. My staff and I are here ready to serve #MN06!","2017-03-14T14:59:56+0000","photo","https://www.facebook.com/reptomemmer/photos/a.783160458404947.1073741829.714180948636232/1302564609797860/?type=3","714180948636232_1302564609797860",NA,102,42,2
"714180948636232","Congressman Tom Emmer","This week I reintroduced my Financial Stability Oversight Council (FSOC) Reform Act, which will increase oversight, transparency and accountability by subjecting the FSOC to the Congressional Appropriations Process. Learn more about this bill and why it is necessary in my press release below.","2017-03-10T21:44:13+0000","link","https://emmer.house.gov/media-center/press-releases/emmer-introduces-legislation-increase-oversight-and-accountability","714180948636232_1299043956816592",NA,18,19,0
"714180948636232","Congressman Tom Emmer","This week my colleagues and I voted to pass the 2017 Defense Appropriations Bill which will give funds to rebuild our military, enact readiness programs, update critical equipment as well as give our troops a well-deserved raise. To learn more about this bill, and why its passage was necessary, click on my Ask Tom video below.","2017-03-10T19:58:11+0000","video","https://www.facebook.com/reptomemmer/videos/1298972820157039/","714180948636232_1298972820157039",NA,71,58,10
"714180948636232","Congressman Tom Emmer","Have your family or business been negatively impacted by Obama’s burdensome regulations and unaccountable Washington bureaucrats? If so, click on the link below and share your financial story with me. We are currently working to rollback burdensome regulations and make agencies accountable to all Americans again, and hearing your personal stories helps ensure that the correct steps are taken.","2017-03-09T20:32:38+0000","link","https://emmer.house.gov/share-your-financial-story","714180948636232_1298106976910290",NA,28,142,12
"714180948636232","Congressman Tom Emmer","Every year, Senator Franken hosts a hotdish competition with the entire Minnesota delegation. This year my Sunday Beer Run and Brat hotdish came in second to Rep. Collin Peterson's Right to Bear Arms hotdish. It was a blast participating in this great Minnesotan tradition with my colleagues, and I can't wait to bring home the gold next year. If you are interested in trying my hotdish, be sure to check out the recipe below!  emmer.house.gov/sites/emmer.house.gov/files/SundayBeerRunandBratHotdish.pdf","2017-03-08T19:49:49+0000","photo","https://www.facebook.com/reptomemmer/photos/a.1297066700347651.1073741879.714180948636232/1297073063680348/?type=3","714180948636232_1297073063680348","Congressman Tom Emmer added 16 new photos to the album: 2017 Hotdish Delegation.",105,20,2
"714180948636232","Congressman Tom Emmer","This week the House GOP released the American Health Care Act. Click on the link below to #Readthebill:","2017-03-07T15:52:38+0000","link","https://housegop.leadpages.co/healthcare/","714180948636232_1295908207130167",NA,21,76,14
"714180948636232","Congressman Tom Emmer","Wishing a happy birthday to one of the most incredible women in my life, my stunning mother, Patsy! Have a fantastic day Mom, you deserve it!","2017-03-06T19:07:27+0000","photo","https://www.facebook.com/reptomemmer/photos/a.783160458404947.1073741829.714180948636232/1295217797199208/?type=3","714180948636232_1295217797199208",NA,138,13,1
"714180948636232","Congressman Tom Emmer","Happy Birthday to our fearless leader and the world’s best boss! – staff","2017-03-03T15:41:47+0000","photo","https://www.facebook.com/reptomemmer/photos/a.783160458404947.1073741829.714180948636232/1292591727461815/?type=3","714180948636232_1292591727461815",NA,75,11,2
"714180948636232","Congressman Tom Emmer","Our veterans are the best that this nation has to offer. Since they have done so much to take care of us, it is vital that we return the favor once they return home. That is why I was so happy to meet with the Disabled American Veterans this morning. They do excellent work serving disabled military veterans and their families, and I have the utmost respect for all that they do. I look forward to working with this excellent group in the 115th Congress.","2017-03-01T17:46:12+0000","photo","https://www.facebook.com/reptomemmer/photos/a.783160458404947.1073741829.714180948636232/1291104990943822/?type=3","714180948636232_1291105604277094","Congressman Tom Emmer added 2 new photos.",37,8,0
"714180948636232","Congressman Tom Emmer","I join President Trump’s Commitment to the Renewal of the American Spirit. Read my full release below.","2017-03-01T04:28:26+0000","photo","https://www.facebook.com/reptomemmer/photos/a.783160458404947.1073741829.714180948636232/1290644417656546/?type=3","714180948636232_1290644417656546",NA,161,62,18
"714180948636232","Congressman Tom Emmer","Agriculture is a vital industry in Minnesota, so we must work to keep this industry successful. That’s why I am so thankful to everyone who turned out for my Ag listening session today!","2017-02-24T22:08:28+0000","photo","https://www.facebook.com/reptomemmer/photos/a.783160458404947.1073741829.714180948636232/1286986794688975/?type=3","714180948636232_1286986794688975",NA,43,12,3
"714180948636232","Congressman Tom Emmer","Thanks to everyone who joined me at my town hall last night! I enjoyed speaking with you all, hearing your feedback, and answering your questions!","2017-02-23T19:45:31+0000","photo","https://www.facebook.com/reptomemmer/photos/a.1286001878120800.1073741878.714180948636232/1286001891454132/?type=3","714180948636232_1286001891454132","Congressman Tom Emmer added 9 new photos to the album: Sartell Town Hall.",92,35,3
"714180948636232","Congressman Tom Emmer","Thanks to Legacy Christian Academy for allowing me to read to the kids and visit with your staff. I had a great time!","2017-02-22T18:26:49+0000","photo","https://www.facebook.com/reptomemmer/photos/a.783160458404947.1073741829.714180948636232/1285131554874499/?type=3","714180948636232_1285132331541088","Congressman Tom Emmer added 3 new photos.",91,31,8
"714180948636232","Congressman Tom Emmer","It's a beautiful day to get to work in Minnesota's Sixth District!","2017-02-22T14:13:41+0000","photo","https://www.facebook.com/reptomemmer/photos/a.783160458404947.1073741829.714180948636232/1284984461555875/?type=3","714180948636232_1284986634888991","Congressman Tom Emmer added 2 new photos.",213,47,4
"714180948636232","Congressman Tom Emmer","On Opioid Awareness Day, we must reaffirm our commitment to the fight against drug addiction.","2017-02-21T16:29:49+0000","video","https://goo.gl/1xBwne","714180948636232_1284219278299060",NA,33,23,4
"714180948636232","Congressman Tom Emmer","In honor of President’s Day, check out the video I filmed last year which highlights one of my favorite Presidents.","2017-02-20T18:13:53+0000","video","https://www.facebook.com/reptomemmer/videos/1283335248387463/","714180948636232_1283335248387463",NA,27,20,0
"714180948636232","Congressman Tom Emmer","Our veterans deserve to be assisted and taken care of by the institutions designated to help them. That’s why this week, the majority of my colleagues and I passed three pieces of legislation that will help our veterans. To learn more, check out my Ask Tom video below.","2017-02-17T22:46:50+0000","video","https://www.facebook.com/reptomemmer/videos/1280727298648258/","714180948636232_1280727298648258",NA,27,10,0
"714180948636232","Congressman Tom Emmer","This week I spoke on the House Floor to remember the extraordinary life of WCCO radio & Gopher Sports legend Ray Christensen.","2017-02-17T21:41:22+0000","video","https://www.facebook.com/reptomemmer/videos/1280679578653030/","714180948636232_1280679578653030",NA,38,17,1
"714180948636232","Congressman Tom Emmer","“Improving relations with Cuba does not mean that we should discard the claims of the many who have lost their freedoms, their property, or even their loved ones under the brutal Castro regime. However, by engaging with Cuba, we can create new jobs, improve our security, and generate new opportunities for both countries as we work to right the wrongs of the past.”   Learn more about my stance on Cuba by reading my latest op-ed in The Ripon Society, titled Continuing the Shift on Cuba.","2017-02-15T22:47:11+0000","link","http://www.riponsociety.org/article/continuing-the-shift-on-cuba/","714180948636232_1278503462203975",NA,20,15,2
"714180948636232","Congressman Tom Emmer","Wishing a Happy Valentine’s Day to my soulmate and best friend, my beautiful wife Jacquie.","2017-02-14T15:54:38+0000","photo","https://www.facebook.com/reptomemmer/photos/a.783160458404947.1073741829.714180948636232/1276971039023884/?type=3","714180948636232_1276971039023884",NA,128,10,5
"714180948636232","Congressman Tom Emmer","The Email Privacy Act will uphold the 4th Amendment by protecting Americans from gov’t intrusion, which is why I am so happy that this vital legislation passed the House last night. To learn more, watch me speak on the House Floor in support of the Email Privacy Act.","2017-02-07T20:13:05+0000","video","https://www.facebook.com/reptomemmer/videos/1271462416241413/","714180948636232_1271462416241413",NA,45,8,2
"714180948636232","Congressman Tom Emmer","Last Friday, President Trump signed two executive orders related to the financial services industry. Due to many Minnesotans wanting to hear more about why I support these executive orders, I wanted to use this week’s video to go more into depth. Check out my video below.","2017-02-06T22:37:59+0000","video","https://www.facebook.com/reptomemmer/videos/1270597906327864/","714180948636232_1270597906327864",NA,38,29,4
"714180948636232","Congressman Tom Emmer","Wishing a happy 18th birthday to my son Billy! Your mother and I are so proud of the young man you’ve become, and we cannot wait to see what your future holds!","2017-02-06T17:18:29+0000","status",NA,"714180948636232_1270359363018385",NA,50,3,0
"714180948636232","Congressman Tom Emmer","Pleased to see President Trump take steps to grant American consumers & financial institutions much needed regulatory relief.","2017-02-03T23:09:00+0000","link","https://goo.gl/ci47A8","714180948636232_1267865399934448",NA,68,90,19
"714180948636232","Congressman Tom Emmer","This week, the President and Congress worked towards rolling back excessive regulations. Learn more by watching my Ask Tom video below.","2017-02-03T20:57:54+0000","video","https://www.facebook.com/reptomemmer/videos/1267798983274423/","714180948636232_1267798983274423",NA,20,34,5
"714180948636232","Congressman Tom Emmer","The Affordable Care Act has had a horrible impact on Minnesota, causing many our hardworking residents to suffer. That’s why, this week, Representative Jason Lewis and I sent a letter to President Trump asking for an extension of the current MNSure enrollment deadline so that Minnesotans will have a chance to benefit from the relief provided by the state, and give ample time to evaluate and purchase health insurance for 2017. View our letter below.","2017-02-01T21:20:36+0000","link","https://goo.gl/EyB6gj","714180948636232_1265960946791560",NA,52,53,8
"714180948636232","Congressman Tom Emmer","This week I signed a letter supporting the removal of IRS Commissioner John Koskinen. The IRS, under Koskinen’s poor leadership, has lost the trust of the American people which is why I believe the time has come to relieve him of his duties. To view the letter, click the link below.","2017-01-31T23:09:21+0000","link","https://emmer.house.gov/sites/emmer.house.gov/files/IRS%20-%20Koskinen%20-%20FINAL.pdf","714180948636232_1265124450208543",NA,186,46,9
"714180948636232","Congressman Tom Emmer","This morning, I was honored to join a deployment ceremony for the 257th Military Police Company. Proud to stand among so many courageous men and women in uniform. Thank you for your service and praying for a quick and safe return!","2017-01-28T20:36:01+0000","photo","https://www.facebook.com/reptomemmer/photos/a.781309821923344.1073741828.714180948636232/1262390097148645/?type=3","714180948636232_1262390953815226","Congressman Tom Emmer added 3 new photos.",72,12,1
"714180948636232","Congressman Tom Emmer","Thank you to everyone who joined the March for Life yesterday! As Vice President Pence said ""life is winning again in America!"" I am committed to working with President Trump and my colleagues in the 115th Congress to defend life.","2017-01-28T15:11:19+0000","link","http://m.washingtontimes.com/news/2017/jan/27/march-life-mike-pence-life-winning-again-america/","714180948636232_1262181000502888",NA,111,37,7
"714180948636232","Congressman Tom Emmer","Today is the first day of the St. Paul Winter Carnival so I wanted to share a #TBT of my beautiful wife Jacquie when she was crowned Queen of Snows at the carnival!","2017-01-26T16:54:37+0000","photo","https://www.facebook.com/reptomemmer/photos/a.783160458404947.1073741829.714180948636232/1260517960669192/?type=3","714180948636232_1260517960669192",NA,274,21,4
"714180948636232","Congressman Tom Emmer","This week is School Choice Week, so I want to highlight the importance of school choice in Minnesota and across our nation. I am the proud father of seven beautiful children, and I know that their mother and I are better suited than Washington bureaucrats in deciding what type of education they receive. Education should not be a one size fits all system, and I strongly believe that parents should decide what type of public, private, magnet, charter, religious, or home school that best fits their child’s needs.","2017-01-25T18:39:54+0000","photo","https://www.facebook.com/reptomemmer/photos/a.783160458404947.1073741829.714180948636232/1259614097426245/?type=3","714180948636232_1259614097426245",NA,58,26,2
"714180948636232","Congressman Tom Emmer","Today I was proud to speak on the House Floor to remember the life of Dick Bernick, and his incredible legacy of generosity.","2017-01-24T22:40:51+0000","video","https://www.facebook.com/reptomemmer/videos/1258746920846296/","714180948636232_1258746920846296",NA,17,3,1
"714180948636232","Congressman Tom Emmer","I am incredibly excited to learn about President Trump’s actions today to advance the energy interests of this nation through his move to advance the Keystone XL and Dakota Access pipelines. Click below to learn more.","2017-01-24T21:17:52+0000","link","https://goo.gl/aWjuc7","714180948636232_1258691870851801",NA,94,56,7
"714180948636232","Congressman Tom Emmer","Jacquie and I join all Minnesotans in sending prayers to Governor Mark Dayton. I know firsthand that he's a fighter and will face this disease head on.","2017-01-24T19:36:58+0000","status",NA,"714180948636232_1258626947524960",NA,121,8,2
"714180948636232","Congressman Tom Emmer","We will be accomplishing a lot during the 115th Congress, so I encourage everyone to join me at my first town hall of the year in Stearns County on February 22 to hear all about our plans. But more importantly, I would like to hear from you and learn all about what you would like to see achieved over the next two years!","2017-01-23T22:41:15+0000","photo","https://www.facebook.com/reptomemmer/photos/a.783160458404947.1073741829.714180948636232/1257744860946502/?type=3","714180948636232_1257744860946502",NA,45,22,39
"714180948636232","Congressman Tom Emmer","Today is Hockey Day Minnesota, one of my favorite days! It’s only fitting to share some stories from my nearly 50 years of playing hockey.","2017-01-21T18:43:56+0000","video","https://goo.gl/DmLhTz","714180948636232_1255438617843793",NA,43,6,0
"714180948636232","Congressman Tom Emmer","Today, the world watched President Trump expound upon his hopes for the future of this nation. I agree with President Trump that, ‘when America is united, America is totally unstoppable’ and after hearing his message today, I am even more optimistic about our path forward. I am looking forward to working with President Trump and the 115th Congress to make our hopes and dreams – and those of millions of Americans - a reality.","2017-01-20T19:11:13+0000","photo","https://www.facebook.com/reptomemmer/photos/a.783160458404947.1073741829.714180948636232/1254529284601393/?type=3","714180948636232_1254529981267990","Congressman Tom Emmer added 2 new photos.",383,30,15
"714180948636232","Congressman Tom Emmer","Thanks to everyone who stopped by my open house today! Glad to have the chance to talk to Minnesotans and even break out the selfie stick!","2017-01-19T21:12:59+0000","photo","https://www.facebook.com/reptomemmer/photos/a.783160458404947.1073741829.714180948636232/1253822181338770/?type=3","714180948636232_1253822181338770",NA,72,2,8
"714180948636232","Congressman Tom Emmer","My open house to welcome inauguration guests is getting started. Please stop by 315 Cannon House Office Building if you are in town!","2017-01-19T16:03:27+0000","photo","https://www.facebook.com/reptomemmer/photos/a.783160458404947.1073741829.714180948636232/1253662571354731/?type=3","714180948636232_1253662571354731",NA,58,1,1
"714180948636232","Congressman Tom Emmer","I reintroduced legislation to make America competitive again. Learn more below.","2017-01-18T21:58:11+0000","link","https://emmer.house.gov/media-center/press-releases/emmer-reintroduces-legislation-make-america-competitive-again","714180948636232_1252874901433498",NA,50,16,2
"714180948636232","Congressman Tom Emmer","Today I had students from Cathedral High School in St. Cloud join me in my new Washington D.C. office to discuss the value of civic engagement and the future of government. It was inspiring to speak to such an intelligent and interested group of kids. Our children are the future of this nation, and after meeting these students, I am reminded that the future is very bright!","2017-01-18T20:28:12+0000","photo","https://www.facebook.com/reptomemmer/photos/a.783160458404947.1073741829.714180948636232/1252819974772324/?type=3","714180948636232_1252819974772324",NA,65,5,4
"714180948636232","Congressman Tom Emmer","Minnesota is the greatest state in the country and bringing the World’s Fair to Minnesota would be the perfect way to showcase the businesses, people and natural beauty that our state has to offer.","2017-01-17T21:28:55+0000","link","https://emmer.house.gov/media-center/press-releases/emmer-introduces-legislation-bring-worlds-fair-minnesota","714180948636232_1252024001518588",NA,35,4,5
"714180948636232","Congressman Tom Emmer","Check out my video below to learn about why I am excited to spend Inauguration week here in our nation’s Capital!","2017-01-17T19:31:52+0000","video","https://www.facebook.com/reptomemmer/videos/1251954844858837/","714180948636232_1251954844858837",NA,44,2,2
"714180948636232","Congressman Tom Emmer","Today we must pause to remember the life and legacy of Dr. Martin Luther King Jr. He remained courageous in the face of tremendous adversity so that we may all live in a better nation. He inspired us all and we will never forget the lessons he taught us.","2017-01-16T18:49:36+0000","photo","https://www.facebook.com/reptomemmer/photos/a.783160458404947.1073741829.714180948636232/1251162878271367/?type=3","714180948636232_1251162878271367",NA,32,1,1
"714180948636232","Congressman Tom Emmer","An exciting aspect of the start of a new Congress is that we have the opportunity to change offices. I am proud to announce that my D.C. office is now located in 315 Cannon House Office Building, and in a fortunate twist, my office has an interesting bit of history behind it. To learn about the history behind my office, check out my Ask Tom video below where I give a tour of 315 Cannon.","2017-01-13T21:37:21+0000","video","https://www.facebook.com/reptomemmer/videos/1248657641855224/","714180948636232_1248657641855224",NA,50,14,8
"714180948636232","Congressman Tom Emmer","Small businesses are a huge driver of our state, but running one is no easy task. That is why I thanked three of the best businesses in Elk River for their contributions to our community and Minnesota as whole.","2017-01-12T20:17:56+0000","video","https://www.facebook.com/reptomemmer/videos/1247817038605951/","714180948636232_1247817038605951",NA,105,8,52
"714180948636232","Congressman Tom Emmer","Today I am proud to support the Regulatory Accountability Act, which will decrease the burdensome regulations created by unelected bureaucrats. To learn more about the regulations that have been strangling small businesses and American families for the past eight years, check out the link below.","2017-01-11T21:44:34+0000","link","http://www.speaker.gov/general/-by-the-numbers-regulatory-accountability-act","714180948636232_1246991245355197",NA,47,11,3
"714180948636232","Congressman Tom Emmer","Hard to believe that today my eldest son and my namesake turns 27! Tripp, I love you and wish you the happiest of birthdays!","2017-01-10T17:28:07+0000","photo","https://www.facebook.com/reptomemmer/photos/a.783160458404947.1073741829.714180948636232/1246075525446769/?type=3","714180948636232_1246075525446769",NA,96,7,1
"714180948636232","Congressman Tom Emmer","On Law Enforcement Appreciation Day, I am displaying this blue light to honor all the courageous individuals who protect us each and every day.","2017-01-09T23:20:37+0000","photo","https://www.facebook.com/reptomemmer/photos/a.783160458404947.1073741829.714180948636232/1245554438832211/?type=3","714180948636232_1245554438832211",NA,43,0,2
"714180948636232","Congressman Tom Emmer","Are you having difficulty navigating a federal agency? If so, never fear! My staff will be holding mobile office hours once again to assist you with any troubles that you might be having. Be sure to stop by mobile office hours tomorrow at the Watertown City Hall from 9:30 to 11:30am! If you can’t make it, then visit https://emmer.house.gov/about/events to find an upcoming event that will be more convenient for you!","2017-01-09T23:03:26+0000","photo","https://www.facebook.com/reptomemmer/photos/a.783160458404947.1073741829.714180948636232/1245544452166543/?type=3","714180948636232_1245544452166543",NA,7,1,3
"714180948636232","Congressman Tom Emmer","On Sunday, I attended a deployment ceremony for the members of the Minnesota Air Force Reserves 934th Airlift Wing. While watching these brave men and women saying their final goodbyes to their families, I was again reminded of the great sacrifice made by those in our nation’s armed forces. This is a sacrifice that we must never take for granted, and I can’t thank these individuals enough for their brave service.","2017-01-09T22:39:08+0000","photo","https://www.facebook.com/reptomemmer/photos/a.783160458404947.1073741829.714180948636232/1245534012167587/?type=3","714180948636232_1245534012167587",NA,69,4,3
"714180948636232","Congressman Tom Emmer","Today, on National Law Enforcement Day, I ask that you all take a moment to appreciate the men and women, whose job it is to protect our communities each and every day. Minnesota is home to many phenomenal law enforcement officers, who at times put their lives on the line to ensure our safety and security. Their jobs are not easy, but they are incredibly important, so make sure to thank a law enforcement officer today!","2017-01-09T17:17:02+0000","photo","https://www.facebook.com/reptomemmer/photos/a.783160458404947.1073741829.714180948636232/1245356615518660/?type=3","714180948636232_1245356615518660",NA,45,1,12
"714180948636232","Congressman Tom Emmer","Like all of you, I myself have a lot of expectations for what needs be accomplished over the next few years. The American people spoke on Election Day and made it clear that they want things to change. So that is our mandate. To learn more about the top items on the legislative agenda, check out my Ask Tom video below.","2017-01-06T19:39:28+0000","video","https://www.facebook.com/reptomemmer/videos/1243151392405849/","714180948636232_1243151392405849",NA,38,19,1
"714180948636232","Congressman Tom Emmer","The 115th Congress is officially underway, and the first week was a success. Be sure to sign up for my weekly newsletter to learn all about the start of the new Congress and to keep up to date with our activities this year!","2017-01-06T15:58:42+0000","link","https://emmer.house.gov/contact/newsletter","714180948636232_1243005132420475",NA,11,0,0
"714180948636232","Congressman Tom Emmer","#TBT to when I was first sworn in as a Member of Congress. Glad none of mine dabbed.","2017-01-06T02:27:18+0000","photo","https://www.facebook.com/reptomemmer/photos/a.783160458404947.1073741829.714180948636232/1242489362472052/?type=3","714180948636232_1242489362472052",NA,92,7,0
"714180948636232","Congressman Tom Emmer","Today I took to the House Floor to discuss the problem of excessive government. For the past eight years, opportunity in America has been under attack by regulations and unelected regulators from Washington. If every American is to have the ability to pursue the American dream, this must end. To learn more, watch my speech below.","2017-01-05T20:28:08+0000","video","https://www.facebook.com/reptomemmer/videos/1242295312491457/","714180948636232_1242295312491457",NA,105,19,26
"714180948636232","Congressman Tom Emmer","In my first speech of the 115th Congress, I thanked the men and women who bravely serve our nation.","2017-01-04T18:55:21+0000","video","https://www.facebook.com/reptomemmer/videos/1241471355907186/","714180948636232_1241471355907186",NA,96,13,9
"714180948636232","Congressman Tom Emmer","I believe that town halls are one of the most important parts of my job because they allow me to speak to and hear from the wonderful constituents of Minnesota’s Sixth District. That is why during the 114th Congress, I hosted 24 town halls throughout the district in my first 24 months in office. Check out my latest blog post to learn all about my town halls and more about why I think they are crucial!","2017-01-02T16:56:43+0000","link","https://medium.com/@RepTomEmmer/24-town-halls-in-24-months-140ba8ab3cfc#.aszmm6ehs","714180948636232_1237607646293557",NA,40,2,2
