"from_id","from_name","message","created_time","type","link","id","story","likes_count","comments_count","shares_count"
"118723661514709","Congressman Pete Visclosky","Pleased to sign the letter below to support strong Buy American policies in upcoming NAFTA renegotiation discussions. The letter states that Buy American laws ensure that hard-working Americans’ tax dollars are spent on products that are made domestically and stimulate local economies, and that it is vital that our trade agreements are negotiated to allow domestic content preferences. I will continue to do all that I can to support strong Buy American requirements.","2017-06-23T14:40:43+0000","link","http://visclosky.house.gov/sites/visclosky.house.gov/files/wysiwyg_uploaded/Buy%20American%20NAFTA%20to%20USTR.pdf","118723661514709_1438877669499295",NA,38,5,6
"118723661514709","Congressman Pete Visclosky","As the Ranking Member of the House Defense Appropriations Subcommittee, I will continue to advocate for strong Buy America requirements to support our national defense and our dedicated steel and manufacturing workers as we draft our Fiscal Year 2018 legislation next week.","2017-06-22T14:37:35+0000","link","http://visclosky.house.gov/media-center/press-releases/congressional-steel-caucus-leaders-to-president-support-domestic-steel","118723661514709_1437990179588044",NA,150,21,18
"118723661514709","Congressman Pete Visclosky","My thoughts and prayers are with the Capitol Police, my Congressional colleagues, their staff members, and all others impacted by this morning's horrible shooting.","2017-06-14T13:47:47+0000","status",NA,"118723661514709_1430189177034811",NA,134,9,0
"118723661514709","Congressman Pete Visclosky","I would like to thank the U.S. Army Corps of Engineers,  Lake County Commissioner Mike Repay, Lake County Surveyor Bill Emerson, Jr., and all the members of their dedicated team who initiated this outstanding federal project. Because of their commitment to improving the storm sewer drainage system in Calumet Township, the ability to care for and protect homes in this community will be vastly improved, and will further enable the residents to thrive and contribute to our growing regional economy.","2017-06-13T14:12:30+0000","link","http://www.chicagotribune.com/suburbs/post-tribune/news/ct-ptb-chase-street-drainage-st-0613-20170612-story.html","118723661514709_1429321887121540",NA,30,3,2
"118723661514709","Congressman Pete Visclosky","The Northwest Indiana landscape, our beaches, trails, and quality of life, have been forever improved because of the environmental stewardship and life-long dedication of Dale Engquist. I have always valued Dale’s friendship and his life of public service. My thoughts and prayers are with his wife Jo Ann and his family and friends during this difficult time.","2017-06-07T17:17:22+0000","link","http://www.thenewsdispatch.com/news/article_65e77470-b849-524c-ba34-9835b6a2856b.html","118723661514709_1423988924321503",NA,40,0,2
"118723661514709","Congressman Pete Visclosky","Is your passport expiring soon? The State Department is expecting an increased amount of applications to renew passports in the coming year and is encouraging passport holders to not wait to start the renewal process. Click below for more information on how to renew your passport and do not hesitate to contact my office if you need any other information or assistance.","2017-06-05T16:18:29+0000","link","https://travel.state.gov/content/passports/en/passports/information/apply-early.html","118723661514709_1421927527860976",NA,58,8,28
"118723661514709","Congressman Pete Visclosky","I commend Mayor Freeman-Wilson and Chief Bradley for successfully identifying and securing this federal grant. I am pleased that this funding will further assist the brave members of the Gary Fire Department who put their lives on the line every day to respond to residents in times of need and keep our communities safe.","2017-06-01T14:08:09+0000","link","http://www.nwitimes.com/news/local/crime-and-courts/gary-fire-department-receives-k-federal-grant/article_9053d473-3b83-5d96-970b-9690ee28bc05.html","118723661514709_1418041534916242",NA,50,0,4
"118723661514709","Congressman Pete Visclosky","I was honored to be able to participate this week at the Lake County Memorial Day service at Stoney Run County Park. It is right to remember those who have given their lives on our behalf. It's also important to remember the sacrifices of each of those individual's family and friends and their communities for the sacrifices and losses they have suffered.","2017-05-31T16:20:27+0000","link","http://www.nwitimes.com/news/local/lake-county-residents-memorialize-war-dead/article_45ac36f6-04e5-5846-880f-5e84927a0184.html","118723661514709_1417301984990197",NA,39,2,2
"118723661514709","Congressman Pete Visclosky","This Memorial Day, we remember and honor all who have given their service and sacrifice in defense of our freedoms.  Let us carry the memory of their sacrifice forward as we continue to support our brave men and women in uniform and their families, both as they serve around the globe and as they return home.","2017-05-29T11:00:00+0000","photo","https://www.facebook.com/repvisclosky/photos/a.146113385442403.35596.118723661514709/1412233512163711/?type=3","118723661514709_1412233512163711",NA,96,3,15
"118723661514709","Congressman Pete Visclosky","I would like to thank all of the individuals who participated in last week’s Military Academy Night for their time and willingness to be a part of an informative discussion on the invaluable opportunity of attending one of our military academies. I encourage any student who is interested in applying to click below and contact my office if you are in need of any information: http://visclosky.house.gov/serving-you/military-academy-nominations","2017-05-24T15:13:16+0000","photo","https://www.facebook.com/repvisclosky/photos/a.146113385442403.35596.118723661514709/1410907172296345/?type=3","118723661514709_1410907825629613","Congressman Pete Visclosky added 3 new photos.",44,2,2
"118723661514709","Congressman Pete Visclosky","Testifying this morning at the ITC in support of the American steel industry. #InfrastructureWeek","2017-05-18T13:47:43+0000","video","https://www.facebook.com/repvisclosky/videos/1403582776362118/","118723661514709_1403582776362118","Congressman Pete Visclosky was live — at US International Trade Commission.",101,23,14
"118723661514709","Congressman Pete Visclosky","In recognition of National Police Week, we honor our brave law enforcement officers in Northwest Indiana and from across our country, and we remember those who have given their lives in the service and protection of others. This week and every week, I will continue to do my best to support our law enforcement officers and extend my profound gratitude for their dedication and commitment to keep our communities safe. #PoliceWeek2017","2017-05-17T20:44:50+0000","link","http://www.policeweek.org/","118723661514709_1402677376452658",NA,43,10,13
"118723661514709","Congressman Pete Visclosky","I deeply appreciate the dedicated work of the U.S. Army Corps of Engineers and the City of Hobart, including Mayor Brian Snedecor and the City Council, for collaborating together to support this investment in our region’s water infrastructure.  Because of their commitment to the Northwest Indiana community, the health, safety, and the quality of place for all residents has been improved.","2017-05-17T14:28:15+0000","photo","https://www.facebook.com/usacechicago/photos/a.398571240173679.95327.146365345394271/1518065571557568/?type=3","118723661514709_1402429656477430","Congressman Pete Visclosky shared U.S. Army Corps of Engineers, Chicago District's photo.",29,1,0
"118723661514709","Congressman Pete Visclosky","Reminder - I encourage all students interested in attending a U.S. military academy to attend the 2017 Military Academy Night at 6:00 p.m. on Monday, May 15, at Indiana University Northwest.  For additional information and to access the online application, click below.","2017-05-11T14:12:21+0000","link","http://visclosky.house.gov/serving-you/military-academy-nominations","118723661514709_1397112287009167",NA,32,5,15
"118723661514709","Congressman Pete Visclosky","I am pleased to announce the promotion of several staff members of the Washington, D.C., office who have ties to Northwest Indiana.   We are incredibly fortunate to have such dedicated staff that brings a wealth of perspectives and knowledge of Northwest Indiana to Washington, D.C.  http://visclosky.house.gov/media-center/press-releases/visclosky-announces-the-promotion-of-region-staff-in-washington-dc","2017-05-08T17:33:52+0000","photo","https://www.facebook.com/repvisclosky/photos/a.146113385442403.35596.118723661514709/1394722507248145/?type=3","118723661514709_1394722507248145",NA,271,27,13
"118723661514709","Congressman Pete Visclosky","I remain opposed to Republican health care legislation that unnecessarily causes confusion and threatens access to health care for innumerable Americans. It is estimated that up to 24 million Americans could see their health coverage eliminated or rendered unaffordable. I believe it will harm employer’s ability to provide coverage for their employees and make it more difficult for citizens to secure positive employment opportunities. The purpose of government is to protect people, not hurt them. I am grievously disappointed in the professed policies, the lack of deliberate consideration, and most importantly, the very negative impact that it will have on the people of Indiana’s First Congressional District and our nation.  #VoteNoAHCA","2017-05-04T16:08:38+0000","status",NA,"118723661514709_1390865680967161",NA,736,209,169
"118723661514709","Congressman Pete Visclosky","I encourage all students interested in attending a U.S. military academy to attend the 2017 Military Academy Night at 6:00 p.m. on Monday, May 15, at Indiana University Northwest.  I am pleased to be able to host this informative meeting for any student interested in receiving an outstanding education and serving our nation.  For additional information and to access the online application, click here:  http://visclosky.house.gov/serving-you/military-academy-nominations","2017-05-03T20:47:38+0000","photo","https://www.facebook.com/repvisclosky/photos/a.146113385442403.35596.118723661514709/1389803927740003/?type=3","118723661514709_1389803927740003",NA,29,4,14
"118723661514709","Congressman Pete Visclosky","This past weekend, the U.S. Navy christened the future USS Indiana, which will be our 16th Virginia-class submarine.  I appreciate the extraordinary work of Huntington Ingalls Industries, ArcelorMittal, the United Steelworkers, and the countless others involved in manufacturing such an incredible vessel that will carry forward both our brave sailors and the proud name of our great state while protecting our nation. #IndianaChristening","2017-05-02T14:17:56+0000","photo","https://www.facebook.com/repvisclosky/photos/a.146113385442403.35596.118723661514709/1388390541214675/?type=3","118723661514709_1388392284547834","Congressman Pete Visclosky added 2 new photos.",111,3,48
"118723661514709","Congressman Pete Visclosky","This #WorkersMemorialDay, I want to thank USW Local 1010, all United Steelworkers members, and manufacturing and steel companies, for taking time to remember those who have been lost on the job and for rededicating themselves to prioritizing and improving workplace safety every day.","2017-04-28T15:15:54+0000","photo","https://www.facebook.com/repvisclosky/photos/a.146113385442403.35596.118723661514709/1383963258324070/?type=3","118723661514709_1383963258324070",NA,27,5,5
"118723661514709","Congressman Pete Visclosky",NA,"2017-04-26T19:34:59+0000","photo","https://www.facebook.com/americanwaterwaysoperators/photos/a.459019747443705.111143.159481737397509/1497050733640596/?type=3","118723661514709_1382038735183189","Congressman Pete Visclosky shared American Waterways Operators's photo.",16,6,0
"118723661514709","Congressman Pete Visclosky","I profoundly appreciate the long-standing dedication of the U.S. Army Corps of Engineers, IDEM, IDNR, the Little Calumet River Basin Development Commission, and nonprofit organizations, as well as private citizens, for their efforts to restore and preserve this invaluable natural resource. The success of their efforts will provide immense benefits to enhance our natural environment, improve the foundation of our quality of place, and grow our economy by retaining and attracting more talented individuals to our region.","2017-04-25T14:22:29+0000","link","http://www.chicagotribune.com/suburbs/post-tribune/news/ct-ptb-hobart-marsh-groundbreaking-st-0426-20170424-story.html","118723661514709_1380808958639500",NA,60,6,7
"118723661514709","Congressman Pete Visclosky","I would like to wish my friend Terry Lynch all the best in his retirement. Terry recently retired from his position as Vice President of the Heat and Frost Insulators International, and he has devoted his life to the interests of men and women in the trades. I am forever grateful for his tireless work to create job opportunities in our economy and his dedication to improving the skills and abilities of our workforce.","2017-04-21T14:58:17+0000","photo","https://www.facebook.com/repvisclosky/photos/a.146113385442403.35596.118723661514709/1376082345778828/?type=3","118723661514709_1376082345778828",NA,50,6,2
"118723661514709","Congressman Pete Visclosky","As steelworkers, their families, and citizens across Northwest Indiana have long known, the strength of our national security is invariably linked to the strength of our domestic steel industry, and that illegal steel imports have been decimating our steel and manufacturing capabilities. I am encouraged by today’s action by the Trump Administration and the Department of Commerce, and I hope that this investigation moves forward as expeditiously as possible for the sake of American steelworkers, the steel industry, and manufacturing.","2017-04-20T20:38:46+0000","link","https://www.washingtonpost.com/news/wonk/wp/2017/04/20/trump-administration-launches-national-security-investigation-into-steel-imports/?utm_term=.58bed67ee3a7","118723661514709_1375137342539995",NA,44,13,9
"118723661514709","Congressman Pete Visclosky","One of the primary functions of government is to ensure the health and safety of all citizens, which allows a viable economy to flourish and create new job opportunities. I appreciate the time and efforts of EPA Administrator Scott Pruitt, Governor Eric Holcomb, Mayor Anthony Copeland, Sen. Joe Donnelly, Sen. Todd Young, Indiana Sen. Lonnie Randolph, and Indiana Rep. Earl Harris, Jr., to see first-hand today the challenges facing the residents of East Chicago and discuss how we can continue to work together to address their immediate health and safety concerns and remedy the underlying environmental issues.","2017-04-19T21:46:39+0000","photo","https://www.facebook.com/repvisclosky/photos/a.146113385442403.35596.118723661514709/1373793709341025/?type=3","118723661514709_1373793709341025",NA,68,8,6
"118723661514709","Congressman Pete Visclosky","I deeply appreciate the outstanding work of Stephen Mays, Bob Heisse, and Chuck Hughes for organizing and participating in last week’s World Civility Day. It was a great reminder that we all must do more to listen and approach the challenges in our world and our region with civility, not just on World Civility Day, but every day. #CivilityCounts","2017-04-19T14:42:15+0000","photo","https://www.facebook.com/repvisclosky/photos/a.146113385442403.35596.118723661514709/1373414112712318/?type=3","118723661514709_1373414112712318",NA,28,1,1
"118723661514709","Congressman Pete Visclosky","Greatly enjoyed the opportunity to tour Allison Transmission's headquarter facilities last week. I thank you for all of your great work to keep our country and our military vehicles moving, and your support for creating jobs and improving our national defense manufacturing base.","2017-04-18T17:29:39+0000","photo","https://www.facebook.com/repvisclosky/photos/a.146113385442403.35596.118723661514709/1372428182810911/?type=3","118723661514709_1372428182810911",NA,50,0,14
"118723661514709","Congressman Pete Visclosky","Honored to attend a celebration for the recently formed State of Indiana National Guard Partnership with the Republic of Niger. This is a great mutually beneficial partnership between our two countries that promotes peace and regional stability in Africa. Included in this photo are MG Courtney Carr, Adjutant General of the Indiana Guard, Gen Joseph Lengyel, Chief of the National Guard Bureau, and Ambassador Hassana Alidou, the Republic of Niger’s Ambassador to the United States.  I am very proud of Indiana’s National Guard and the tremendous leadership they provide for our great nation.","2017-04-17T17:08:42+0000","photo","https://www.facebook.com/repvisclosky/photos/a.146113385442403.35596.118723661514709/1371198909600505/?type=3","118723661514709_1371198909600505",NA,32,0,3
"118723661514709","Congressman Pete Visclosky","This week, I was proud to speak at the 14th Biannual Nuclear Triad and Advanced Conventional Strike Symposium.  I appreciate the great work of all the dedicated people at the Crane Division of the Naval Sea System Command in Indiana to support our national security and our military servicemembers in order to keep our country safe.","2017-04-14T19:14:52+0000","photo","https://www.facebook.com/repvisclosky/photos/a.146113385442403.35596.118723661514709/1368061349914261/?type=3","118723661514709_1368061349914261",NA,30,4,2
"118723661514709","Congressman Pete Visclosky","I am proud to support the Paycheck Fairness Act because women in Northwest Indiana and across our country deserve equal pay for the work they do.","2017-04-05T19:57:31+0000","link","https://www.americanprogress.org/issues/women/news/2017/04/03/429810/value-equal-pay-u-s-economy/","118723661514709_1357919817595081",NA,142,14,11
"118723661514709","Congressman Pete Visclosky","The Congressional Art Competition is a great program that recognizes and celebrates the talent of young artists in Northwest Indiana. I encourage all high school students to participate in this outstanding opportunity.  For additional information please click below.","2017-04-03T16:49:18+0000","link","http://visclosky.house.gov/serving-you/congressional-art-competition","118723661514709_1355591211161275",NA,30,8,18
"118723661514709","Congressman Pete Visclosky","As a Co-Chair of the Congressional Nuclear Security Working Group, I am pleased that we were able to recently host a panel discussion with experts on terrorism and nuclear security to discuss the dangers posed by unsecure nuclear material. We must continue to work to improve the security of nuclear and radiological material around the globe, and I appreciate the willingness and time of the panelists and attendees for being a part of this informative discussion.","2017-03-31T13:41:30+0000","link","http://nuclearsecurityworkinggroup.org/nswg-congressional-nuclear-fellows-highlight-nuclear-terrorism-risk/","118723661514709_1351786874875042",NA,26,5,2
"118723661514709","Congressman Pete Visclosky","It was great to meet this week with Hammond High School JROTC students on the steps of the U.S. Capitol building.  I thank you for your great questions and wish you all the best in your continued studies and service.","2017-03-30T16:55:52+0000","photo","https://www.facebook.com/repvisclosky/photos/a.146113385442403.35596.118723661514709/1350820311638365/?type=3","118723661514709_1350820311638365",NA,76,4,4
"118723661514709","Congressman Pete Visclosky","Starting now:  Congressional Steel Caucus hearing on the state of the steel industry.","2017-03-29T12:11:33+0000","photo","https://www.facebook.com/repvisclosky/photos/a.146113385442403.35596.118723661514709/1349596615094068/?type=3","118723661514709_1349596615094068","Congressman Pete Visclosky at Rayburn House Office Building.",41,3,1
"118723661514709","Congressman Pete Visclosky","You can also read my full statement on the American Health Care Act on my website.","2017-03-24T15:26:15+0000","link","http://visclosky.house.gov/media-center/press-releases/visclosky-speaks-in-opposition-to-the-american-health-care-act","118723661514709_1344662415587488",NA,104,38,6
"118723661514709","Congressman Pete Visclosky","I spoke on the House floor today in strong opposition to the American Health Care Act.  You can watch my full speech here:","2017-03-24T15:12:56+0000","link","https://www.c-span.org/video/?c4663236%2Frep-visclosky-opposes-ahca","118723661514709_1344653278921735",NA,485,119,89
"118723661514709","Congressman Pete Visclosky","I will be speaking on the House floor in opposition to #AHCA shortly.  You can watch it live on C-SPAN.","2017-03-24T13:44:05+0000","link","https://www.c-span.org/","118723661514709_1344572495596480",NA,146,27,16
"118723661514709","Congressman Pete Visclosky","It was great to meet with ArcelorMittal USA Plate Products as part of the Aircraft Carrier Industrial Base Coalition's Action Days.  Steelworkers in Northwest Indiana help make much of the 50,000 tons of American steel that is used in each aircraft carrier.","2017-03-22T20:09:11+0000","photo","https://www.facebook.com/repvisclosky/photos/a.146113385442403.35596.118723661514709/1342789162441480/?type=3","118723661514709_1342789162441480",NA,47,2,9
"118723661514709","Congressman Pete Visclosky","Had a great time recently touring the Edsal Manufacturing – Amazon warehouse in Gary. Appreciate their good work and commitment to recognizing the economic potential of setting up a business facility in Northwest Indiana.","2017-03-13T16:29:10+0000","photo","https://www.facebook.com/repvisclosky/photos/a.146113385442403.35596.118723661514709/1333294173390979/?type=3","118723661514709_1333294173390979",NA,84,8,3
"118723661514709","Congressman Pete Visclosky","I thank Senator Donnelly and Senator Young for supporting companion legislation in the U.S. Senate, and I also thank my Indiana House colleagues and all the Northwest Indiana community leaders and officials for their steadfast support for this initiative that will ultimately attract more visitors and create more economic opportunities in our region.","2017-03-10T16:05:02+0000","link","http://www.nwitimes.com/news/local/govt-and-politics/legislation-introduced-to-make-national-lakeshore-a-national-park/article_4bc57c03-12e6-5f6f-9f7d-e34928e083db.html","118723661514709_1330089667044763",NA,171,14,27
"118723661514709","Congressman Pete Visclosky","I deeply regret that this revised executive order remains fundamentally inconsistent with our country’s value of inclusivity.  This order discriminates against immigrants based on their religion and also prevents extremely vulnerable populations of refugees from entering the United States.  I would add that a rigorous security vetting process is currently in place for immigrants and refugees, and that it typically takes 18 to 24 months to screen and vet each refugee before he or she sets foot on American soil.  We should always look for ways to improve this process for the security of our country, but any changes should apply to all entrants, not just a selected few.  The United States is a nation of immigrants and I am alarmed by the misguided and disorganized attempts of the Administration to implement its policies.  If anyone in Indiana’s First Congressional District has concerns about how this order will impact themselves or their loved ones, please do not hesitate to contact my Merrillville District Office, at 219-795-1844, for assistance.","2017-03-09T19:25:51+0000","link","https://www.washingtonpost.com/world/national-security/new-executive-order-bans-travelers-from-six-muslim-majority-countries-applying-for-visas/2017/03/06/3012a42a-0277-11e7-ad5b-d22680e18d10_story.html?utm_term=.2a1d54eec9eb","118723661514709_1329143157139414",NA,91,25,23
"118723661514709","Congressman Pete Visclosky","I am very concerned about the possible negative consequences this legislation will have on the citizens of Northwest Indiana. As I examine the bill, I will be asking: Will it negatively affect individuals participating in HIP 2.0? Will it effectively drop coverage for individuals now insured through the marketplace? Will it increase premiums for individuals because of pre-existing conditions or age? Will it allow discriminatory practices? I also want to assess the budgetary impact it will have on our nation and the State of Indiana. I believe that the goal of any health care legislation should be to improve the health of individuals and allow for fair and affordable access to health care for all. I will keep these standards in mind as Congress considers any legislation to change the Affordable Care Act.","2017-03-08T19:29:23+0000","link","https://www.nytimes.com/2017/03/06/upshot/gop-health-bill-would-cut-funding-for-poor-and-taxes-on-rich.html?_r=0&referer=https%3A%2F%2Ft.co%2FvhHW6HDgTZ","118723661514709_1327849883935408",NA,52,21,10
"118723661514709","Congressman Pete Visclosky","This Women’s History Month, I encourage you to explore the remarkable legacies and stories of American women at womenshistorymonth.gov, as well as through the National Park Service link below. We must continue to learn from all the women throughout history who have tirelessly fought for equality and contributed to the prosperity of our nation.","2017-03-07T15:25:56+0000","link","https://www.nps.gov/subjects/tellingallamericansstories/womenshistory.htm","118723661514709_1326551537398576",NA,19,0,5
"118723661514709","Congressman Pete Visclosky","I am gravely disappointed to learn that the Administration has not honored their own Buy America requirements. I will continue to do all that I can to fight on behalf of our domestic steel industry and steelworkers, and support strong Buy America requirements for public infrastructure projects that will create American jobs.","2017-03-06T17:12:01+0000","link","http://thehill.com/policy/energy-environment/322154-white-house-keystone-xl-exempt-from-trumps-american-steel-push","118723661514709_1325679090819154",NA,189,57,138
"118723661514709","Congressman Pete Visclosky","Happy Casimir Pulaski Day! I appreciate the invaluable contribution that the Polish people and their heritage and culture provides to our nation and the Northwest Indiana community. I also want to take this opportunity to thank Steve Tokarski and the Polish American Congress – Indiana Division for the recent recognition and your great work to support the interests of Poland and Polish Americans.","2017-03-06T17:09:55+0000","photo","https://www.facebook.com/repvisclosky/photos/a.146113385442403.35596.118723661514709/1325675387486191/?type=3","118723661514709_1325675387486191",NA,68,6,11
"118723661514709","Congressman Pete Visclosky","Testifying this morning before the House Budget Committee in support of transformational investments in our communities.","2017-03-02T15:18:33+0000","video","https://www.facebook.com/repvisclosky/videos/1321876021199461/","118723661514709_1321876021199461","Congressman Pete Visclosky was live — at Longworth House Office Building.",83,34,18
"118723661514709","Congressman Pete Visclosky","It was great to be able to sit down and have a productive discussion with Governor Holcomb and members of the Indiana Congressional delegation yesterday. As we are still in the early days of the 115th Congress and the middle of the Indiana General Assembly session, I look forward to continuing to work with the Governor and my Congressional colleagues to create more job opportunities for Hoosiers and support transformational investments in the economic and transportation infrastructure in Indiana.","2017-02-28T18:24:11+0000","photo","https://www.facebook.com/repvisclosky/photos/a.146113385442403.35596.118723661514709/1320211911365872/?type=3","118723661514709_1320212298032500","Congressman Pete Visclosky added 2 new photos.",68,12,2
"118723661514709","Congressman Pete Visclosky","I am pleased that so many Northwest Indiana residents were able to come together around a table at this budget event, have a serious and civil discussion about our federal budget policies, and then vote and make a decision on how to move forward.  I thank everyone who participated for their sincere interest and appreciate the good work of The Concord Coalition to foster these productive conversations.","2017-02-27T17:41:26+0000","link","http://www.nwitimes.com/news/local/govt-and-politics/region-citizens-take-crack-at-reducing-federal-deficit/article_eae13651-845a-5f3b-9843-f6a61cc4d525.html","118723661514709_1319211048132625",NA,52,5,2
"118723661514709","Congressman Pete Visclosky","Proud to cosponsor this legislation introduced by Rep. Bustos that requires American iron and steel to be used in projects funded through the Drinking Water State Revolving Fund. It is imperative that American taxpayer dollars are used to support workers in American steel and manufacturing communities. I will continue to work with my colleagues to support this legislation and strong Buy America requirements.","2017-02-22T13:00:08+0000","link","https://www.congress.gov/bill/115th-congress/house-bill/939?q=%7B%22search%22%3A%5B%22hr+939%22%5D%7D&r=1","118723661514709_1308689505851446",NA,92,17,12
"118723661514709","Congressman Pete Visclosky","Had a great conversation this month with Nicholas Fortin, a reporter with the Discovery Charter School newspaper. I appreciate your insightful questions and wish you the best with your continued studies and journalism.","2017-02-21T13:00:38+0000","photo","https://www.facebook.com/repvisclosky/photos/a.146113385442403.35596.118723661514709/1308686812518382/?type=3","118723661514709_1308686812518382",NA,145,6,8
"118723661514709","Congressman Pete Visclosky","Pleased to recently meet with Members of the Tajikistan Parliament and the Serbian Parliament and exchange ideas on current events and legislative initiatives. I thank them for their time and commitment to public service, and appreciate the good work of the Open World Leadership Center for coordinating these productive discussions.","2017-02-17T14:39:44+0000","photo","https://www.facebook.com/repvisclosky/photos/a.146113385442403.35596.118723661514709/1308547469198983/?type=3","118723661514709_1308548202532243","Congressman Pete Visclosky added 2 new photos.",52,11,4
"118723661514709","Congressman Pete Visclosky","I was honored to recently receive the U.S. Army’s Distinguished Civilian Service Award from Acting Secretary of the Army Robert Speer. I am committed to supporting our Soldiers and I deeply appreciate the selfless dedication displayed by all of our servicemembers at home and abroad every day.","2017-02-16T17:34:14+0000","photo","https://www.facebook.com/repvisclosky/photos/a.146113385442403.35596.118723661514709/1307515472635516/?type=3","118723661514709_1307515472635516",NA,111,8,15
"118723661514709","Congressman Pete Visclosky","I appreciate the action of Governor Holcomb to recognize the immediate concerns of the individuals and families living in the Calumet neighborhood in East Chicago. I will continue to do my utmost to collaborate with Mayor Copeland and all federal, state, and local stakeholders to quickly address the health and safety issues facing these residents.","2017-02-13T17:39:50+0000","link","http://www.nwitimes.com/news/local/lake/update-governor-declares-disaster-emergency-at-east-chicago-superfund-site/article_83514c45-fba1-5617-bf84-d666e6cc4ce5.html","118723661514709_1304644736255923",NA,147,7,23
"118723661514709","Congressman Pete Visclosky","As we proceed in Black History Month, I encourage everyone to explore the informative historical resources available through the National Endowment for the Humanities website. Though prepared for teachers, these resources provide any individual with educational material to learn more about the struggles, challenges, and achievements of African Americans.","2017-02-06T19:46:20+0000","link","https://edsitement.neh.gov/feature/edsitements-guide-black-history-month-teaching-resources","118723661514709_1298582153528848",NA,46,9,7
"118723661514709","Congressman Pete Visclosky","Please join me for the ""How Would You Balance the Federal Budget?"" event with The Concord Coalition!    The event will take place February 22 at at 6:00 p.m. at Valparaiso University.  Space is limited - Click below for additional details and to RSVP.    There are tremendous challenges and difficult decisions that must be made in order to balance the federal budget. I hope that individuals will be able to take advantage of this unique exercise to weigh the pros and cons of budget decisions and consider how they impact current residents and future generations.","2017-02-03T21:36:26+0000","link","https://visclosky.house.gov/contact-pete/budget-rsvp","118723661514709_1295751053811958",NA,30,20,15
"118723661514709","Congressman Pete Visclosky","Pleased to be able to host a member of the inaugural class of the George Washington University Nuclear Security Working Group  Fellows.  I look forward to the continued good work of the Congressional Nuclear Security Working Group to expand bipartisan collaboration on nuclear security issues.","2017-02-03T17:43:47+0000","link","http://nuclearsecurityworkinggroup.org/inaugural-class-of-gw-congressional-nuclear-security-fellows-selected/","118723661514709_1295597727160624",NA,26,2,1
"118723661514709","Congressman Pete Visclosky","Testifying this morning in support of American steelworkers at the ITC hearing on illegal steel imports from China.","2017-01-31T14:38:20+0000","video","https://www.facebook.com/repvisclosky/videos/1292259294161134/","118723661514709_1292259294161134","Congressman Pete Visclosky was live — at US International Trade Commission.",162,26,25
"118723661514709","Congressman Pete Visclosky","In response to the immediate impact of President Trump’s executive order to ban the entry of individuals from certain countries, should any individual in the First Congressional District of Indiana or any member of their family or loved ones need any assistance or information, do not hesitate to contact our office by clicking below, leaving a comment, or by phone at 219-795-1844.  Please leave your contact information as this will allow our office to be of assistance as soon as possible.","2017-01-29T18:17:16+0000","link","https://visclosky.house.gov/contact-pete","118723661514709_1290313237689073",NA,344,69,191
"118723661514709","Congressman Pete Visclosky",NA,"2017-01-17T14:42:25+0000","photo","https://www.facebook.com/repvisclosky/photos/a.1007378812649185.1073741874.118723661514709/1276961015690962/?type=3","118723661514709_1276961015690962","Congressman Pete Visclosky added a new photo to the album: U.S. Capitol Photos.",105,14,3
"118723661514709","Congressman Pete Visclosky","Honored to be a part of this weekend's Dr. Martin Luther King, Jr. Memorial Breakfast with the Gary Frontiers Service Club.","2017-01-15T18:06:45+0000","photo","https://www.facebook.com/repvisclosky/photos/a.689766954410374.1073741843.118723661514709/1275427205844343/?type=3","118723661514709_1275434719176925","Congressman Pete Visclosky added 5 new photos.",39,4,1
"118723661514709","Congressman Pete Visclosky","I thank members of the Airline Pilots Association for their participation at today's Town Forum in Merrillville.","2017-01-09T20:54:03+0000","photo","https://www.facebook.com/repvisclosky/photos/a.146113385442403.35596.118723661514709/1269909196396144/?type=3","118723661514709_1269909196396144","Congressman Pete Visclosky at Merrillville Branch of the Lake County Public Library.",31,7,6
"118723661514709","Congressman Pete Visclosky","Glad to have a free moment at the Merrillville Town Forum to speak with the Region News Team.","2017-01-09T20:43:40+0000","photo","https://www.facebook.com/repvisclosky/photos/a.146113385442403.35596.118723661514709/1269905273063203/?type=3","118723661514709_1269905273063203","Congressman Pete Visclosky at Merrillville Branch of the Lake County Public Library.",30,4,6
"118723661514709","Congressman Pete Visclosky","Pleased to meet Cub Scouts Pack 550 prior to the start of the Town Forum at the St. John Community Center.","2017-01-08T22:17:57+0000","photo","https://www.facebook.com/repvisclosky/photos/a.146113385442403.35596.118723661514709/1269135243140206/?type=3","118723661514709_1269135243140206","Congressman Pete Visclosky at St John Community Center.",58,0,0
"118723661514709","Congressman Pete Visclosky","There is a good crowd here at the Town Forum in Valparaiso.","2017-01-07T20:15:27+0000","photo","https://www.facebook.com/repvisclosky/photos/a.146113385442403.35596.118723661514709/1268219489898448/?type=3","118723661514709_1268219489898448","Congressman Pete Visclosky at Valparaiso Public Library.",55,3,1
"118723661514709","Congressman Pete Visclosky","Appreciate the great introduction to start off the Town Forum in Portage.","2017-01-07T18:10:29+0000","photo","https://www.facebook.com/repvisclosky/photos/a.146113385442403.35596.118723661514709/1268138406573223/?type=3","118723661514709_1268138406573223","Congressman Pete Visclosky at Portage Public Library.",41,2,0
"118723661514709","Congressman Pete Visclosky","I am deeply saddened to learn of the passing of LaPorte County Recorder Barbara Dean.  I am thankful for her years of dedicated public service and my thoughts and prayers are with her family and loved ones during this difficult time.","2017-01-06T19:49:12+0000","link","http://www.nwitimes.com/news/local/govt-and-politics/laporte-county-recorder-dies/article_82f8f59b-b3d2-5f4c-8fac-0266c9e45cbe.html","118723661514709_1267317243322006",NA,19,1,2
"118723661514709","Congressman Pete Visclosky","I am looking forward to the 2017 Town Forums starting on January 7! I hold these Town Forums in order to hear directly from you about your issues of concern and provide an opportunity for discussion on how I can best serve and represent your interests. I also wish to provide an update and seek feedback on our collective efforts to transform the Northwest Indiana economy and describe the outlook for the progress anticipated during the coming year. Click below to find a Town Forum near you.","2017-01-04T14:44:14+0000","link","http://visclosky.house.gov/media-center/press-releases/visclosky-announces-2017-town-forum-schedule","118723661514709_1265370446850019",NA,61,5,24
"118723661514709","Congressman Pete Visclosky","In 2016, I testified at the International Trade Commission on steel-related trade cases eight times.  As we enter 2017, I will continue to do all that I can to support American steelworkers and ensure that our trade laws are fully enforced.","2017-01-03T20:58:46+0000","photo","https://www.facebook.com/repvisclosky/photos/a.146113385442403.35596.118723661514709/1264802453573485/?type=3","118723661514709_1264802453573485",NA,159,13,9
